# Radial structure factors as a function of 1/2d for paratone-N
# Reformatted from https://bl831.als.lbl.gov/~jamesh/nanoBragg/Paratone-N.stol
# stol [aka sin(theta)/lambda) = 1/2d], F
0.00000000 2.05404000
0.00005000 2.05448000
0.00010001 2.05493000
0.00015002 2.05537000
0.00020002 2.05582000
0.00025003 2.05626000
0.00030003 2.05671000
0.00035004 2.05716000
0.00040004 2.05760000
0.00045004 2.05805000
0.00050005 2.05850000
0.00055006 2.05895000
0.00060006 2.05940000
0.00065007 2.05985000
0.00070007 2.06030000
0.00075008 2.06075000
0.00080008 2.06121000
0.00085008 2.06166000
0.00090009 2.06211000
0.00095009 2.06257000
0.00100010 2.06302000
0.00105011 2.06348000
0.00110011 2.06393000
0.00115012 2.06439000
0.00120012 2.06485000
0.00125013 2.06530000
0.00130013 2.06576000
0.00135014 2.06622000
0.00140014 2.06668000
0.00145015 2.06714000
0.00150015 2.06760000
0.00155016 2.06806000
0.00160016 2.06852000
0.00165017 2.06898000
0.00170017 2.06944000
0.00175018 2.06991000
0.00180018 2.07037000
0.00185019 2.07084000
0.00190019 2.07130000
0.00195020 2.07177000
0.00200020 2.07223000
0.00205021 2.07270000
0.00210021 2.07317000
0.00215022 2.07363000
0.00220022 2.07410000
0.00225023 2.07457000
0.00230023 2.07504000
0.00235024 2.07551000
0.00240024 2.07598000
0.00245025 2.07645000
0.00250025 2.07692000
0.00255026 2.07740000
0.00260026 2.07787000
0.00265027 2.07834000
0.00270027 2.07882000
0.00275028 2.07929000
0.00280028 2.07977000
0.00285029 2.08024000
0.00290029 2.08072000
0.00295030 2.08120000
0.00300030 2.08168000
0.00305031 2.08215000
0.00310031 2.08263000
0.00315032 2.08311000
0.00320032 2.08359000
0.00325033 2.08407000
0.00330033 2.08456000
0.00335034 2.08504000
0.00340034 2.08552000
0.00345035 2.08600000
0.00350035 2.08649000
0.00355036 2.08697000
0.00360036 2.08746000
0.00365037 2.08794000
0.00370037 2.08843000
0.00375038 2.08892000
0.00380038 2.08940000
0.00385039 2.08989000
0.00390039 2.09038000
0.00395040 2.09087000
0.00400040 2.09136000
0.00405041 2.09185000
0.00410041 2.09234000
0.00415042 2.09283000
0.00420042 2.09333000
0.00425043 2.09382000
0.00430043 2.09431000
0.00435044 2.09481000
0.00440044 2.09530000
0.00445045 2.09580000
0.00450045 2.09630000
0.00455046 2.09679000
0.00460046 2.09729000
0.00465047 2.09779000
0.00470047 2.09829000
0.00475048 2.09879000
0.00480048 2.09929000
0.00485049 2.09979000
0.00490049 2.10029000
0.00495050 2.10079000
0.00500050 2.10130000
0.00505051 2.10180000
0.00510051 2.10230000
0.00515052 2.10281000
0.00520052 2.10331000
0.00525053 2.10382000
0.00530053 2.10433000
0.00535054 2.10483000
0.00540054 2.10534000
0.00545055 2.10585000
0.00550055 2.10636000
0.00555056 2.10687000
0.00560056 2.10738000
0.00565057 2.10789000
0.00570057 2.10840000
0.00575058 2.10892000
0.00580058 2.10943000
0.00585059 2.10994000
0.00590059 2.11046000
0.00595060 2.11097000
0.00600060 2.11149000
0.00605061 2.11200000
0.00610061 2.11252000
0.00615062 2.11304000
0.00620062 2.11356000
0.00625063 2.11408000
0.00630063 2.11460000
0.00635064 2.11512000
0.00640064 2.11564000
0.00645065 2.11616000
0.00650065 2.11668000
0.00655066 2.11721000
0.00660066 2.11773000
0.00665067 2.11826000
0.00670067 2.11878000
0.00675068 2.11931000
0.00680068 2.11983000
0.00685069 2.12036000
0.00690069 2.12089000
0.00695070 2.12142000
0.00700070 2.12195000
0.00705071 2.12248000
0.00710071 2.12301000
0.00715072 2.12354000
0.00720072 2.12407000
0.00725073 2.12461000
0.00730073 2.12514000
0.00735074 2.12567000
0.00740074 2.12621000
0.00745075 2.12674000
0.00750075 2.12728000
0.00755076 2.12782000
0.00760076 2.12835000
0.00765077 2.12889000
0.00770077 2.12943000
0.00775078 2.12997000
0.00780078 2.13051000
0.00785079 2.13105000
0.00790079 2.13160000
0.00795080 2.13214000
0.00800080 2.13268000
0.00805081 2.13323000
0.00810081 2.13377000
0.00815082 2.13432000
0.00820082 2.13486000
0.00825083 2.13541000
0.00830083 2.13596000
0.00835084 2.13651000
0.00840084 2.13706000
0.00845085 2.13761000
0.00850085 2.13816000
0.00855086 2.13871000
0.00860086 2.13926000
0.00865087 2.13981000
0.00870087 2.14037000
0.00875088 2.14092000
0.00880088 2.14148000
0.00885089 2.14203000
0.00890089 2.14259000
0.00895090 2.14315000
0.00900090 2.14370000
0.00905091 2.14426000
0.00910091 2.14482000
0.00915092 2.14538000
0.00920092 2.14594000
0.00925093 2.14650000
0.00930093 2.14707000
0.00935094 2.14763000
0.00940094 2.14819000
0.00945095 2.14876000
0.00950095 2.14932000
0.00955096 2.14989000
0.00960096 2.15046000
0.00965097 2.15102000
0.00970097 2.15159000
0.00975098 2.15216000
0.00980098 2.15273000
0.00985099 2.15330000
0.00990099 2.15387000
0.00995100 2.15445000
0.01000100 2.15502000
0.01005100 2.15559000
0.01010100 2.15617000
0.01015100 2.15674000
0.01020100 2.15732000
0.01025100 2.15790000
0.01030100 2.15847000
0.01035100 2.15905000
0.01040100 2.15963000
0.01045100 2.16021000
0.01050110 2.16079000
0.01055110 2.16137000
0.01060110 2.16195000
0.01065110 2.16254000
0.01070110 2.16312000
0.01075110 2.16371000
0.01080110 2.16429000
0.01085110 2.16488000
0.01090110 2.16546000
0.01095110 2.16605000
0.01100110 2.16664000
0.01105110 2.16723000
0.01110110 2.16782000
0.01115110 2.16841000
0.01120110 2.16900000
0.01125110 2.16960000
0.01130110 2.17019000
0.01135110 2.17078000
0.01140110 2.17138000
0.01145110 2.17197000
0.01150120 2.17257000
0.01155120 2.17317000
0.01160120 2.17376000
0.01165120 2.17436000
0.01170120 2.17496000
0.01175120 2.17556000
0.01180120 2.17617000
0.01185120 2.17677000
0.01190120 2.17737000
0.01195120 2.17797000
0.01200120 2.17858000
0.01205120 2.17918000
0.01210120 2.17979000
0.01215120 2.18040000
0.01220120 2.18101000
0.01225120 2.18161000
0.01230120 2.18222000
0.01235120 2.18283000
0.01240120 2.18344000
0.01245120 2.18406000
0.01250130 2.18467000
0.01255130 2.18528000
0.01260130 2.18590000
0.01265130 2.18651000
0.01270130 2.18713000
0.01275130 2.18775000
0.01280130 2.18836000
0.01285130 2.18898000
0.01290130 2.18960000
0.01295130 2.19022000
0.01300130 2.19084000
0.01305130 2.19147000
0.01310130 2.19209000
0.01315130 2.19271000
0.01320130 2.19334000
0.01325130 2.19396000
0.01330130 2.19459000
0.01335130 2.19522000
0.01340130 2.19584000
0.01345130 2.19647000
0.01350140 2.19710000
0.01355140 2.19773000
0.01360140 2.19837000
0.01365140 2.19900000
0.01370140 2.19963000
0.01375140 2.20027000
0.01380140 2.20090000
0.01385140 2.20154000
0.01390140 2.20217000
0.01395140 2.20281000
0.01400140 2.20345000
0.01405140 2.20409000
0.01410140 2.20473000
0.01415140 2.20537000
0.01420140 2.20601000
0.01425140 2.20665000
0.01430140 2.20730000
0.01435140 2.20794000
0.01440140 2.20859000
0.01445140 2.20924000
0.01450150 2.20988000
0.01455150 2.21053000
0.01460150 2.21118000
0.01465150 2.21183000
0.01470150 2.21248000
0.01475150 2.21313000
0.01480150 2.21379000
0.01485150 2.21444000
0.01490150 2.21509000
0.01495150 2.21575000
0.01500150 2.21641000
0.01505150 2.21706000
0.01510150 2.21772000
0.01515150 2.21838000
0.01520150 2.21904000
0.01525150 2.21970000
0.01530150 2.22036000
0.01535150 2.22103000
0.01540150 2.22169000
0.01545150 2.22235000
0.01550160 2.22302000
0.01555160 2.22369000
0.01560160 2.22435000
0.01565160 2.22502000
0.01570160 2.22569000
0.01575160 2.22636000
0.01580160 2.22703000
0.01585160 2.22770000
0.01590160 2.22838000
0.01595160 2.22905000
0.01600160 2.22973000
0.01605160 2.23040000
0.01610160 2.23108000
0.01615160 2.23176000
0.01620160 2.23244000
0.01625160 2.23311000
0.01630160 2.23380000
0.01635160 2.23448000
0.01640160 2.23516000
0.01645160 2.23584000
0.01650170 2.23653000
0.01655170 2.23721000
0.01660170 2.23790000
0.01665170 2.23859000
0.01670170 2.23927000
0.01675170 2.23996000
0.01680170 2.24065000
0.01685170 2.24135000
0.01690170 2.24204000
0.01695170 2.24273000
0.01700170 2.24342000
0.01705170 2.24412000
0.01710170 2.24482000
0.01715170 2.24551000
0.01720170 2.24621000
0.01725170 2.24691000
0.01730170 2.24761000
0.01735170 2.24831000
0.01740170 2.24901000
0.01745170 2.24972000
0.01750180 2.25042000
0.01755180 2.25112000
0.01760180 2.25183000
0.01765180 2.25254000
0.01770180 2.25325000
0.01775180 2.25395000
0.01780180 2.25466000
0.01785180 2.25538000
0.01790180 2.25609000
0.01795180 2.25680000
0.01800180 2.25751000
0.01805180 2.25823000
0.01810180 2.25895000
0.01815180 2.25966000
0.01820180 2.26038000
0.01825180 2.26110000
0.01830180 2.26182000
0.01835180 2.26254000
0.01840180 2.26326000
0.01845180 2.26399000
0.01850190 2.26471000
0.01855190 2.26544000
0.01860190 2.26616000
0.01865190 2.26689000
0.01870190 2.26762000
0.01875190 2.26835000
0.01880190 2.26908000
0.01885190 2.26981000
0.01890190 2.27054000
0.01895190 2.27128000
0.01900190 2.27201000
0.01905190 2.27275000
0.01910190 2.27348000
0.01915190 2.27422000
0.01920190 2.27496000
0.01925190 2.27570000
0.01930190 2.27644000
0.01935190 2.27718000
0.01940190 2.27792000
0.01945190 2.27867000
0.01950200 2.27941000
0.01955200 2.28016000
0.01960200 2.28091000
0.01965200 2.28166000
0.01970200 2.28241000
0.01975200 2.28316000
0.01980200 2.28391000
0.01985200 2.28466000
0.01990200 2.28542000
0.01995200 2.28617000
0.02000200 2.28693000
0.02005200 2.28768000
0.02010200 2.28844000
0.02015200 2.28920000
0.02020200 2.28996000
0.02025200 2.29072000
0.02030200 2.29149000
0.02035200 2.29225000
0.02040200 2.29301000
0.02045200 2.29378000
0.02050210 2.29455000
0.02055210 2.29532000
0.02060210 2.29608000
0.02065210 2.29686000
0.02070210 2.29763000
0.02075210 2.29840000
0.02080210 2.29917000
0.02085210 2.29995000
0.02090210 2.30072000
0.02095210 2.30150000
0.02100210 2.30228000
0.02105210 2.30306000
0.02110210 2.30384000
0.02115210 2.30462000
0.02120210 2.30540000
0.02125210 2.30619000
0.02130210 2.30697000
0.02135210 2.30776000
0.02140210 2.30855000
0.02145210 2.30934000
0.02150220 2.31013000
0.02155220 2.31092000
0.02160220 2.31171000
0.02165220 2.31250000
0.02170220 2.31330000
0.02175220 2.31409000
0.02180220 2.31489000
0.02185220 2.31569000
0.02190220 2.31649000
0.02195220 2.31729000
0.02200220 2.31809000
0.02205220 2.31889000
0.02210220 2.31969000
0.02215220 2.32050000
0.02220220 2.32130000
0.02225220 2.32211000
0.02230220 2.32292000
0.02235220 2.32373000
0.02240220 2.32454000
0.02245220 2.32535000
0.02250230 2.32617000
0.02255230 2.32698000
0.02260230 2.32780000
0.02265230 2.32861000
0.02270230 2.32943000
0.02275230 2.33025000
0.02280230 2.33107000
0.02285230 2.33189000
0.02290230 2.33271000
0.02295230 2.33354000
0.02300230 2.33436000
0.02305230 2.33519000
0.02310230 2.33602000
0.02315230 2.33685000
0.02320230 2.33768000
0.02325230 2.33851000
0.02330230 2.33934000
0.02335230 2.34018000
0.02340230 2.34101000
0.02345230 2.34185000
0.02350240 2.34268000
0.02355240 2.34352000
0.02360240 2.34436000
0.02365240 2.34521000
0.02370240 2.34605000
0.02375240 2.34689000
0.02380240 2.34774000
0.02385240 2.34858000
0.02390240 2.34943000
0.02395240 2.35028000
0.02400240 2.35113000
0.02405240 2.35198000
0.02410240 2.35283000
0.02415240 2.35369000
0.02420240 2.35454000
0.02425240 2.35540000
0.02430240 2.35626000
0.02435240 2.35712000
0.02440240 2.35798000
0.02445240 2.35884000
0.02450250 2.35970000
0.02455250 2.36057000
0.02460250 2.36143000
0.02465250 2.36230000
0.02470250 2.36317000
0.02475250 2.36404000
0.02480250 2.36491000
0.02485250 2.36578000
0.02490250 2.36665000
0.02495250 2.36753000
0.02500250 2.36840000
0.02505250 2.36928000
0.02510250 2.37016000
0.02515250 2.37104000
0.02520250 2.37192000
0.02525250 2.37280000
0.02530250 2.37369000
0.02535250 2.37457000
0.02540250 2.37546000
0.02545250 2.37635000
0.02550260 2.37724000
0.02555260 2.37813000
0.02560260 2.37902000
0.02565260 2.37991000
0.02570260 2.38081000
0.02575260 2.38170000
0.02580260 2.38260000
0.02585260 2.38350000
0.02590260 2.38440000
0.02595260 2.38530000
0.02600260 2.38620000
0.02605260 2.38711000
0.02610260 2.38801000
0.02615260 2.38892000
0.02620260 2.38983000
0.02625260 2.39074000
0.02630260 2.39165000
0.02635260 2.39256000
0.02640260 2.39348000
0.02645260 2.39439000
0.02650270 2.39531000
0.02655270 2.39623000
0.02660270 2.39715000
0.02665270 2.39807000
0.02670270 2.39899000
0.02675270 2.39991000
0.02680270 2.40084000
0.02685270 2.40176000
0.02690270 2.40269000
0.02695270 2.40362000
0.02700270 2.40455000
0.02705270 2.40548000
0.02710270 2.40642000
0.02715270 2.40735000
0.02720270 2.40829000
0.02725270 2.40923000
0.02730270 2.41017000
0.02735270 2.41111000
0.02740270 2.41205000
0.02745270 2.41299000
0.02750280 2.41394000
0.02755280 2.41488000
0.02760280 2.41583000
0.02765280 2.41678000
0.02770280 2.41773000
0.02775280 2.41869000
0.02780280 2.41964000
0.02785280 2.42059000
0.02790280 2.42155000
0.02795280 2.42251000
0.02800280 2.42347000
0.02805280 2.42443000
0.02810280 2.42539000
0.02815280 2.42636000
0.02820280 2.42732000
0.02825280 2.42829000
0.02830280 2.42926000
0.02835280 2.43023000
0.02840280 2.43120000
0.02845280 2.43217000
0.02850290 2.43315000
0.02855290 2.43412000
0.02860290 2.43510000
0.02865290 2.43608000
0.02870290 2.43706000
0.02875290 2.43804000
0.02880290 2.43903000
0.02885290 2.44001000
0.02890290 2.44100000
0.02895290 2.44199000
0.02900290 2.44298000
0.02905290 2.44397000
0.02910290 2.44496000
0.02915290 2.44596000
0.02920290 2.44695000
0.02925290 2.44795000
0.02930290 2.44895000
0.02935290 2.44995000
0.02940290 2.45095000
0.02945290 2.45196000
0.02950300 2.45296000
0.02955300 2.45397000
0.02960300 2.45498000
0.02965300 2.45599000
0.02970300 2.45700000
0.02975300 2.45801000
0.02980300 2.45903000
0.02985300 2.46004000
0.02990300 2.46106000
0.02995300 2.46208000
0.03000300 2.46310000
0.03005300 2.46412000
0.03010300 2.46515000
0.03015300 2.46618000
0.03020300 2.46720000
0.03025300 2.46823000
0.03030300 2.46926000
0.03035300 2.47030000
0.03040300 2.47133000
0.03045300 2.47237000
0.03050310 2.47340000
0.03055310 2.47444000
0.03060310 2.47548000
0.03065310 2.47652000
0.03070310 2.47757000
0.03075310 2.47861000
0.03080310 2.47966000
0.03085310 2.48071000
0.03090310 2.48176000
0.03095310 2.48281000
0.03100310 2.48387000
0.03105310 2.48492000
0.03110310 2.48598000
0.03115310 2.48704000
0.03120310 2.48810000
0.03125310 2.48916000
0.03130310 2.49022000
0.03135310 2.49129000
0.03140310 2.49236000
0.03145310 2.49343000
0.03150320 2.49450000
0.03155320 2.49557000
0.03160320 2.49664000
0.03165320 2.49772000
0.03170320 2.49880000
0.03175320 2.49987000
0.03180320 2.50096000
0.03185320 2.50204000
0.03190320 2.50312000
0.03195320 2.50421000
0.03200320 2.50530000
0.03205320 2.50638000
0.03210320 2.50748000
0.03215320 2.50857000
0.03220320 2.50966000
0.03225320 2.51076000
0.03230320 2.51186000
0.03235320 2.51296000
0.03240320 2.51406000
0.03245320 2.51516000
0.03250330 2.51627000
0.03255330 2.51738000
0.03260330 2.51848000
0.03265330 2.51959000
0.03270330 2.52071000
0.03275330 2.52182000
0.03280330 2.52294000
0.03285330 2.52405000
0.03290330 2.52517000
0.03295330 2.52629000
0.03300330 2.52742000
0.03305330 2.52854000
0.03310330 2.52967000
0.03315330 2.53080000
0.03320330 2.53193000
0.03325330 2.53306000
0.03330330 2.53419000
0.03335330 2.53533000
0.03340330 2.53647000
0.03345330 2.53761000
0.03350340 2.53875000
0.03355340 2.53989000
0.03360340 2.54103000
0.03365340 2.54218000
0.03370340 2.54333000
0.03375340 2.54448000
0.03380340 2.54563000
0.03385340 2.54679000
0.03390340 2.54794000
0.03395340 2.54910000
0.03400340 2.55026000
0.03405340 2.55142000
0.03410340 2.55258000
0.03415340 2.55375000
0.03420340 2.55492000
0.03425340 2.55609000
0.03430340 2.55726000
0.03435340 2.55843000
0.03440340 2.55961000
0.03445340 2.56078000
0.03450350 2.56196000
0.03455350 2.56314000
0.03460350 2.56432000
0.03465350 2.56551000
0.03470350 2.56669000
0.03475350 2.56788000
0.03480350 2.56907000
0.03485350 2.57026000
0.03490350 2.57146000
0.03495350 2.57265000
0.03500350 2.57385000
0.03505350 2.57505000
0.03510350 2.57625000
0.03515350 2.57746000
0.03520350 2.57866000
0.03525350 2.57987000
0.03530350 2.58108000
0.03535350 2.58229000
0.03540350 2.58351000
0.03545350 2.58472000
0.03550360 2.58594000
0.03555360 2.58716000
0.03560360 2.58838000
0.03565360 2.58960000
0.03570360 2.59083000
0.03575360 2.59206000
0.03580360 2.59329000
0.03585360 2.59452000
0.03590360 2.59575000
0.03595360 2.59699000
0.03600360 2.59823000
0.03605360 2.59947000
0.03610360 2.60071000
0.03615360 2.60195000
0.03620360 2.60320000
0.03625360 2.60445000
0.03630360 2.60570000
0.03635360 2.60695000
0.03640360 2.60820000
0.03645360 2.60946000
0.03650370 2.61072000
0.03655370 2.61198000
0.03660370 2.61324000
0.03665370 2.61450000
0.03670370 2.61577000
0.03675370 2.61704000
0.03680370 2.61831000
0.03685370 2.61958000
0.03690370 2.62086000
0.03695370 2.62213000
0.03700370 2.62341000
0.03705370 2.62469000
0.03710370 2.62598000
0.03715370 2.62726000
0.03720370 2.62855000
0.03725370 2.62984000
0.03730370 2.63113000
0.03735370 2.63243000
0.03740370 2.63372000
0.03745370 2.63502000
0.03750380 2.63632000
0.03755380 2.63762000
0.03760380 2.63893000
0.03765380 2.64024000
0.03770380 2.64155000
0.03775380 2.64286000
0.03780380 2.64417000
0.03785380 2.64549000
0.03790380 2.64680000
0.03795380 2.64812000
0.03800380 2.64945000
0.03805380 2.65077000
0.03810380 2.65210000
0.03815380 2.65343000
0.03820380 2.65476000
0.03825380 2.65609000
0.03830380 2.65743000
0.03835380 2.65877000
0.03840380 2.66011000
0.03845380 2.66145000
0.03850390 2.66279000
0.03855390 2.66414000
0.03860390 2.66549000
0.03865390 2.66684000
0.03870390 2.66819000
0.03875390 2.66955000
0.03880390 2.67091000
0.03885390 2.67227000
0.03890390 2.67363000
0.03895390 2.67500000
0.03900390 2.67636000
0.03905390 2.67773000
0.03910390 2.67910000
0.03915390 2.68048000
0.03920390 2.68186000
0.03925390 2.68323000
0.03930390 2.68462000
0.03935390 2.68600000
0.03940390 2.68738000
0.03945390 2.68877000
0.03950400 2.69016000
0.03955400 2.69156000
0.03960400 2.69295000
0.03965400 2.69435000
0.03970400 2.69575000
0.03975400 2.69715000
0.03980400 2.69856000
0.03985400 2.69996000
0.03990400 2.70137000
0.03995400 2.70278000
0.04000400 2.70420000
0.04005400 2.70562000
0.04010400 2.70703000
0.04015400 2.70846000
0.04020400 2.70988000
0.04025400 2.71131000
0.04030400 2.71273000
0.04035400 2.71417000
0.04040400 2.71560000
0.04045400 2.71703000
0.04050410 2.71847000
0.04055410 2.71991000
0.04060410 2.72136000
0.04065410 2.72280000
0.04070410 2.72425000
0.04075410 2.72570000
0.04080410 2.72715000
0.04085410 2.72861000
0.04090410 2.73007000
0.04095410 2.73153000
0.04100410 2.73299000
0.04105410 2.73446000
0.04110410 2.73593000
0.04115410 2.73740000
0.04120410 2.73887000
0.04125410 2.74034000
0.04130410 2.74182000
0.04135410 2.74330000
0.04140410 2.74479000
0.04145410 2.74627000
0.04150420 2.74776000
0.04155420 2.74925000
0.04160420 2.75074000
0.04165420 2.75224000
0.04170420 2.75374000
0.04175420 2.75524000
0.04180420 2.75674000
0.04185420 2.75825000
0.04190420 2.75976000
0.04195420 2.76127000
0.04200420 2.76278000
0.04205420 2.76430000
0.04210420 2.76582000
0.04215420 2.76734000
0.04220420 2.76887000
0.04225420 2.77039000
0.04230420 2.77192000
0.04235420 2.77345000
0.04240420 2.77499000
0.04245420 2.77653000
0.04250430 2.77807000
0.04255430 2.77961000
0.04260430 2.78116000
0.04265430 2.78270000
0.04270430 2.78425000
0.04275430 2.78581000
0.04280430 2.78736000
0.04285430 2.78892000
0.04290430 2.79048000
0.04295430 2.79205000
0.04300430 2.79362000
0.04305430 2.79519000
0.04310430 2.79676000
0.04315430 2.79833000
0.04320430 2.79991000
0.04325430 2.80149000
0.04330430 2.80307000
0.04335430 2.80466000
0.04340430 2.80625000
0.04345430 2.80784000
0.04350440 2.80944000
0.04355440 2.81103000
0.04360440 2.81263000
0.04365440 2.81424000
0.04370440 2.81584000
0.04375440 2.81745000
0.04380440 2.81906000
0.04385440 2.82067000
0.04390440 2.82229000
0.04395440 2.82391000
0.04400440 2.82553000
0.04405440 2.82716000
0.04410440 2.82879000
0.04415440 2.83042000
0.04420440 2.83205000
0.04425440 2.83369000
0.04430440 2.83533000
0.04435440 2.83697000
0.04440440 2.83861000
0.04445440 2.84026000
0.04450450 2.84191000
0.04455450 2.84357000
0.04460450 2.84522000
0.04465450 2.84688000
0.04470450 2.84854000
0.04475450 2.85021000
0.04480450 2.85188000
0.04485450 2.85355000
0.04490450 2.85522000
0.04495450 2.85690000
0.04500450 2.85858000
0.04505450 2.86026000
0.04510450 2.86195000
0.04515450 2.86364000
0.04520450 2.86533000
0.04525450 2.86702000
0.04530450 2.86872000
0.04535450 2.87042000
0.04540450 2.87213000
0.04545450 2.87383000
0.04550460 2.87554000
0.04555460 2.87725000
0.04560460 2.87897000
0.04565460 2.88069000
0.04570460 2.88241000
0.04575460 2.88414000
0.04580460 2.88586000
0.04585460 2.88759000
0.04590460 2.88933000
0.04595460 2.89107000
0.04600460 2.89281000
0.04605460 2.89455000
0.04610460 2.89629000
0.04615460 2.89804000
0.04620460 2.89980000
0.04625460 2.90155000
0.04630460 2.90331000
0.04635460 2.90507000
0.04640460 2.90684000
0.04645460 2.90860000
0.04650470 2.91038000
0.04655470 2.91215000
0.04660470 2.91393000
0.04665470 2.91571000
0.04670470 2.91749000
0.04675470 2.91928000
0.04680470 2.92107000
0.04685470 2.92286000
0.04690470 2.92466000
0.04695470 2.92646000
0.04700470 2.92826000
0.04705470 2.93007000
0.04710470 2.93188000
0.04715470 2.93369000
0.04720470 2.93550000
0.04725470 2.93732000
0.04730470 2.93914000
0.04735470 2.94097000
0.04740470 2.94280000
0.04745470 2.94463000
0.04750480 2.94646000
0.04755480 2.94830000
0.04760480 2.95014000
0.04765480 2.95199000
0.04770480 2.95384000
0.04775480 2.95569000
0.04780480 2.95754000
0.04785480 2.95940000
0.04790480 2.96126000
0.04795480 2.96313000
0.04800480 2.96500000
0.04805480 2.96687000
0.04810480 2.96874000
0.04815480 2.97062000
0.04820480 2.97250000
0.04825480 2.97439000
0.04830480 2.97628000
0.04835480 2.97817000
0.04840480 2.98006000
0.04845480 2.98196000
0.04850490 2.98386000
0.04855490 2.98577000
0.04860490 2.98768000
0.04865490 2.98959000
0.04870490 2.99150000
0.04875490 2.99342000
0.04880490 2.99534000
0.04885490 2.99727000
0.04890490 2.99920000
0.04895490 3.00113000
0.04900490 3.00307000
0.04905490 3.00501000
0.04910490 3.00695000
0.04915490 3.00890000
0.04920490 3.01085000
0.04925490 3.01280000
0.04930490 3.01476000
0.04935490 3.01672000
0.04940490 3.01868000
0.04945490 3.02065000
0.04950500 3.02262000
0.04955500 3.02460000
0.04960500 3.02658000
0.04965500 3.02856000
0.04970500 3.03054000
0.04975500 3.03253000
0.04980500 3.03453000
0.04985500 3.03652000
0.04990500 3.03852000
0.04995500 3.04053000
0.05000500 3.04253000
0.05005500 3.04454000
0.05010500 3.04656000
0.05015500 3.04858000
0.05020500 3.05060000
0.05025500 3.05262000
0.05030500 3.05465000
0.05035500 3.05669000
0.05040500 3.05872000
0.05045500 3.06076000
0.05050510 3.06281000
0.05055510 3.06485000
0.05060510 3.06690000
0.05065510 3.06896000
0.05070510 3.07102000
0.05075510 3.07308000
0.05080510 3.07515000
0.05085510 3.07722000
0.05090510 3.07929000
0.05095510 3.08137000
0.05100510 3.08345000
0.05105510 3.08553000
0.05110510 3.08762000
0.05115510 3.08972000
0.05120510 3.09181000
0.05125510 3.09391000
0.05130510 3.09602000
0.05135510 3.09812000
0.05140510 3.10024000
0.05145510 3.10235000
0.05150520 3.10447000
0.05155520 3.10659000
0.05160520 3.10872000
0.05165520 3.11085000
0.05170520 3.11299000
0.05175520 3.11513000
0.05180520 3.11727000
0.05185520 3.11941000
0.05190520 3.12157000
0.05195520 3.12372000
0.05200520 3.12588000
0.05205520 3.12804000
0.05210520 3.13021000
0.05215520 3.13238000
0.05220520 3.13455000
0.05225520 3.13673000
0.05230520 3.13891000
0.05235520 3.14110000
0.05240520 3.14329000
0.05245520 3.14548000
0.05250530 3.14768000
0.05255530 3.14988000
0.05260530 3.15209000
0.05265530 3.15430000
0.05270530 3.15651000
0.05275530 3.15873000
0.05280530 3.16095000
0.05285530 3.16318000
0.05290530 3.16541000
0.05295530 3.16765000
0.05300530 3.16988000
0.05305530 3.17213000
0.05310530 3.17437000
0.05315530 3.17662000
0.05320530 3.17888000
0.05325530 3.18114000
0.05330530 3.18340000
0.05335530 3.18567000
0.05340530 3.18794000
0.05345530 3.19022000
0.05350540 3.19250000
0.05355540 3.19478000
0.05360540 3.19707000
0.05365540 3.19936000
0.05370540 3.20166000
0.05375540 3.20396000
0.05380540 3.20627000
0.05385540 3.20858000
0.05390540 3.21089000
0.05395540 3.21321000
0.05400540 3.21553000
0.05405540 3.21786000
0.05410540 3.22019000
0.05415540 3.22253000
0.05420540 3.22487000
0.05425540 3.22721000
0.05430540 3.22956000
0.05435540 3.23191000
0.05440540 3.23427000
0.05445540 3.23663000
0.05450550 3.23899000
0.05455550 3.24136000
0.05460550 3.24374000
0.05465550 3.24612000
0.05470550 3.24850000
0.05475550 3.25089000
0.05480550 3.25328000
0.05485550 3.25568000
0.05490550 3.25808000
0.05495550 3.26048000
0.05500550 3.26289000
0.05505550 3.26531000
0.05510550 3.26773000
0.05515550 3.27015000
0.05520550 3.27258000
0.05525550 3.27501000
0.05530550 3.27744000
0.05535550 3.27989000
0.05540550 3.28233000
0.05545550 3.28478000
0.05550560 3.28724000
0.05555560 3.28970000
0.05560560 3.29216000
0.05565560 3.29463000
0.05570560 3.29710000
0.05575560 3.29958000
0.05580560 3.30206000
0.05585560 3.30455000
0.05590560 3.30704000
0.05595560 3.30953000
0.05600560 3.31203000
0.05605560 3.31454000
0.05610560 3.31705000
0.05615560 3.31956000
0.05620560 3.32208000
0.05625560 3.32461000
0.05630560 3.32713000
0.05635560 3.32967000
0.05640560 3.33221000
0.05645560 3.33475000
0.05650570 3.33730000
0.05655570 3.33985000
0.05660570 3.34240000
0.05665570 3.34497000
0.05670570 3.34753000
0.05675570 3.35010000
0.05680570 3.35268000
0.05685570 3.35526000
0.05690570 3.35784000
0.05695570 3.36043000
0.05700570 3.36303000
0.05705570 3.36563000
0.05710570 3.36823000
0.05715570 3.37084000
0.05720570 3.37346000
0.05725570 3.37608000
0.05730570 3.37870000
0.05735570 3.38133000
0.05740570 3.38396000
0.05745570 3.38660000
0.05750580 3.38925000
0.05755580 3.39189000
0.05760580 3.39455000
0.05765580 3.39721000
0.05770580 3.39987000
0.05775580 3.40254000
0.05780580 3.40521000
0.05785580 3.40789000
0.05790580 3.41057000
0.05795580 3.41326000
0.05800580 3.41595000
0.05805580 3.41865000
0.05810580 3.42136000
0.05815580 3.42406000
0.05820580 3.42678000
0.05825580 3.42950000
0.05830580 3.43222000
0.05835580 3.43495000
0.05840580 3.43768000
0.05845580 3.44042000
0.05850590 3.44316000
0.05855590 3.44591000
0.05860590 3.44867000
0.05865590 3.45143000
0.05870590 3.45419000
0.05875590 3.45696000
0.05880590 3.45973000
0.05885590 3.46251000
0.05890590 3.46530000
0.05895590 3.46809000
0.05900590 3.47088000
0.05905590 3.47368000
0.05910590 3.47649000
0.05915590 3.47930000
0.05920590 3.48212000
0.05925590 3.48494000
0.05930590 3.48777000
0.05935590 3.49060000
0.05940590 3.49343000
0.05945590 3.49628000
0.05950600 3.49913000
0.05955600 3.50198000
0.05960600 3.50484000
0.05965600 3.50770000
0.05970600 3.51057000
0.05975600 3.51344000
0.05980600 3.51632000
0.05985600 3.51921000
0.05990600 3.52210000
0.05995600 3.52500000
0.06000600 3.52790000
0.06005600 3.53080000
0.06010600 3.53372000
0.06015600 3.53663000
0.06020600 3.53956000
0.06025600 3.54249000
0.06030600 3.54542000
0.06035600 3.54836000
0.06040600 3.55130000
0.06045600 3.55426000
0.06050610 3.55721000
0.06055610 3.56017000
0.06060610 3.56314000
0.06065610 3.56611000
0.06070610 3.56909000
0.06075610 3.57207000
0.06080610 3.57506000
0.06085610 3.57806000
0.06090610 3.58106000
0.06095610 3.58406000
0.06100610 3.58708000
0.06105610 3.59009000
0.06110610 3.59311000
0.06115610 3.59614000
0.06120610 3.59918000
0.06125610 3.60222000
0.06130610 3.60526000
0.06135610 3.60831000
0.06140610 3.61137000
0.06145610 3.61443000
0.06150620 3.61750000
0.06155620 3.62057000
0.06160620 3.62365000
0.06165620 3.62674000
0.06170620 3.62983000
0.06175620 3.63293000
0.06180620 3.63603000
0.06185620 3.63914000
0.06190620 3.64225000
0.06195620 3.64537000
0.06200620 3.64850000
0.06205620 3.65163000
0.06210620 3.65477000
0.06215620 3.65791000
0.06220620 3.66106000
0.06225620 3.66421000
0.06230620 3.66737000
0.06235620 3.67054000
0.06240620 3.67371000
0.06245620 3.67689000
0.06250630 3.68007000
0.06255630 3.68326000
0.06260630 3.68646000
0.06265630 3.68966000
0.06270630 3.69287000
0.06275630 3.69608000
0.06280630 3.69930000
0.06285630 3.70253000
0.06290630 3.70576000
0.06295630 3.70900000
0.06300630 3.71224000
0.06305630 3.71549000
0.06310630 3.71875000
0.06315630 3.72201000
0.06320630 3.72528000
0.06325630 3.72855000
0.06330630 3.73183000
0.06335630 3.73512000
0.06340630 3.73841000
0.06345630 3.74171000
0.06350640 3.74501000
0.06355640 3.74832000
0.06360640 3.75164000
0.06365640 3.75496000
0.06370640 3.75829000
0.06375640 3.76163000
0.06380640 3.76497000
0.06385640 3.76832000
0.06390640 3.77167000
0.06395640 3.77503000
0.06400640 3.77840000
0.06405640 3.78177000
0.06410640 3.78515000
0.06415640 3.78853000
0.06420640 3.79192000
0.06425640 3.79532000
0.06430640 3.79872000
0.06435640 3.80213000
0.06440640 3.80555000
0.06445640 3.80897000
0.06450650 3.81240000
0.06455650 3.81584000
0.06460650 3.81928000
0.06465650 3.82273000
0.06470650 3.82618000
0.06475650 3.82964000
0.06480650 3.83311000
0.06485650 3.83658000
0.06490650 3.84006000
0.06495650 3.84355000
0.06500650 3.84704000
0.06505650 3.85054000
0.06510650 3.85404000
0.06515650 3.85755000
0.06520650 3.86107000
0.06525650 3.86460000
0.06530650 3.86813000
0.06535650 3.87167000
0.06540650 3.87521000
0.06545650 3.87876000
0.06550660 3.88232000
0.06555660 3.88588000
0.06560660 3.88945000
0.06565660 3.89303000
0.06570660 3.89661000
0.06575660 3.90020000
0.06580660 3.90380000
0.06585660 3.90740000
0.06590660 3.91101000
0.06595660 3.91463000
0.06600660 3.91825000
0.06605660 3.92188000
0.06610660 3.92551000
0.06615660 3.92916000
0.06620660 3.93280000
0.06625660 3.93646000
0.06630660 3.94012000
0.06635660 3.94379000
0.06640660 3.94747000
0.06645660 3.95115000
0.06650670 3.95484000
0.06655670 3.95854000
0.06660670 3.96224000
0.06665670 3.96595000
0.06670670 3.96966000
0.06675670 3.97339000
0.06680670 3.97712000
0.06685670 3.98085000
0.06690670 3.98460000
0.06695670 3.98835000
0.06700670 3.99210000
0.06705670 3.99587000
0.06710670 3.99964000
0.06715670 4.00341000
0.06720670 4.00720000
0.06725670 4.01099000
0.06730670 4.01479000
0.06735670 4.01859000
0.06740670 4.02240000
0.06745670 4.02622000
0.06750680 4.03005000
0.06755680 4.03388000
0.06760680 4.03772000
0.06765680 4.04156000
0.06770680 4.04542000
0.06775680 4.04928000
0.06780680 4.05314000
0.06785680 4.05702000
0.06790680 4.06090000
0.06795680 4.06478000
0.06800680 4.06868000
0.06805680 4.07258000
0.06810680 4.07649000
0.06815680 4.08040000
0.06820680 4.08433000
0.06825680 4.08826000
0.06830680 4.09219000
0.06835680 4.09614000
0.06840680 4.10009000
0.06845680 4.10404000
0.06850690 4.10801000
0.06855690 4.11198000
0.06860690 4.11596000
0.06865690 4.11994000
0.06870690 4.12394000
0.06875690 4.12794000
0.06880690 4.13194000
0.06885690 4.13596000
0.06890690 4.13998000
0.06895690 4.14401000
0.06900690 4.14804000
0.06905690 4.15209000
0.06910690 4.15614000
0.06915690 4.16019000
0.06920690 4.16426000
0.06925690 4.16833000
0.06930690 4.17241000
0.06935690 4.17649000
0.06940690 4.18059000
0.06945690 4.18469000
0.06950700 4.18879000
0.06955700 4.19291000
0.06960700 4.19703000
0.06965700 4.20116000
0.06970700 4.20530000
0.06975700 4.20944000
0.06980700 4.21359000
0.06985700 4.21775000
0.06990700 4.22191000
0.06995700 4.22609000
0.07000700 4.23027000
0.07005700 4.23445000
0.07010700 4.23865000
0.07015700 4.24285000
0.07020700 4.24706000
0.07025700 4.25127000
0.07030700 4.25550000
0.07035700 4.25973000
0.07040700 4.26397000
0.07045700 4.26821000
0.07050710 4.27247000
0.07055710 4.27673000
0.07060710 4.28099000
0.07065710 4.28527000
0.07070710 4.28955000
0.07075710 4.29384000
0.07080710 4.29814000
0.07085710 4.30244000
0.07090710 4.30675000
0.07095710 4.31107000
0.07100710 4.31540000
0.07105710 4.31973000
0.07110710 4.32408000
0.07115710 4.32843000
0.07120710 4.33278000
0.07125710 4.33715000
0.07130710 4.34152000
0.07135710 4.34590000
0.07140710 4.35028000
0.07145710 4.35468000
0.07150720 4.35908000
0.07155720 4.36348000
0.07160720 4.36790000
0.07165720 4.37232000
0.07170720 4.37676000
0.07175720 4.38119000
0.07180720 4.38564000
0.07185720 4.39009000
0.07190720 4.39455000
0.07195720 4.39902000
0.07200720 4.40350000
0.07205720 4.40798000
0.07210720 4.41247000
0.07215720 4.41697000
0.07220720 4.42148000
0.07225720 4.42599000
0.07230720 4.43051000
0.07235720 4.43504000
0.07240720 4.43958000
0.07245720 4.44412000
0.07250730 4.44867000
0.07255730 4.45323000
0.07260730 4.45780000
0.07265730 4.46237000
0.07270730 4.46695000
0.07275730 4.47154000
0.07280730 4.47614000
0.07285730 4.48074000
0.07290730 4.48535000
0.07295730 4.48997000
0.07300730 4.49460000
0.07305730 4.49923000
0.07310730 4.50387000
0.07315730 4.50852000
0.07320730 4.51318000
0.07325730 4.51784000
0.07330730 4.52252000
0.07335730 4.52719000
0.07340730 4.53188000
0.07345730 4.53658000
0.07350740 4.54128000
0.07355740 4.54599000
0.07360740 4.55071000
0.07365740 4.55543000
0.07370740 4.56016000
0.07375740 4.56490000
0.07380740 4.56965000
0.07385740 4.57441000
0.07390740 4.57917000
0.07395740 4.58394000
0.07400740 4.58872000
0.07405740 4.59351000
0.07410740 4.59830000
0.07415740 4.60310000
0.07420740 4.60791000
0.07425740 4.61273000
0.07430740 4.61755000
0.07435740 4.62238000
0.07440740 4.62722000
0.07445740 4.63207000
0.07450750 4.63692000
0.07455750 4.64178000
0.07460750 4.64665000
0.07465750 4.65153000
0.07470750 4.65641000
0.07475750 4.66130000
0.07480750 4.66620000
0.07485750 4.67111000
0.07490750 4.67603000
0.07495750 4.68095000
0.07500750 4.68588000
0.07505750 4.69082000
0.07510750 4.69576000
0.07515750 4.70071000
0.07520750 4.70567000
0.07525750 4.71064000
0.07530750 4.71562000
0.07535750 4.72060000
0.07540750 4.72559000
0.07545750 4.73059000
0.07550760 4.73559000
0.07555760 4.74061000
0.07560760 4.74563000
0.07565760 4.75066000
0.07570760 4.75569000
0.07575760 4.76073000
0.07580760 4.76578000
0.07585760 4.77084000
0.07590760 4.77591000
0.07595760 4.78098000
0.07600760 4.78606000
0.07605760 4.79115000
0.07610760 4.79625000
0.07615760 4.80135000
0.07620760 4.80646000
0.07625760 4.81158000
0.07630760 4.81670000
0.07635760 4.82184000
0.07640760 4.82698000
0.07645760 4.83212000
0.07650770 4.83728000
0.07655770 4.84244000
0.07660770 4.84761000
0.07665770 4.85279000
0.07670770 4.85797000
0.07675770 4.86317000
0.07680770 4.86837000
0.07685770 4.87357000
0.07690770 4.87879000
0.07695770 4.88401000
0.07700770 4.88924000
0.07705770 4.89448000
0.07710770 4.89972000
0.07715770 4.90497000
0.07720770 4.91023000
0.07725770 4.91550000
0.07730770 4.92077000
0.07735770 4.92605000
0.07740770 4.93134000
0.07745770 4.93663000
0.07750780 4.94193000
0.07755780 4.94724000
0.07760780 4.95256000
0.07765780 4.95788000
0.07770780 4.96322000
0.07775780 4.96855000
0.07780780 4.97390000
0.07785780 4.97925000
0.07790780 4.98461000
0.07795780 4.98998000
0.07800780 4.99535000
0.07805780 5.00074000
0.07810780 5.00612000
0.07815780 5.01152000
0.07820780 5.01692000
0.07825780 5.02233000
0.07830780 5.02775000
0.07835780 5.03317000
0.07840780 5.03861000
0.07845780 5.04404000
0.07850790 5.04949000
0.07855790 5.05494000
0.07860790 5.06040000
0.07865790 5.06587000
0.07870790 5.07134000
0.07875790 5.07682000
0.07880790 5.08231000
0.07885790 5.08780000
0.07890790 5.09330000
0.07895790 5.09881000
0.07900790 5.10432000
0.07905790 5.10984000
0.07910790 5.11537000
0.07915790 5.12091000
0.07920790 5.12645000
0.07925790 5.13200000
0.07930790 5.13755000
0.07935790 5.14312000
0.07940790 5.14868000
0.07945790 5.15426000
0.07950800 5.15984000
0.07955800 5.16543000
0.07960800 5.17103000
0.07965800 5.17663000
0.07970800 5.18224000
0.07975800 5.18785000
0.07980800 5.19347000
0.07985800 5.19910000
0.07990800 5.20474000
0.07995800 5.21038000
0.08000800 5.21603000
0.08005800 5.22168000
0.08010800 5.22734000
0.08015800 5.23301000
0.08020800 5.23868000
0.08025800 5.24436000
0.08030800 5.25005000
0.08035800 5.25574000
0.08040800 5.26144000
0.08045800 5.26715000
0.08050810 5.27286000
0.08055810 5.27858000
0.08060810 5.28430000
0.08065810 5.29003000
0.08070810 5.29577000
0.08075810 5.30151000
0.08080810 5.30726000
0.08085810 5.31301000
0.08090810 5.31877000
0.08095810 5.32454000
0.08100810 5.33031000
0.08105810 5.33609000
0.08110810 5.34187000
0.08115810 5.34767000
0.08120810 5.35346000
0.08125810 5.35926000
0.08130810 5.36507000
0.08135810 5.37089000
0.08140810 5.37671000
0.08145810 5.38253000
0.08150820 5.38836000
0.08155820 5.39420000
0.08160820 5.40004000
0.08165820 5.40589000
0.08170820 5.41174000
0.08175820 5.41760000
0.08180820 5.42347000
0.08185820 5.42934000
0.08190820 5.43521000
0.08195820 5.44110000
0.08200820 5.44698000
0.08205820 5.45287000
0.08210820 5.45877000
0.08215820 5.46467000
0.08220820 5.47058000
0.08225820 5.47650000
0.08230820 5.48241000
0.08235820 5.48834000
0.08240820 5.49427000
0.08245820 5.50020000
0.08250830 5.50614000
0.08255830 5.51208000
0.08260830 5.51803000
0.08265830 5.52399000
0.08270830 5.52994000
0.08275830 5.53591000
0.08280830 5.54188000
0.08285830 5.54785000
0.08290830 5.55383000
0.08295830 5.55981000
0.08300830 5.56580000
0.08305830 5.57179000
0.08310830 5.57779000
0.08315830 5.58379000
0.08320830 5.58979000
0.08325830 5.59581000
0.08330830 5.60182000
0.08335830 5.60784000
0.08340830 5.61386000
0.08345830 5.61989000
0.08350840 5.62592000
0.08355840 5.63196000
0.08360840 5.63800000
0.08365840 5.64405000
0.08370840 5.65009000
0.08375840 5.65615000
0.08380840 5.66220000
0.08385840 5.66827000
0.08390840 5.67433000
0.08395840 5.68040000
0.08400840 5.68647000
0.08405840 5.69255000
0.08410840 5.69863000
0.08415840 5.70471000
0.08420840 5.71080000
0.08425840 5.71689000
0.08430840 5.72299000
0.08435840 5.72908000
0.08440840 5.73519000
0.08445840 5.74129000
0.08450850 5.74740000
0.08455850 5.75351000
0.08460850 5.75963000
0.08465850 5.76575000
0.08470850 5.77187000
0.08475850 5.77799000
0.08480850 5.78412000
0.08485850 5.79025000
0.08490850 5.79638000
0.08495850 5.80252000
0.08500850 5.80866000
0.08505850 5.81480000
0.08510850 5.82095000
0.08515850 5.82709000
0.08520850 5.83324000
0.08525850 5.83940000
0.08530850 5.84555000
0.08535850 5.85171000
0.08540850 5.85787000
0.08545850 5.86403000
0.08550860 5.87020000
0.08555860 5.87637000
0.08560860 5.88253000
0.08565860 5.88871000
0.08570860 5.89488000
0.08575860 5.90106000
0.08580860 5.90723000
0.08585860 5.91341000
0.08590860 5.91959000
0.08595860 5.92578000
0.08600860 5.93196000
0.08605860 5.93815000
0.08610860 5.94434000
0.08615860 5.95053000
0.08620860 5.95672000
0.08625860 5.96291000
0.08630860 5.96910000
0.08635860 5.97530000
0.08640860 5.98149000
0.08645860 5.98769000
0.08650870 5.99389000
0.08655870 6.00009000
0.08660870 6.00629000
0.08665870 6.01249000
0.08670870 6.01869000
0.08675870 6.02490000
0.08680870 6.03110000
0.08685870 6.03730000
0.08690870 6.04351000
0.08695870 6.04972000
0.08700870 6.05592000
0.08705870 6.06213000
0.08710870 6.06833000
0.08715870 6.07454000
0.08720870 6.08075000
0.08725870 6.08695000
0.08730870 6.09316000
0.08735870 6.09937000
0.08740870 6.10557000
0.08745870 6.11178000
0.08750880 6.11799000
0.08755880 6.12419000
0.08760880 6.13040000
0.08765880 6.13660000
0.08770880 6.14281000
0.08775880 6.14901000
0.08780880 6.15521000
0.08785880 6.16142000
0.08790880 6.16762000
0.08795880 6.17382000
0.08800880 6.18002000
0.08805880 6.18622000
0.08810880 6.19241000
0.08815880 6.19861000
0.08820880 6.20480000
0.08825880 6.21100000
0.08830880 6.21719000
0.08835880 6.22338000
0.08840880 6.22957000
0.08845880 6.23575000
0.08850890 6.24194000
0.08855890 6.24812000
0.08860890 6.25430000
0.08865890 6.26048000
0.08870890 6.26666000
0.08875890 6.27283000
0.08880890 6.27900000
0.08885890 6.28517000
0.08890890 6.29134000
0.08895890 6.29751000
0.08900890 6.30367000
0.08905890 6.30983000
0.08910890 6.31598000
0.08915890 6.32214000
0.08920890 6.32829000
0.08925890 6.33444000
0.08930890 6.34058000
0.08935890 6.34672000
0.08940890 6.35286000
0.08945890 6.35900000
0.08950900 6.36513000
0.08955900 6.37126000
0.08960900 6.37738000
0.08965900 6.38350000
0.08970900 6.38962000
0.08975900 6.39573000
0.08980900 6.40184000
0.08985900 6.40794000
0.08990900 6.41404000
0.08995900 6.42014000
0.09000900 6.42623000
0.09005900 6.43232000
0.09010900 6.43840000
0.09015900 6.44448000
0.09020900 6.45055000
0.09025900 6.45662000
0.09030900 6.46268000
0.09035900 6.46874000
0.09040900 6.47480000
0.09045900 6.48084000
0.09050910 6.48689000
0.09055910 6.49292000
0.09060910 6.49896000
0.09065910 6.50498000
0.09070910 6.51100000
0.09075910 6.51702000
0.09080910 6.52303000
0.09085910 6.52903000
0.09090910 6.53503000
0.09095910 6.54102000
0.09100910 6.54700000
0.09105910 6.55298000
0.09110910 6.55895000
0.09115910 6.56492000
0.09120910 6.57088000
0.09125910 6.57683000
0.09130910 6.58277000
0.09135910 6.58871000
0.09140910 6.59464000
0.09145910 6.60056000
0.09150920 6.60648000
0.09155920 6.61239000
0.09160920 6.61829000
0.09165920 6.62419000
0.09170920 6.63007000
0.09175920 6.63595000
0.09180920 6.64182000
0.09185920 6.64768000
0.09190920 6.65354000
0.09195920 6.65939000
0.09200920 6.66522000
0.09205920 6.67105000
0.09210920 6.67688000
0.09215920 6.68269000
0.09220920 6.68849000
0.09225920 6.69429000
0.09230920 6.70007000
0.09235920 6.70585000
0.09240920 6.71162000
0.09245920 6.71738000
0.09250930 6.72313000
0.09255930 6.72887000
0.09260930 6.73460000
0.09265930 6.74032000
0.09270930 6.74603000
0.09275930 6.75173000
0.09280930 6.75742000
0.09285930 6.76311000
0.09290930 6.76878000
0.09295930 6.77444000
0.09300930 6.78009000
0.09305930 6.78573000
0.09310930 6.79136000
0.09315930 6.79698000
0.09320930 6.80258000
0.09325930 6.80818000
0.09330930 6.81377000
0.09335930 6.81934000
0.09340930 6.82491000
0.09345930 6.83046000
0.09350940 6.83600000
0.09355940 6.84153000
0.09360940 6.84704000
0.09365940 6.85255000
0.09370940 6.85804000
0.09375940 6.86352000
0.09380940 6.86899000
0.09385940 6.87445000
0.09390940 6.87990000
0.09395940 6.88533000
0.09400940 6.89075000
0.09405940 6.89615000
0.09410940 6.90155000
0.09415940 6.90693000
0.09420940 6.91230000
0.09425940 6.91765000
0.09430940 6.92300000
0.09435940 6.92832000
0.09440940 6.93364000
0.09445940 6.93894000
0.09450950 6.94423000
0.09455950 6.94950000
0.09460950 6.95476000
0.09465950 6.96001000
0.09470950 6.96524000
0.09475950 6.97046000
0.09480950 6.97566000
0.09485950 6.98085000
0.09490950 6.98602000
0.09495950 6.99118000
0.09500950 6.99633000
0.09505950 7.00146000
0.09510950 7.00657000
0.09515950 7.01167000
0.09520950 7.01675000
0.09525950 7.02182000
0.09530950 7.02687000
0.09535950 7.03191000
0.09540950 7.03693000
0.09545950 7.04194000
0.09550960 7.04693000
0.09555960 7.05190000
0.09560960 7.05686000
0.09565960 7.06180000
0.09570960 7.06673000
0.09575960 7.07164000
0.09580960 7.07653000
0.09585960 7.08140000
0.09590960 7.08626000
0.09595960 7.09110000
0.09600960 7.09593000
0.09605960 7.10074000
0.09610960 7.10553000
0.09615960 7.11030000
0.09620960 7.11505000
0.09625960 7.11979000
0.09630960 7.12451000
0.09635960 7.12921000
0.09640960 7.13390000
0.09645960 7.13856000
0.09650970 7.14321000
0.09655970 7.14784000
0.09660970 7.15245000
0.09665970 7.15704000
0.09670970 7.16162000
0.09675970 7.16617000
0.09680970 7.17071000
0.09685970 7.17523000
0.09690970 7.17973000
0.09695970 7.18421000
0.09700970 7.18867000
0.09705970 7.19311000
0.09710970 7.19753000
0.09715970 7.20193000
0.09720970 7.20631000
0.09725970 7.21067000
0.09730970 7.21502000
0.09735970 7.21934000
0.09740970 7.22364000
0.09745970 7.22792000
0.09750980 7.23218000
0.09755980 7.23642000
0.09760980 7.24065000
0.09765980 7.24485000
0.09770980 7.24902000
0.09775980 7.25318000
0.09780980 7.25732000
0.09785980 7.26144000
0.09790980 7.26553000
0.09795980 7.26961000
0.09800980 7.27366000
0.09805980 7.27769000
0.09810980 7.28170000
0.09815980 7.28569000
0.09820980 7.28965000
0.09825980 7.29360000
0.09830980 7.29752000
0.09835980 7.30142000
0.09840980 7.30530000
0.09845980 7.30915000
0.09850990 7.31299000
0.09855990 7.31680000
0.09860990 7.32059000
0.09865990 7.32435000
0.09870990 7.32809000
0.09875990 7.33181000
0.09880990 7.33551000
0.09885990 7.33919000
0.09890990 7.34284000
0.09895990 7.34646000
0.09900990 7.35007000
0.09905990 7.35365000
0.09910990 7.35721000
0.09915990 7.36074000
0.09920990 7.36425000
0.09925990 7.36774000
0.09930990 7.37120000
0.09935990 7.37464000
0.09940990 7.37805000
0.09945990 7.38144000
0.09951000 7.38481000
0.09956000 7.38815000
0.09961000 7.39146000
0.09966000 7.39476000
0.09971000 7.39802000
0.09976000 7.40127000
0.09981000 7.40449000
0.09986000 7.40768000
0.09991000 7.41085000
0.09996000 7.41399000
0.10001000 7.41711000
0.10006000 7.42020000
0.10011000 7.42327000
0.10016000 7.42631000
0.10021000 7.42933000
0.10026000 7.43232000
0.10031000 7.43529000
0.10036000 7.43823000
0.10041000 7.44114000
0.10046000 7.44403000
0.10051000 7.44689000
0.10056000 7.44973000
0.10061000 7.45254000
0.10066000 7.45532000
0.10071000 7.45808000
0.10076000 7.46081000
0.10081000 7.46352000
0.10086000 7.46620000
0.10091000 7.46885000
0.10096000 7.47147000
0.10101000 7.47407000
0.10106000 7.47665000
0.10111000 7.47919000
0.10116000 7.48171000
0.10121000 7.48420000
0.10126000 7.48667000
0.10131000 7.48910000
0.10136000 7.49151000
0.10141000 7.49390000
0.10146000 7.49625000
0.10151000 7.49858000
0.10156000 7.50088000
0.10161000 7.50315000
0.10166000 7.50540000
0.10171000 7.50762000
0.10176000 7.50981000
0.10181000 7.51197000
0.10186000 7.51411000
0.10191000 7.51621000
0.10196000 7.51829000
0.10201000 7.52035000
0.10206000 7.52237000
0.10211000 7.52436000
0.10216000 7.52633000
0.10221000 7.52827000
0.10226000 7.53018000
0.10231000 7.53206000
0.10236000 7.53392000
0.10241000 7.53574000
0.10246000 7.53754000
0.10251000 7.53931000
0.10256000 7.54105000
0.10261000 7.54276000
0.10266000 7.54444000
0.10271000 7.54610000
0.10276000 7.54772000
0.10281000 7.54932000
0.10286000 7.55089000
0.10291000 7.55243000
0.10296000 7.55394000
0.10301000 7.55542000
0.10306000 7.55687000
0.10311000 7.55830000
0.10316000 7.55969000
0.10321000 7.56106000
0.10326000 7.56239000
0.10331000 7.56370000
0.10336000 7.56498000
0.10341000 7.56623000
0.10346000 7.56744000
0.10351000 7.56863000
0.10356000 7.56980000
0.10361000 7.57093000
0.10366000 7.57203000
0.10371000 7.57310000
0.10376000 7.57415000
0.10381000 7.57516000
0.10386000 7.57614000
0.10391000 7.57710000
0.10396000 7.57802000
0.10401000 7.57892000
0.10406000 7.57979000
0.10411000 7.58062000
0.10416000 7.58143000
0.10421000 7.58221000
0.10426000 7.58295000
0.10431000 7.58367000
0.10436000 7.58436000
0.10441000 7.58502000
0.10446000 7.58565000
0.10451000 7.58625000
0.10456000 7.58682000
0.10461000 7.58736000
0.10466000 7.58787000
0.10471000 7.58835000
0.10476000 7.58880000
0.10481000 7.58922000
0.10486000 7.58961000
0.10491000 7.58997000
0.10496000 7.59030000
0.10501100 7.59060000
0.10506100 7.59087000
0.10511100 7.59111000
0.10516100 7.59133000
0.10521100 7.59151000
0.10526100 7.59166000
0.10531100 7.59178000
0.10536100 7.59188000
0.10541100 7.59194000
0.10546100 7.59197000
0.10551100 7.59198000
0.10556100 7.59195000
0.10561100 7.59189000
0.10566100 7.59181000
0.10571100 7.59169000
0.10576100 7.59154000
0.10581100 7.59137000
0.10586100 7.59116000
0.10591100 7.59093000
0.10596100 7.59066000
0.10601100 7.59037000
0.10606100 7.59005000
0.10611100 7.58969000
0.10616100 7.58931000
0.10621100 7.58890000
0.10626100 7.58845000
0.10631100 7.58798000
0.10636100 7.58748000
0.10641100 7.58695000
0.10646100 7.58639000
0.10651100 7.58580000
0.10656100 7.58518000
0.10661100 7.58453000
0.10666100 7.58385000
0.10671100 7.58314000
0.10676100 7.58240000
0.10681100 7.58163000
0.10686100 7.58084000
0.10691100 7.58001000
0.10696100 7.57916000
0.10701100 7.57827000
0.10706100 7.57736000
0.10711100 7.57642000
0.10716100 7.57545000
0.10721100 7.57445000
0.10726100 7.57342000
0.10731100 7.57236000
0.10736100 7.57127000
0.10741100 7.57015000
0.10746100 7.56901000
0.10751100 7.56783000
0.10756100 7.56663000
0.10761100 7.56540000
0.10766100 7.56414000
0.10771100 7.56285000
0.10776100 7.56153000
0.10781100 7.56018000
0.10786100 7.55881000
0.10791100 7.55740000
0.10796100 7.55597000
0.10801100 7.55451000
0.10806100 7.55302000
0.10811100 7.55150000
0.10816100 7.54996000
0.10821100 7.54838000
0.10826100 7.54678000
0.10831100 7.54515000
0.10836100 7.54349000
0.10841100 7.54181000
0.10846100 7.54009000
0.10851100 7.53835000
0.10856100 7.53658000
0.10861100 7.53478000
0.10866100 7.53296000
0.10871100 7.53111000
0.10876100 7.52923000
0.10881100 7.52732000
0.10886100 7.52538000
0.10891100 7.52342000
0.10896100 7.52143000
0.10901100 7.51941000
0.10906100 7.51737000
0.10911100 7.51530000
0.10916100 7.51320000
0.10921100 7.51107000
0.10926100 7.50892000
0.10931100 7.50674000
0.10936100 7.50453000
0.10941100 7.50230000
0.10946100 7.50004000
0.10951100 7.49775000
0.10956100 7.49544000
0.10961100 7.49310000
0.10966100 7.49074000
0.10971100 7.48835000
0.10976100 7.48593000
0.10981100 7.48348000
0.10986100 7.48101000
0.10991100 7.47852000
0.10996100 7.47600000
0.11001100 7.47345000
0.11006100 7.47087000
0.11011100 7.46828000
0.11016100 7.46565000
0.11021100 7.46300000
0.11026100 7.46033000
0.11031100 7.45762000
0.11036100 7.45490000
0.11041100 7.45215000
0.11046100 7.44937000
0.11051100 7.44657000
0.11056100 7.44374000
0.11061100 7.44089000
0.11066100 7.43802000
0.11071100 7.43512000
0.11076100 7.43219000
0.11081100 7.42924000
0.11086100 7.42627000
0.11091100 7.42327000
0.11096100 7.42025000
0.11101100 7.41720000
0.11106100 7.41413000
0.11111100 7.41103000
0.11116100 7.40792000
0.11121100 7.40477000
0.11126100 7.40161000
0.11131100 7.39842000
0.11136100 7.39521000
0.11141100 7.39197000
0.11146100 7.38871000
0.11151100 7.38543000
0.11156100 7.38212000
0.11161100 7.37879000
0.11166100 7.37544000
0.11171100 7.37207000
0.11176100 7.36867000
0.11181100 7.36525000
0.11186100 7.36181000
0.11191100 7.35835000
0.11196100 7.35486000
0.11201100 7.35135000
0.11206100 7.34782000
0.11211100 7.34426000
0.11216100 7.34069000
0.11221100 7.33709000
0.11226100 7.33347000
0.11231100 7.32983000
0.11236100 7.32617000
0.11241100 7.32249000
0.11246100 7.31878000
0.11251100 7.31506000
0.11256100 7.31131000
0.11261100 7.30754000
0.11266100 7.30376000
0.11271100 7.29995000
0.11276100 7.29612000
0.11281100 7.29227000
0.11286100 7.28840000
0.11291100 7.28450000
0.11296100 7.28059000
0.11301100 7.27666000
0.11306100 7.27271000
0.11311100 7.26874000
0.11316100 7.26475000
0.11321100 7.26073000
0.11326100 7.25670000
0.11331100 7.25265000
0.11336100 7.24858000
0.11341100 7.24449000
0.11346100 7.24039000
0.11351100 7.23626000
0.11356100 7.23211000
0.11361100 7.22795000
0.11366100 7.22376000
0.11371100 7.21956000
0.11376100 7.21534000
0.11381100 7.21110000
0.11386100 7.20684000
0.11391100 7.20257000
0.11396100 7.19827000
0.11401100 7.19396000
0.11406100 7.18963000
0.11411100 7.18528000
0.11416100 7.18092000
0.11421100 7.17653000
0.11426100 7.17213000
0.11431100 7.16772000
0.11436100 7.16328000
0.11441100 7.15883000
0.11446100 7.15436000
0.11451100 7.14988000
0.11456100 7.14537000
0.11461100 7.14085000
0.11466100 7.13632000
0.11471100 7.13177000
0.11476100 7.12720000
0.11481100 7.12261000
0.11486100 7.11801000
0.11491100 7.11340000
0.11496100 7.10876000
0.11501200 7.10412000
0.11506200 7.09945000
0.11511200 7.09477000
0.11516200 7.09008000
0.11521200 7.08537000
0.11526200 7.08064000
0.11531200 7.07590000
0.11536200 7.07115000
0.11541200 7.06638000
0.11546200 7.06159000
0.11551200 7.05679000
0.11556200 7.05198000
0.11561200 7.04715000
0.11566200 7.04231000
0.11571200 7.03745000
0.11576200 7.03258000
0.11581200 7.02770000
0.11586200 7.02280000
0.11591200 7.01789000
0.11596200 7.01296000
0.11601200 7.00802000
0.11606200 7.00307000
0.11611200 6.99810000
0.11616200 6.99312000
0.11621200 6.98813000
0.11626200 6.98313000
0.11631200 6.97811000
0.11636200 6.97308000
0.11641200 6.96804000
0.11646200 6.96298000
0.11651200 6.95791000
0.11656200 6.95283000
0.11661200 6.94774000
0.11666200 6.94263000
0.11671200 6.93752000
0.11676200 6.93239000
0.11681200 6.92725000
0.11686200 6.92210000
0.11691200 6.91694000
0.11696200 6.91176000
0.11701200 6.90657000
0.11706200 6.90138000
0.11711200 6.89617000
0.11716200 6.89095000
0.11721200 6.88572000
0.11726200 6.88048000
0.11731200 6.87523000
0.11736200 6.86997000
0.11741200 6.86470000
0.11746200 6.85941000
0.11751200 6.85412000
0.11756200 6.84882000
0.11761200 6.84351000
0.11766200 6.83819000
0.11771200 6.83285000
0.11776200 6.82751000
0.11781200 6.82216000
0.11786200 6.81680000
0.11791200 6.81143000
0.11796200 6.80605000
0.11801200 6.80066000
0.11806200 6.79527000
0.11811200 6.78986000
0.11816200 6.78444000
0.11821200 6.77902000
0.11826200 6.77359000
0.11831200 6.76815000
0.11836200 6.76270000
0.11841200 6.75724000
0.11846200 6.75178000
0.11851200 6.74630000
0.11856200 6.74082000
0.11861200 6.73533000
0.11866200 6.72984000
0.11871200 6.72433000
0.11876200 6.71882000
0.11881200 6.71330000
0.11886200 6.70777000
0.11891200 6.70224000
0.11896200 6.69670000
0.11901200 6.69115000
0.11906200 6.68559000
0.11911200 6.68003000
0.11916200 6.67446000
0.11921200 6.66889000
0.11926200 6.66330000
0.11931200 6.65771000
0.11936200 6.65212000
0.11941200 6.64652000
0.11946200 6.64091000
0.11951200 6.63530000
0.11956200 6.62968000
0.11961200 6.62405000
0.11966200 6.61842000
0.11971200 6.61279000
0.11976200 6.60714000
0.11981200 6.60150000
0.11986200 6.59584000
0.11991200 6.59019000
0.11996200 6.58452000
0.12001200 6.57885000
0.12006200 6.57318000
0.12011200 6.56750000
0.12016200 6.56182000
0.12021200 6.55613000
0.12026200 6.55044000
0.12031200 6.54474000
0.12036200 6.53904000
0.12041200 6.53334000
0.12046200 6.52763000
0.12051200 6.52191000
0.12056200 6.51619000
0.12061200 6.51047000
0.12066200 6.50475000
0.12071200 6.49902000
0.12076200 6.49328000
0.12081200 6.48754000
0.12086200 6.48180000
0.12091200 6.47606000
0.12096200 6.47031000
0.12101200 6.46456000
0.12106200 6.45881000
0.12111200 6.45305000
0.12116200 6.44729000
0.12121200 6.44153000
0.12126200 6.43576000
0.12131200 6.43000000
0.12136200 6.42422000
0.12141200 6.41845000
0.12146200 6.41267000
0.12151200 6.40690000
0.12156200 6.40112000
0.12161200 6.39533000
0.12166200 6.38955000
0.12171200 6.38376000
0.12176200 6.37797000
0.12181200 6.37218000
0.12186200 6.36639000
0.12191200 6.36059000
0.12196200 6.35480000
0.12201200 6.34900000
0.12206200 6.34320000
0.12211200 6.33740000
0.12216200 6.33160000
0.12221200 6.32579000
0.12226200 6.31999000
0.12231200 6.31418000
0.12236200 6.30837000
0.12241200 6.30257000
0.12246200 6.29676000
0.12251200 6.29095000
0.12256200 6.28514000
0.12261200 6.27933000
0.12266200 6.27352000
0.12271200 6.26770000
0.12276200 6.26189000
0.12281200 6.25608000
0.12286200 6.25027000
0.12291200 6.24445000
0.12296200 6.23864000
0.12301200 6.23283000
0.12306200 6.22701000
0.12311200 6.22120000
0.12316200 6.21539000
0.12321200 6.20958000
0.12326200 6.20376000
0.12331200 6.19795000
0.12336200 6.19214000
0.12341200 6.18633000
0.12346200 6.18052000
0.12351200 6.17471000
0.12356200 6.16890000
0.12361200 6.16309000
0.12366200 6.15728000
0.12371200 6.15148000
0.12376200 6.14567000
0.12381200 6.13987000
0.12386200 6.13406000
0.12391200 6.12826000
0.12396200 6.12246000
0.12401200 6.11666000
0.12406200 6.11086000
0.12411200 6.10506000
0.12416200 6.09927000
0.12421200 6.09347000
0.12426200 6.08768000
0.12431200 6.08189000
0.12436200 6.07610000
0.12441200 6.07032000
0.12446200 6.06453000
0.12451200 6.05875000
0.12456200 6.05297000
0.12461200 6.04719000
0.12466200 6.04141000
0.12471200 6.03564000
0.12476200 6.02986000
0.12481200 6.02409000
0.12486200 6.01833000
0.12491200 6.01256000
0.12496200 6.00680000
0.12501300 6.00104000
0.12506300 5.99528000
0.12511300 5.98952000
0.12516300 5.98377000
0.12521300 5.97802000
0.12526300 5.97227000
0.12531300 5.96653000
0.12536300 5.96079000
0.12541300 5.95505000
0.12546300 5.94932000
0.12551300 5.94358000
0.12556300 5.93785000
0.12561300 5.93213000
0.12566300 5.92641000
0.12571300 5.92069000
0.12576300 5.91497000
0.12581300 5.90926000
0.12586300 5.90355000
0.12591300 5.89784000
0.12596300 5.89214000
0.12601300 5.88644000
0.12606300 5.88075000
0.12611300 5.87506000
0.12616300 5.86937000
0.12621300 5.86368000
0.12626300 5.85801000
0.12631300 5.85233000
0.12636300 5.84666000
0.12641300 5.84099000
0.12646300 5.83533000
0.12651300 5.82967000
0.12656300 5.82401000
0.12661300 5.81836000
0.12666300 5.81271000
0.12671300 5.80707000
0.12676300 5.80143000
0.12681300 5.79579000
0.12686300 5.79016000
0.12691300 5.78454000
0.12696300 5.77892000
0.12701300 5.77330000
0.12706300 5.76769000
0.12711300 5.76208000
0.12716300 5.75648000
0.12721300 5.75088000
0.12726300 5.74528000
0.12731300 5.73970000
0.12736300 5.73411000
0.12741300 5.72853000
0.12746300 5.72296000
0.12751300 5.71739000
0.12756300 5.71182000
0.12761300 5.70626000
0.12766300 5.70071000
0.12771300 5.69516000
0.12776300 5.68962000
0.12781300 5.68408000
0.12786300 5.67854000
0.12791300 5.67301000
0.12796300 5.66749000
0.12801300 5.66197000
0.12806300 5.65646000
0.12811300 5.65095000
0.12816300 5.64545000
0.12821300 5.63995000
0.12826300 5.63446000
0.12831300 5.62898000
0.12836300 5.62350000
0.12841300 5.61802000
0.12846300 5.61255000
0.12851300 5.60709000
0.12856300 5.60163000
0.12861300 5.59618000
0.12866300 5.59073000
0.12871300 5.58529000
0.12876300 5.57986000
0.12881300 5.57443000
0.12886300 5.56901000
0.12891300 5.56359000
0.12896300 5.55818000
0.12901300 5.55277000
0.12906300 5.54737000
0.12911300 5.54198000
0.12916300 5.53659000
0.12921300 5.53121000
0.12926300 5.52584000
0.12931300 5.52047000
0.12936300 5.51510000
0.12941300 5.50975000
0.12946300 5.50440000
0.12951300 5.49905000
0.12956300 5.49371000
0.12961300 5.48838000
0.12966300 5.48306000
0.12971300 5.47774000
0.12976300 5.47243000
0.12981300 5.46712000
0.12986300 5.46182000
0.12991300 5.45653000
0.12996300 5.45124000
0.13001300 5.44596000
0.13006300 5.44069000
0.13011300 5.43542000
0.13016300 5.43016000
0.13021300 5.42490000
0.13026300 5.41966000
0.13031300 5.41441000
0.13036300 5.40918000
0.13041300 5.40395000
0.13046300 5.39873000
0.13051300 5.39352000
0.13056300 5.38831000
0.13061300 5.38311000
0.13066300 5.37791000
0.13071300 5.37273000
0.13076300 5.36755000
0.13081300 5.36237000
0.13086300 5.35721000
0.13091300 5.35205000
0.13096300 5.34689000
0.13101300 5.34175000
0.13106300 5.33661000
0.13111300 5.33148000
0.13116300 5.32635000
0.13121300 5.32123000
0.13126300 5.31612000
0.13131300 5.31102000
0.13136300 5.30592000
0.13141300 5.30083000
0.13146300 5.29575000
0.13151300 5.29067000
0.13156300 5.28560000
0.13161300 5.28054000
0.13166300 5.27549000
0.13171300 5.27044000
0.13176300 5.26540000
0.13181300 5.26037000
0.13186300 5.25534000
0.13191300 5.25032000
0.13196300 5.24531000
0.13201300 5.24031000
0.13206300 5.23531000
0.13211300 5.23032000
0.13216300 5.22534000
0.13221300 5.22036000
0.13226300 5.21540000
0.13231300 5.21044000
0.13236300 5.20548000
0.13241300 5.20054000
0.13246300 5.19560000
0.13251300 5.19067000
0.13256300 5.18575000
0.13261300 5.18083000
0.13266300 5.17592000
0.13271300 5.17102000
0.13276300 5.16613000
0.13281300 5.16124000
0.13286300 5.15636000
0.13291300 5.15149000
0.13296300 5.14663000
0.13301300 5.14177000
0.13306300 5.13693000
0.13311300 5.13208000
0.13316300 5.12725000
0.13321300 5.12243000
0.13326300 5.11761000
0.13331300 5.11280000
0.13336300 5.10799000
0.13341300 5.10320000
0.13346300 5.09841000
0.13351300 5.09363000
0.13356300 5.08886000
0.13361300 5.08409000
0.13366300 5.07933000
0.13371300 5.07458000
0.13376300 5.06984000
0.13381300 5.06511000
0.13386300 5.06038000
0.13391300 5.05566000
0.13396300 5.05095000
0.13401300 5.04625000
0.13406300 5.04155000
0.13411300 5.03686000
0.13416300 5.03218000
0.13421300 5.02751000
0.13426300 5.02284000
0.13431300 5.01819000
0.13436300 5.01354000
0.13441300 5.00889000
0.13446300 5.00426000
0.13451300 4.99963000
0.13456300 4.99501000
0.13461300 4.99040000
0.13466300 4.98580000
0.13471300 4.98120000
0.13476300 4.97662000
0.13481300 4.97204000
0.13486300 4.96746000
0.13491300 4.96290000
0.13496300 4.95834000
0.13501400 4.95379000
0.13506400 4.94925000
0.13511400 4.94472000
0.13516400 4.94019000
0.13521400 4.93568000
0.13526400 4.93117000
0.13531400 4.92666000
0.13536400 4.92217000
0.13541400 4.91768000
0.13546400 4.91321000
0.13551400 4.90874000
0.13556400 4.90427000
0.13561400 4.89982000
0.13566400 4.89537000
0.13571400 4.89093000
0.13576400 4.88650000
0.13581400 4.88208000
0.13586400 4.87766000
0.13591400 4.87325000
0.13596400 4.86885000
0.13601400 4.86446000
0.13606400 4.86008000
0.13611400 4.85570000
0.13616400 4.85133000
0.13621400 4.84697000
0.13626400 4.84262000
0.13631400 4.83827000
0.13636400 4.83393000
0.13641400 4.82960000
0.13646400 4.82528000
0.13651400 4.82097000
0.13656400 4.81666000
0.13661400 4.81237000
0.13666400 4.80808000
0.13671400 4.80379000
0.13676400 4.79952000
0.13681400 4.79525000
0.13686400 4.79099000
0.13691400 4.78674000
0.13696400 4.78250000
0.13701400 4.77827000
0.13706400 4.77404000
0.13711400 4.76982000
0.13716400 4.76561000
0.13721400 4.76140000
0.13726400 4.75721000
0.13731400 4.75302000
0.13736400 4.74884000
0.13741400 4.74467000
0.13746400 4.74050000
0.13751400 4.73635000
0.13756400 4.73220000
0.13761400 4.72806000
0.13766400 4.72392000
0.13771400 4.71980000
0.13776400 4.71568000
0.13781400 4.71157000
0.13786400 4.70747000
0.13791400 4.70338000
0.13796400 4.69929000
0.13801400 4.69521000
0.13806400 4.69114000
0.13811400 4.68708000
0.13816400 4.68302000
0.13821400 4.67898000
0.13826400 4.67494000
0.13831400 4.67091000
0.13836400 4.66688000
0.13841400 4.66287000
0.13846400 4.65886000
0.13851400 4.65486000
0.13856400 4.65087000
0.13861400 4.64688000
0.13866400 4.64290000
0.13871400 4.63893000
0.13876400 4.63497000
0.13881400 4.63102000
0.13886400 4.62707000
0.13891400 4.62314000
0.13896400 4.61920000
0.13901400 4.61528000
0.13906400 4.61137000
0.13911400 4.60746000
0.13916400 4.60356000
0.13921400 4.59967000
0.13926400 4.59579000
0.13931400 4.59191000
0.13936400 4.58804000
0.13941400 4.58418000
0.13946400 4.58033000
0.13951400 4.57648000
0.13956400 4.57264000
0.13961400 4.56881000
0.13966400 4.56499000
0.13971400 4.56118000
0.13976400 4.55737000
0.13981400 4.55357000
0.13986400 4.54978000
0.13991400 4.54599000
0.13996400 4.54222000
0.14001400 4.53845000
0.14006400 4.53469000
0.14011400 4.53093000
0.14016400 4.52719000
0.14021400 4.52345000
0.14026400 4.51972000
0.14031400 4.51600000
0.14036400 4.51228000
0.14041400 4.50857000
0.14046400 4.50487000
0.14051400 4.50118000
0.14056400 4.49750000
0.14061400 4.49382000
0.14066400 4.49015000
0.14071400 4.48649000
0.14076400 4.48283000
0.14081400 4.47918000
0.14086400 4.47554000
0.14091400 4.47191000
0.14096400 4.46829000
0.14101400 4.46467000
0.14106400 4.46106000
0.14111400 4.45746000
0.14116400 4.45386000
0.14121400 4.45028000
0.14126400 4.44670000
0.14131400 4.44313000
0.14136400 4.43956000
0.14141400 4.43600000
0.14146400 4.43245000
0.14151400 4.42891000
0.14156400 4.42538000
0.14161400 4.42185000
0.14166400 4.41833000
0.14171400 4.41482000
0.14176400 4.41131000
0.14181400 4.40781000
0.14186400 4.40432000
0.14191400 4.40084000
0.14196400 4.39736000
0.14201400 4.39390000
0.14206400 4.39044000
0.14211400 4.38698000
0.14216400 4.38354000
0.14221400 4.38010000
0.14226400 4.37667000
0.14231400 4.37324000
0.14236400 4.36982000
0.14241400 4.36642000
0.14246400 4.36301000
0.14251400 4.35962000
0.14256400 4.35623000
0.14261400 4.35285000
0.14266400 4.34948000
0.14271400 4.34611000
0.14276400 4.34275000
0.14281400 4.33940000
0.14286400 4.33606000
0.14291400 4.33272000
0.14296400 4.32939000
0.14301400 4.32607000
0.14306400 4.32275000
0.14311400 4.31945000
0.14316400 4.31615000
0.14321400 4.31285000
0.14326400 4.30957000
0.14331400 4.30629000
0.14336400 4.30301000
0.14341400 4.29975000
0.14346400 4.29649000
0.14351400 4.29324000
0.14356400 4.29000000
0.14361400 4.28676000
0.14366400 4.28353000
0.14371400 4.28031000
0.14376400 4.27709000
0.14381400 4.27389000
0.14386400 4.27068000
0.14391400 4.26749000
0.14396400 4.26430000
0.14401400 4.26112000
0.14406400 4.25795000
0.14411400 4.25479000
0.14416400 4.25163000
0.14421400 4.24847000
0.14426400 4.24533000
0.14431400 4.24219000
0.14436400 4.23906000
0.14441400 4.23594000
0.14446400 4.23282000
0.14451400 4.22971000
0.14456400 4.22661000
0.14461400 4.22351000
0.14466400 4.22042000
0.14471400 4.21734000
0.14476400 4.21427000
0.14481400 4.21120000
0.14486400 4.20814000
0.14491400 4.20508000
0.14496400 4.20203000
0.14501500 4.19899000
0.14506500 4.19596000
0.14511500 4.19293000
0.14516500 4.18991000
0.14521500 4.18690000
0.14526500 4.18389000
0.14531500 4.18089000
0.14536500 4.17790000
0.14541500 4.17491000
0.14546500 4.17193000
0.14551500 4.16896000
0.14556500 4.16599000
0.14561500 4.16303000
0.14566500 4.16008000
0.14571500 4.15714000
0.14576500 4.15420000
0.14581500 4.15126000
0.14586500 4.14834000
0.14591500 4.14542000
0.14596500 4.14251000
0.14601500 4.13960000
0.14606500 4.13670000
0.14611500 4.13381000
0.14616500 4.13093000
0.14621500 4.12805000
0.14626500 4.12518000
0.14631500 4.12231000
0.14636500 4.11945000
0.14641500 4.11660000
0.14646500 4.11375000
0.14651500 4.11091000
0.14656500 4.10808000
0.14661500 4.10525000
0.14666500 4.10243000
0.14671500 4.09962000
0.14676500 4.09682000
0.14681500 4.09402000
0.14686500 4.09122000
0.14691500 4.08844000
0.14696500 4.08565000
0.14701500 4.08288000
0.14706500 4.08011000
0.14711500 4.07735000
0.14716500 4.07460000
0.14721500 4.07185000
0.14726500 4.06911000
0.14731500 4.06637000
0.14736500 4.06364000
0.14741500 4.06092000
0.14746500 4.05821000
0.14751500 4.05550000
0.14756500 4.05279000
0.14761500 4.05010000
0.14766500 4.04741000
0.14771500 4.04472000
0.14776500 4.04205000
0.14781500 4.03937000
0.14786500 4.03671000
0.14791500 4.03405000
0.14796500 4.03140000
0.14801500 4.02875000
0.14806500 4.02611000
0.14811500 4.02348000
0.14816500 4.02085000
0.14821500 4.01823000
0.14826500 4.01562000
0.14831500 4.01301000
0.14836500 4.01040000
0.14841500 4.00781000
0.14846500 4.00522000
0.14851500 4.00264000
0.14856500 4.00006000
0.14861500 3.99749000
0.14866500 3.99492000
0.14871500 3.99236000
0.14876500 3.98981000
0.14881500 3.98726000
0.14886500 3.98472000
0.14891500 3.98219000
0.14896500 3.97966000
0.14901500 3.97714000
0.14906500 3.97462000
0.14911500 3.97211000
0.14916500 3.96961000
0.14921500 3.96711000
0.14926500 3.96462000
0.14931500 3.96213000
0.14936500 3.95965000
0.14941500 3.95718000
0.14946500 3.95471000
0.14951500 3.95225000
0.14956500 3.94980000
0.14961500 3.94735000
0.14966500 3.94490000
0.14971500 3.94247000
0.14976500 3.94003000
0.14981500 3.93761000
0.14986500 3.93519000
0.14991500 3.93278000
0.14996500 3.93037000
0.15001500 3.92797000
0.15006500 3.92557000
0.15011500 3.92318000
0.15016500 3.92080000
0.15021500 3.91842000
0.15026500 3.91605000
0.15031500 3.91368000
0.15036500 3.91132000
0.15041500 3.90896000
0.15046500 3.90661000
0.15051500 3.90427000
0.15056500 3.90193000
0.15061500 3.89960000
0.15066500 3.89728000
0.15071500 3.89496000
0.15076500 3.89264000
0.15081500 3.89033000
0.15086500 3.88803000
0.15091500 3.88573000
0.15096500 3.88344000
0.15101500 3.88116000
0.15106500 3.87888000
0.15111500 3.87660000
0.15116500 3.87434000
0.15121500 3.87207000
0.15126500 3.86982000
0.15131500 3.86757000
0.15136500 3.86532000
0.15141500 3.86308000
0.15146500 3.86085000
0.15151500 3.85862000
0.15156500 3.85639000
0.15161500 3.85418000
0.15166500 3.85197000
0.15171500 3.84976000
0.15176500 3.84756000
0.15181500 3.84536000
0.15186500 3.84317000
0.15191500 3.84099000
0.15196500 3.83881000
0.15201500 3.83664000
0.15206500 3.83447000
0.15211500 3.83231000
0.15216500 3.83016000
0.15221500 3.82801000
0.15226500 3.82586000
0.15231500 3.82372000
0.15236500 3.82159000
0.15241500 3.81946000
0.15246500 3.81734000
0.15251500 3.81522000
0.15256500 3.81311000
0.15261500 3.81100000
0.15266500 3.80890000
0.15271500 3.80680000
0.15276500 3.80471000
0.15281500 3.80263000
0.15286500 3.80055000
0.15291500 3.79847000
0.15296500 3.79640000
0.15301500 3.79434000
0.15306500 3.79228000
0.15311500 3.79023000
0.15316500 3.78818000
0.15321500 3.78614000
0.15326500 3.78410000
0.15331500 3.78207000
0.15336500 3.78005000
0.15341500 3.77803000
0.15346500 3.77601000
0.15351500 3.77400000
0.15356500 3.77199000
0.15361500 3.76999000
0.15366500 3.76800000
0.15371500 3.76601000
0.15376500 3.76403000
0.15381500 3.76205000
0.15386500 3.76008000
0.15391500 3.75811000
0.15396500 3.75614000
0.15401500 3.75419000
0.15406500 3.75223000
0.15411500 3.75029000
0.15416500 3.74834000
0.15421500 3.74641000
0.15426500 3.74447000
0.15431500 3.74255000
0.15436500 3.74063000
0.15441500 3.73871000
0.15446500 3.73680000
0.15451500 3.73489000
0.15456500 3.73299000
0.15461500 3.73110000
0.15466500 3.72920000
0.15471500 3.72732000
0.15476500 3.72544000
0.15481500 3.72356000
0.15486500 3.72169000
0.15491500 3.71983000
0.15496500 3.71796000
0.15501600 3.71611000
0.15506600 3.71426000
0.15511600 3.71241000
0.15516600 3.71057000
0.15521600 3.70874000
0.15526600 3.70691000
0.15531600 3.70508000
0.15536600 3.70326000
0.15541600 3.70144000
0.15546600 3.69963000
0.15551600 3.69783000
0.15556600 3.69603000
0.15561600 3.69423000
0.15566600 3.69244000
0.15571600 3.69065000
0.15576600 3.68887000
0.15581600 3.68710000
0.15586600 3.68533000
0.15591600 3.68356000
0.15596600 3.68180000
0.15601600 3.68004000
0.15606600 3.67829000
0.15611600 3.67654000
0.15616600 3.67480000
0.15621600 3.67306000
0.15626600 3.67133000
0.15631600 3.66960000
0.15636600 3.66788000
0.15641600 3.66616000
0.15646600 3.66445000
0.15651600 3.66274000
0.15656600 3.66104000
0.15661600 3.65934000
0.15666600 3.65764000
0.15671600 3.65595000
0.15676600 3.65427000
0.15681600 3.65259000
0.15686600 3.65091000
0.15691600 3.64924000
0.15696600 3.64758000
0.15701600 3.64592000
0.15706600 3.64426000
0.15711600 3.64261000
0.15716600 3.64096000
0.15721600 3.63932000
0.15726600 3.63768000
0.15731600 3.63605000
0.15736600 3.63442000
0.15741600 3.63280000
0.15746600 3.63118000
0.15751600 3.62956000
0.15756600 3.62795000
0.15761600 3.62635000
0.15766600 3.62475000
0.15771600 3.62315000
0.15776600 3.62156000
0.15781600 3.61998000
0.15786600 3.61839000
0.15791600 3.61682000
0.15796600 3.61524000
0.15801600 3.61367000
0.15806600 3.61211000
0.15811600 3.61055000
0.15816600 3.60900000
0.15821600 3.60745000
0.15826600 3.60590000
0.15831600 3.60436000
0.15836600 3.60282000
0.15841600 3.60129000
0.15846600 3.59976000
0.15851600 3.59824000
0.15856600 3.59672000
0.15861600 3.59521000
0.15866600 3.59370000
0.15871600 3.59219000
0.15876600 3.59069000
0.15881600 3.58919000
0.15886600 3.58770000
0.15891600 3.58622000
0.15896600 3.58473000
0.15901600 3.58325000
0.15906600 3.58178000
0.15911600 3.58031000
0.15916600 3.57884000
0.15921600 3.57738000
0.15926600 3.57593000
0.15931600 3.57447000
0.15936600 3.57303000
0.15941600 3.57158000
0.15946600 3.57014000
0.15951600 3.56871000
0.15956600 3.56728000
0.15961600 3.56585000
0.15966600 3.56443000
0.15971600 3.56301000
0.15976600 3.56160000
0.15981600 3.56019000
0.15986600 3.55878000
0.15991600 3.55738000
0.15996600 3.55599000
0.16001600 3.55459000
0.16006600 3.55321000
0.16011600 3.55182000
0.16016600 3.55044000
0.16021600 3.54907000
0.16026600 3.54770000
0.16031600 3.54633000
0.16036600 3.54497000
0.16041600 3.54361000
0.16046600 3.54226000
0.16051600 3.54091000
0.16056600 3.53956000
0.16061600 3.53822000
0.16066600 3.53689000
0.16071600 3.53555000
0.16076600 3.53422000
0.16081600 3.53290000
0.16086600 3.53158000
0.16091600 3.53026000
0.16096600 3.52895000
0.16101600 3.52764000
0.16106600 3.52634000
0.16111600 3.52504000
0.16116600 3.52374000
0.16121600 3.52245000
0.16126600 3.52117000
0.16131600 3.51988000
0.16136600 3.51860000
0.16141600 3.51733000
0.16146600 3.51606000
0.16151600 3.51479000
0.16156600 3.51353000
0.16161600 3.51227000
0.16166600 3.51102000
0.16171600 3.50976000
0.16176600 3.50852000
0.16181600 3.50728000
0.16186600 3.50604000
0.16191600 3.50480000
0.16196600 3.50357000
0.16201600 3.50235000
0.16206600 3.50112000
0.16211600 3.49991000
0.16216600 3.49869000
0.16221600 3.49748000
0.16226600 3.49627000
0.16231600 3.49507000
0.16236600 3.49387000
0.16241600 3.49268000
0.16246600 3.49149000
0.16251600 3.49030000
0.16256600 3.48912000
0.16261600 3.48794000
0.16266600 3.48677000
0.16271600 3.48560000
0.16276600 3.48443000
0.16281600 3.48327000
0.16286600 3.48211000
0.16291600 3.48095000
0.16296600 3.47980000
0.16301600 3.47865000
0.16306600 3.47751000
0.16311600 3.47637000
0.16316600 3.47523000
0.16321600 3.47410000
0.16326600 3.47297000
0.16331600 3.47185000
0.16336600 3.47073000
0.16341600 3.46961000
0.16346600 3.46850000
0.16351600 3.46739000
0.16356600 3.46629000
0.16361600 3.46519000
0.16366600 3.46409000
0.16371600 3.46299000
0.16376600 3.46190000
0.16381600 3.46082000
0.16386600 3.45974000
0.16391600 3.45866000
0.16396600 3.45758000
0.16401600 3.45651000
0.16406600 3.45545000
0.16411600 3.45438000
0.16416600 3.45332000
0.16421600 3.45227000
0.16426600 3.45122000
0.16431600 3.45017000
0.16436600 3.44912000
0.16441600 3.44808000
0.16446600 3.44705000
0.16451600 3.44601000
0.16456600 3.44498000
0.16461600 3.44396000
0.16466600 3.44293000
0.16471600 3.44192000
0.16476600 3.44090000
0.16481600 3.43989000
0.16486600 3.43888000
0.16491600 3.43788000
0.16496600 3.43688000
0.16501700 3.43588000
0.16506700 3.43489000
0.16511700 3.43390000
0.16516700 3.43291000
0.16521700 3.43193000
0.16526700 3.43095000
0.16531700 3.42998000
0.16536700 3.42901000
0.16541700 3.42804000
0.16546700 3.42708000
0.16551700 3.42612000
0.16556700 3.42516000
0.16561700 3.42421000
0.16566700 3.42326000
0.16571700 3.42231000
0.16576700 3.42137000
0.16581700 3.42043000
0.16586700 3.41950000
0.16591700 3.41857000
0.16596700 3.41764000
0.16601700 3.41672000
0.16606700 3.41580000
0.16611700 3.41488000
0.16616700 3.41396000
0.16621700 3.41305000
0.16626700 3.41215000
0.16631700 3.41124000
0.16636700 3.41035000
0.16641700 3.40945000
0.16646700 3.40856000
0.16651700 3.40767000
0.16656700 3.40678000
0.16661700 3.40590000
0.16666700 3.40502000
0.16671700 3.40415000
0.16676700 3.40328000
0.16681700 3.40241000
0.16686700 3.40154000
0.16691700 3.40068000
0.16696700 3.39983000
0.16701700 3.39897000
0.16706700 3.39812000
0.16711700 3.39727000
0.16716700 3.39643000
0.16721700 3.39559000
0.16726700 3.39475000
0.16731700 3.39392000
0.16736700 3.39309000
0.16741700 3.39226000
0.16746700 3.39144000
0.16751700 3.39062000
0.16756700 3.38980000
0.16761700 3.38899000
0.16766700 3.38818000
0.16771700 3.38738000
0.16776700 3.38657000
0.16781700 3.38577000
0.16786700 3.38498000
0.16791700 3.38419000
0.16796700 3.38340000
0.16801700 3.38261000
0.16806700 3.38183000
0.16811700 3.38105000
0.16816700 3.38027000
0.16821700 3.37950000
0.16826700 3.37873000
0.16831700 3.37797000
0.16836700 3.37720000
0.16841700 3.37644000
0.16846700 3.37569000
0.16851700 3.37494000
0.16856700 3.37419000
0.16861700 3.37344000
0.16866700 3.37270000
0.16871700 3.37196000
0.16876700 3.37122000
0.16881700 3.37049000
0.16886700 3.36976000
0.16891700 3.36904000
0.16896700 3.36831000
0.16901700 3.36759000
0.16906700 3.36688000
0.16911700 3.36616000
0.16916700 3.36545000
0.16921700 3.36475000
0.16926700 3.36405000
0.16931700 3.36335000
0.16936700 3.36265000
0.16941700 3.36196000
0.16946700 3.36127000
0.16951700 3.36058000
0.16956700 3.35989000
0.16961700 3.35921000
0.16966700 3.35854000
0.16971700 3.35786000
0.16976700 3.35719000
0.16981700 3.35652000
0.16986700 3.35586000
0.16991700 3.35520000
0.16996700 3.35454000
0.17001700 3.35389000
0.17006700 3.35323000
0.17011700 3.35259000
0.17016700 3.35194000
0.17021700 3.35130000
0.17026700 3.35066000
0.17031700 3.35002000
0.17036700 3.34939000
0.17041700 3.34876000
0.17046700 3.34813000
0.17051700 3.34751000
0.17056700 3.34689000
0.17061700 3.34627000
0.17066700 3.34566000
0.17071700 3.34505000
0.17076700 3.34444000
0.17081700 3.34384000
0.17086700 3.34324000
0.17091700 3.34264000
0.17096700 3.34204000
0.17101700 3.34145000
0.17106700 3.34086000
0.17111700 3.34028000
0.17116700 3.33970000
0.17121700 3.33912000
0.17126700 3.33854000
0.17131700 3.33797000
0.17136700 3.33740000
0.17141700 3.33683000
0.17146700 3.33626000
0.17151700 3.33570000
0.17156700 3.33515000
0.17161700 3.33459000
0.17166700 3.33404000
0.17171700 3.33349000
0.17176700 3.33294000
0.17181700 3.33240000
0.17186700 3.33186000
0.17191700 3.33133000
0.17196700 3.33079000
0.17201700 3.33026000
0.17206700 3.32973000
0.17211700 3.32921000
0.17216700 3.32869000
0.17221700 3.32817000
0.17226700 3.32765000
0.17231700 3.32714000
0.17236700 3.32663000
0.17241700 3.32613000
0.17246700 3.32562000
0.17251700 3.32512000
0.17256700 3.32462000
0.17261700 3.32413000
0.17266700 3.32364000
0.17271700 3.32315000
0.17276700 3.32267000
0.17281700 3.32218000
0.17286700 3.32170000
0.17291700 3.32123000
0.17296700 3.32075000
0.17301700 3.32028000
0.17306700 3.31981000
0.17311700 3.31935000
0.17316700 3.31889000
0.17321700 3.31843000
0.17326700 3.31797000
0.17331700 3.31752000
0.17336700 3.31707000
0.17341700 3.31662000
0.17346700 3.31618000
0.17351700 3.31574000
0.17356700 3.31530000
0.17361700 3.31486000
0.17366700 3.31443000
0.17371700 3.31400000
0.17376700 3.31357000
0.17381700 3.31315000
0.17386700 3.31273000
0.17391700 3.31231000
0.17396700 3.31190000
0.17401700 3.31148000
0.17406700 3.31108000
0.17411700 3.31067000
0.17416700 3.31027000
0.17421700 3.30986000
0.17426700 3.30947000
0.17431700 3.30907000
0.17436700 3.30868000
0.17441700 3.30829000
0.17446700 3.30790000
0.17451700 3.30752000
0.17456700 3.30714000
0.17461700 3.30676000
0.17466700 3.30639000
0.17471700 3.30601000
0.17476700 3.30565000
0.17481700 3.30528000
0.17486700 3.30492000
0.17491700 3.30455000
0.17496700 3.30420000
0.17501800 3.30384000
0.17506800 3.30349000
0.17511800 3.30314000
0.17516800 3.30279000
0.17521800 3.30245000
0.17526800 3.30211000
0.17531800 3.30177000
0.17536800 3.30143000
0.17541800 3.30110000
0.17546800 3.30077000
0.17551800 3.30044000
0.17556800 3.30012000
0.17561800 3.29980000
0.17566800 3.29948000
0.17571800 3.29916000
0.17576800 3.29885000
0.17581800 3.29854000
0.17586800 3.29823000
0.17591800 3.29793000
0.17596800 3.29763000
0.17601800 3.29733000
0.17606800 3.29703000
0.17611800 3.29674000
0.17616800 3.29644000
0.17621800 3.29616000
0.17626800 3.29587000
0.17631800 3.29559000
0.17636800 3.29531000
0.17641800 3.29503000
0.17646800 3.29476000
0.17651800 3.29448000
0.17656800 3.29421000
0.17661800 3.29395000
0.17666800 3.29368000
0.17671800 3.29342000
0.17676800 3.29316000
0.17681800 3.29291000
0.17686800 3.29266000
0.17691800 3.29241000
0.17696800 3.29216000
0.17701800 3.29191000
0.17706800 3.29167000
0.17711800 3.29143000
0.17716800 3.29119000
0.17721800 3.29096000
0.17726800 3.29073000
0.17731800 3.29050000
0.17736800 3.29027000
0.17741800 3.29005000
0.17746800 3.28983000
0.17751800 3.28961000
0.17756800 3.28940000
0.17761800 3.28918000
0.17766800 3.28897000
0.17771800 3.28877000
0.17776800 3.28856000
0.17781800 3.28836000
0.17786800 3.28816000
0.17791800 3.28796000
0.17796800 3.28777000
0.17801800 3.28758000
0.17806800 3.28739000
0.17811800 3.28720000
0.17816800 3.28702000
0.17821800 3.28684000
0.17826800 3.28666000
0.17831800 3.28648000
0.17836800 3.28631000
0.17841800 3.28614000
0.17846800 3.28597000
0.17851800 3.28581000
0.17856800 3.28564000
0.17861800 3.28548000
0.17866800 3.28533000
0.17871800 3.28517000
0.17876800 3.28502000
0.17881800 3.28487000
0.17886800 3.28472000
0.17891800 3.28458000
0.17896800 3.28444000
0.17901800 3.28430000
0.17906800 3.28416000
0.17911800 3.28403000
0.17916800 3.28389000
0.17921800 3.28377000
0.17926800 3.28364000
0.17931800 3.28351000
0.17936800 3.28339000
0.17941800 3.28327000
0.17946800 3.28316000
0.17951800 3.28304000
0.17956800 3.28293000
0.17961800 3.28283000
0.17966800 3.28272000
0.17971800 3.28262000
0.17976800 3.28251000
0.17981800 3.28242000
0.17986800 3.28232000
0.17991800 3.28223000
0.17996800 3.28214000
0.18001800 3.28205000
0.18006800 3.28196000
0.18011800 3.28188000
0.18016800 3.28180000
0.18021800 3.28172000
0.18026800 3.28164000
0.18031800 3.28157000
0.18036800 3.28150000
0.18041800 3.28143000
0.18046800 3.28137000
0.18051800 3.28130000
0.18056800 3.28124000
0.18061800 3.28119000
0.18066800 3.28113000
0.18071800 3.28108000
0.18076800 3.28103000
0.18081800 3.28098000
0.18086800 3.28093000
0.18091800 3.28089000
0.18096800 3.28085000
0.18101800 3.28081000
0.18106800 3.28077000
0.18111800 3.28074000
0.18116800 3.28071000
0.18121800 3.28068000
0.18126800 3.28066000
0.18131800 3.28063000
0.18136800 3.28061000
0.18141800 3.28059000
0.18146800 3.28058000
0.18151800 3.28056000
0.18156800 3.28055000
0.18161800 3.28054000
0.18166800 3.28054000
0.18171800 3.28053000
0.18176800 3.28053000
0.18181800 3.28053000
0.18186800 3.28054000
0.18191800 3.28054000
0.18196800 3.28055000
0.18201800 3.28056000
0.18206800 3.28057000
0.18211800 3.28059000
0.18216800 3.28061000
0.18221800 3.28063000
0.18226800 3.28065000
0.18231800 3.28068000
0.18236800 3.28070000
0.18241800 3.28073000
0.18246800 3.28077000
0.18251800 3.28080000
0.18256800 3.28084000
0.18261800 3.28088000
0.18266800 3.28092000
0.18271800 3.28097000
0.18276800 3.28101000
0.18281800 3.28106000
0.18286800 3.28111000
0.18291800 3.28117000
0.18296800 3.28122000
0.18301800 3.28128000
0.18306800 3.28134000
0.18311800 3.28141000
0.18316800 3.28147000
0.18321800 3.28154000
0.18326800 3.28161000
0.18331800 3.28168000
0.18336800 3.28176000
0.18341800 3.28184000
0.18346800 3.28192000
0.18351800 3.28200000
0.18356800 3.28208000
0.18361800 3.28217000
0.18366800 3.28226000
0.18371800 3.28235000
0.18376800 3.28245000
0.18381800 3.28254000
0.18386800 3.28264000
0.18391800 3.28274000
0.18396800 3.28284000
0.18401800 3.28295000
0.18406800 3.28306000
0.18411800 3.28317000
0.18416800 3.28328000
0.18421800 3.28340000
0.18426800 3.28351000
0.18431800 3.28363000
0.18436800 3.28375000
0.18441800 3.28388000
0.18446800 3.28401000
0.18451800 3.28413000
0.18456800 3.28427000
0.18461800 3.28440000
0.18466800 3.28453000
0.18471800 3.28467000
0.18476800 3.28481000
0.18481800 3.28495000
0.18486800 3.28510000
0.18491800 3.28525000
0.18496800 3.28540000
0.18501900 3.28555000
0.18506900 3.28570000
0.18511900 3.28586000
0.18516900 3.28602000
0.18521900 3.28618000
0.18526900 3.28634000
0.18531900 3.28650000
0.18536900 3.28667000
0.18541900 3.28684000
0.18546900 3.28701000
0.18551900 3.28719000
0.18556900 3.28736000
0.18561900 3.28754000
0.18566900 3.28772000
0.18571900 3.28791000
0.18576900 3.28809000
0.18581900 3.28828000
0.18586900 3.28847000
0.18591900 3.28866000
0.18596900 3.28886000
0.18601900 3.28905000
0.18606900 3.28925000
0.18611900 3.28945000
0.18616900 3.28966000
0.18621900 3.28986000
0.18626900 3.29007000
0.18631900 3.29028000
0.18636900 3.29049000
0.18641900 3.29071000
0.18646900 3.29092000
0.18651900 3.29114000
0.18656900 3.29136000
0.18661900 3.29158000
0.18666900 3.29181000
0.18671900 3.29204000
0.18676900 3.29227000
0.18681900 3.29250000
0.18686900 3.29273000
0.18691900 3.29297000
0.18696900 3.29321000
0.18701900 3.29345000
0.18706900 3.29369000
0.18711900 3.29394000
0.18716900 3.29418000
0.18721900 3.29443000
0.18726900 3.29468000
0.18731900 3.29494000
0.18736900 3.29519000
0.18741900 3.29545000
0.18746900 3.29571000
0.18751900 3.29597000
0.18756900 3.29624000
0.18761900 3.29650000
0.18766900 3.29677000
0.18771900 3.29704000
0.18776900 3.29732000
0.18781900 3.29759000
0.18786900 3.29787000
0.18791900 3.29815000
0.18796900 3.29843000
0.18801900 3.29871000
0.18806900 3.29900000
0.18811900 3.29928000
0.18816900 3.29957000
0.18821900 3.29987000
0.18826900 3.30016000
0.18831900 3.30046000
0.18836900 3.30075000
0.18841900 3.30105000
0.18846900 3.30136000
0.18851900 3.30166000
0.18856900 3.30197000
0.18861900 3.30228000
0.18866900 3.30259000
0.18871900 3.30290000
0.18876900 3.30322000
0.18881900 3.30353000
0.18886900 3.30385000
0.18891900 3.30417000
0.18896900 3.30450000
0.18901900 3.30482000
0.18906900 3.30515000
0.18911900 3.30548000
0.18916900 3.30581000
0.18921900 3.30614000
0.18926900 3.30648000
0.18931900 3.30682000
0.18936900 3.30716000
0.18941900 3.30750000
0.18946900 3.30784000
0.18951900 3.30819000
0.18956900 3.30854000
0.18961900 3.30889000
0.18966900 3.30924000
0.18971900 3.30959000
0.18976900 3.30995000
0.18981900 3.31031000
0.18986900 3.31067000
0.18991900 3.31103000
0.18996900 3.31139000
0.19001900 3.31176000
0.19006900 3.31213000
0.19011900 3.31250000
0.19016900 3.31287000
0.19021900 3.31324000
0.19026900 3.31362000
0.19031900 3.31400000
0.19036900 3.31438000
0.19041900 3.31476000
0.19046900 3.31515000
0.19051900 3.31553000
0.19056900 3.31592000
0.19061900 3.31631000
0.19066900 3.31670000
0.19071900 3.31710000
0.19076900 3.31749000
0.19081900 3.31789000
0.19086900 3.31829000
0.19091900 3.31869000
0.19096900 3.31910000
0.19101900 3.31950000
0.19106900 3.31991000
0.19111900 3.32032000
0.19116900 3.32073000
0.19121900 3.32115000
0.19126900 3.32156000
0.19131900 3.32198000
0.19136900 3.32240000
0.19141900 3.32282000
0.19146900 3.32324000
0.19151900 3.32367000
0.19156900 3.32410000
0.19161900 3.32453000
0.19166900 3.32496000
0.19171900 3.32539000
0.19176900 3.32583000
0.19181900 3.32626000
0.19186900 3.32670000
0.19191900 3.32714000
0.19196900 3.32758000
0.19201900 3.32803000
0.19206900 3.32848000
0.19211900 3.32892000
0.19216900 3.32937000
0.19221900 3.32983000
0.19226900 3.33028000
0.19231900 3.33074000
0.19236900 3.33119000
0.19241900 3.33165000
0.19246900 3.33211000
0.19251900 3.33258000
0.19256900 3.33304000
0.19261900 3.33351000
0.19266900 3.33398000
0.19271900 3.33445000
0.19276900 3.33492000
0.19281900 3.33540000
0.19286900 3.33587000
0.19291900 3.33635000
0.19296900 3.33683000
0.19301900 3.33731000
0.19306900 3.33780000
0.19311900 3.33828000
0.19316900 3.33877000
0.19321900 3.33926000
0.19326900 3.33975000
0.19331900 3.34024000
0.19336900 3.34074000
0.19341900 3.34123000
0.19346900 3.34173000
0.19351900 3.34223000
0.19356900 3.34273000
0.19361900 3.34324000
0.19366900 3.34374000
0.19371900 3.34425000
0.19376900 3.34476000
0.19381900 3.34527000
0.19386900 3.34578000
0.19391900 3.34630000
0.19396900 3.34681000
0.19401900 3.34733000
0.19406900 3.34785000
0.19411900 3.34837000
0.19416900 3.34890000
0.19421900 3.34942000
0.19426900 3.34995000
0.19431900 3.35048000
0.19436900 3.35101000
0.19441900 3.35154000
0.19446900 3.35207000
0.19451900 3.35261000
0.19456900 3.35315000
0.19461900 3.35369000
0.19466900 3.35423000
0.19471900 3.35477000
0.19476900 3.35531000
0.19481900 3.35586000
0.19486900 3.35641000
0.19491900 3.35696000
0.19496900 3.35751000
0.19502000 3.35806000
0.19507000 3.35861000
0.19512000 3.35917000
0.19517000 3.35973000
0.19522000 3.36029000
0.19527000 3.36085000
0.19532000 3.36141000
0.19537000 3.36198000
0.19542000 3.36254000
0.19547000 3.36311000
0.19552000 3.36368000
0.19557000 3.36425000
0.19562000 3.36483000
0.19567000 3.36540000
0.19572000 3.36598000
0.19577000 3.36655000
0.19582000 3.36713000
0.19587000 3.36772000
0.19592000 3.36830000
0.19597000 3.36888000
0.19602000 3.36947000
0.19607000 3.37006000
0.19612000 3.37065000
0.19617000 3.37124000
0.19622000 3.37183000
0.19627000 3.37242000
0.19632000 3.37302000
0.19637000 3.37362000
0.19642000 3.37422000
0.19647000 3.37482000
0.19652000 3.37542000
0.19657000 3.37602000
0.19662000 3.37663000
0.19667000 3.37724000
0.19672000 3.37784000
0.19677000 3.37845000
0.19682000 3.37907000
0.19687000 3.37968000
0.19692000 3.38029000
0.19697000 3.38091000
0.19702000 3.38153000
0.19707000 3.38215000
0.19712000 3.38277000
0.19717000 3.38339000
0.19722000 3.38402000
0.19727000 3.38464000
0.19732000 3.38527000
0.19737000 3.38590000
0.19742000 3.38653000
0.19747000 3.38716000
0.19752000 3.38779000
0.19757000 3.38843000
0.19762000 3.38906000
0.19767000 3.38970000
0.19772000 3.39034000
0.19777000 3.39098000
0.19782000 3.39162000
0.19787000 3.39227000
0.19792000 3.39291000
0.19797000 3.39356000
0.19802000 3.39421000
0.19807000 3.39486000
0.19812000 3.39551000
0.19817000 3.39616000
0.19822000 3.39682000
0.19827000 3.39747000
0.19832000 3.39813000
0.19837000 3.39879000
0.19842000 3.39945000
0.19847000 3.40011000
0.19852000 3.40077000
0.19857000 3.40144000
0.19862000 3.40210000
0.19867000 3.40277000
0.19872000 3.40344000
0.19877000 3.40411000
0.19882000 3.40478000
0.19887000 3.40545000
0.19892000 3.40612000
0.19897000 3.40680000
0.19902000 3.40748000
0.19907000 3.40815000
0.19912000 3.40883000
0.19917000 3.40951000
0.19922000 3.41020000
0.19927000 3.41088000
0.19932000 3.41157000
0.19937000 3.41225000
0.19942000 3.41294000
0.19947000 3.41363000
0.19952000 3.41432000
0.19957000 3.41501000
0.19962000 3.41570000
0.19967000 3.41640000
0.19972000 3.41709000
0.19977000 3.41779000
0.19982000 3.41849000
0.19987000 3.41919000
0.19992000 3.41989000
0.19997000 3.42059000
0.20002000 3.42130000
0.20007000 3.42200000
0.20012000 3.42271000
0.20017000 3.42341000
0.20022000 3.42412000
0.20027000 3.42483000
0.20032000 3.42554000
0.20037000 3.42626000
0.20042000 3.42697000
0.20047000 3.42768000
0.20052000 3.42840000
0.20057000 3.42912000
0.20062000 3.42984000
0.20067000 3.43056000
0.20072000 3.43128000
0.20077000 3.43200000
0.20082000 3.43272000
0.20087000 3.43345000
0.20092000 3.43417000
0.20097000 3.43490000
0.20102000 3.43563000
0.20107000 3.43636000
0.20112000 3.43709000
0.20117000 3.43782000
0.20122000 3.43855000
0.20127000 3.43929000
0.20132000 3.44002000
0.20137000 3.44076000
0.20142000 3.44150000
0.20147000 3.44224000
0.20152000 3.44298000
0.20157000 3.44372000
0.20162000 3.44446000
0.20167000 3.44520000
0.20172000 3.44595000
0.20177000 3.44669000
0.20182000 3.44744000
0.20187000 3.44819000
0.20192000 3.44894000
0.20197000 3.44969000
0.20202000 3.45044000
0.20207000 3.45119000
0.20212000 3.45194000
0.20217000 3.45270000
0.20222000 3.45345000
0.20227000 3.45421000
0.20232000 3.45496000
0.20237000 3.45572000
0.20242000 3.45648000
0.20247000 3.45724000
0.20252000 3.45800000
0.20257000 3.45877000
0.20262000 3.45953000
0.20267000 3.46030000
0.20272000 3.46106000
0.20277000 3.46183000
0.20282000 3.46259000
0.20287000 3.46336000
0.20292000 3.46413000
0.20297000 3.46490000
0.20302000 3.46567000
0.20307000 3.46645000
0.20312000 3.46722000
0.20317000 3.46800000
0.20322000 3.46877000
0.20327000 3.46955000
0.20332000 3.47032000
0.20337000 3.47110000
0.20342000 3.47188000
0.20347000 3.47266000
0.20352000 3.47344000
0.20357000 3.47422000
0.20362000 3.47501000
0.20367000 3.47579000
0.20372000 3.47657000
0.20377000 3.47736000
0.20382000 3.47815000
0.20387000 3.47893000
0.20392000 3.47972000
0.20397000 3.48051000
0.20402000 3.48130000
0.20407000 3.48209000
0.20412000 3.48288000
0.20417000 3.48367000
0.20422000 3.48447000
0.20427000 3.48526000
0.20432000 3.48605000
0.20437000 3.48685000
0.20442000 3.48765000
0.20447000 3.48844000
0.20452000 3.48924000
0.20457000 3.49004000
0.20462000 3.49084000
0.20467000 3.49164000
0.20472000 3.49244000
0.20477000 3.49324000
0.20482000 3.49404000
0.20487000 3.49485000
0.20492000 3.49565000
0.20497000 3.49646000
0.20502100 3.49726000
0.20507100 3.49807000
0.20512100 3.49887000
0.20517100 3.49968000
0.20522100 3.50049000
0.20527100 3.50130000
0.20532100 3.50211000
0.20537100 3.50292000
0.20542100 3.50373000
0.20547100 3.50454000
0.20552100 3.50535000
0.20557100 3.50617000
0.20562100 3.50698000
0.20567100 3.50779000
0.20572100 3.50861000
0.20577100 3.50942000
0.20582100 3.51024000
0.20587100 3.51106000
0.20592100 3.51187000
0.20597100 3.51269000
0.20602100 3.51351000
0.20607100 3.51433000
0.20612100 3.51515000
0.20617100 3.51597000
0.20622100 3.51679000
0.20627100 3.51761000
0.20632100 3.51843000
0.20637100 3.51925000
0.20642100 3.52008000
0.20647100 3.52090000
0.20652100 3.52172000
0.20657100 3.52255000
0.20662100 3.52337000
0.20667100 3.52420000
0.20672100 3.52502000
0.20677100 3.52585000
0.20682100 3.52668000
0.20687100 3.52750000
0.20692100 3.52833000
0.20697100 3.52916000
0.20702100 3.52999000
0.20707100 3.53082000
0.20712100 3.53165000
0.20717100 3.53248000
0.20722100 3.53331000
0.20727100 3.53414000
0.20732100 3.53497000
0.20737100 3.53580000
0.20742100 3.53663000
0.20747100 3.53747000
0.20752100 3.53830000
0.20757100 3.53913000
0.20762100 3.53997000
0.20767100 3.54080000
0.20772100 3.54163000
0.20777100 3.54247000
0.20782100 3.54330000
0.20787100 3.54414000
0.20792100 3.54497000
0.20797100 3.54581000
0.20802100 3.54664000
0.20807100 3.54748000
0.20812100 3.54832000
0.20817100 3.54915000
0.20822100 3.54999000
0.20827100 3.55083000
0.20832100 3.55167000
0.20837100 3.55251000
0.20842100 3.55334000
0.20847100 3.55418000
0.20852100 3.55502000
0.20857100 3.55586000
0.20862100 3.55670000
0.20867100 3.55754000
0.20872100 3.55838000
0.20877100 3.55922000
0.20882100 3.56006000
0.20887100 3.56090000
0.20892100 3.56174000
0.20897100 3.56258000
0.20902100 3.56342000
0.20907100 3.56426000
0.20912100 3.56510000
0.20917100 3.56594000
0.20922100 3.56678000
0.20927100 3.56762000
0.20932100 3.56846000
0.20937100 3.56930000
0.20942100 3.57014000
0.20947100 3.57099000
0.20952100 3.57183000
0.20957100 3.57267000
0.20962100 3.57351000
0.20967100 3.57435000
0.20972100 3.57519000
0.20977100 3.57603000
0.20982100 3.57688000
0.20987100 3.57772000
0.20992100 3.57856000
0.20997100 3.57940000
0.21002100 3.58024000
0.21007100 3.58108000
0.21012100 3.58193000
0.21017100 3.58277000
0.21022100 3.58361000
0.21027100 3.58445000
0.21032100 3.58529000
0.21037100 3.58613000
0.21042100 3.58697000
0.21047100 3.58781000
0.21052100 3.58865000
0.21057100 3.58950000
0.21062100 3.59034000
0.21067100 3.59118000
0.21072100 3.59202000
0.21077100 3.59286000
0.21082100 3.59370000
0.21087100 3.59454000
0.21092100 3.59538000
0.21097100 3.59622000
0.21102100 3.59706000
0.21107100 3.59790000
0.21112100 3.59873000
0.21117100 3.59957000
0.21122100 3.60041000
0.21127100 3.60125000
0.21132100 3.60209000
0.21137100 3.60293000
0.21142100 3.60376000
0.21147100 3.60460000
0.21152100 3.60544000
0.21157100 3.60627000
0.21162100 3.60711000
0.21167100 3.60795000
0.21172100 3.60878000
0.21177100 3.60962000
0.21182100 3.61045000
0.21187100 3.61129000
0.21192100 3.61212000
0.21197100 3.61296000
0.21202100 3.61379000
0.21207100 3.61463000
0.21212100 3.61546000
0.21217100 3.61629000
0.21222100 3.61712000
0.21227100 3.61796000
0.21232100 3.61879000
0.21237100 3.61962000
0.21242100 3.62045000
0.21247100 3.62128000
0.21252100 3.62211000
0.21257100 3.62294000
0.21262100 3.62377000
0.21267100 3.62459000
0.21272100 3.62542000
0.21277100 3.62625000
0.21282100 3.62708000
0.21287100 3.62790000
0.21292100 3.62873000
0.21297100 3.62955000
0.21302100 3.63038000
0.21307100 3.63120000
0.21312100 3.63203000
0.21317100 3.63285000
0.21322100 3.63367000
0.21327100 3.63449000
0.21332100 3.63532000
0.21337100 3.63614000
0.21342100 3.63696000
0.21347100 3.63778000
0.21352100 3.63860000
0.21357100 3.63941000
0.21362100 3.64023000
0.21367100 3.64105000
0.21372100 3.64186000
0.21377100 3.64268000
0.21382100 3.64349000
0.21387100 3.64431000
0.21392100 3.64512000
0.21397100 3.64594000
0.21402100 3.64675000
0.21407100 3.64756000
0.21412100 3.64837000
0.21417100 3.64918000
0.21422100 3.64999000
0.21427100 3.65080000
0.21432100 3.65160000
0.21437100 3.65241000
0.21442100 3.65322000
0.21447100 3.65402000
0.21452100 3.65483000
0.21457100 3.65563000
0.21462100 3.65643000
0.21467100 3.65723000
0.21472100 3.65804000
0.21477100 3.65884000
0.21482100 3.65964000
0.21487100 3.66043000
0.21492100 3.66123000
0.21497100 3.66203000
0.21502200 3.66282000
0.21507200 3.66362000
0.21512200 3.66441000
0.21517200 3.66520000
0.21522200 3.66600000
0.21527200 3.66679000
0.21532200 3.66758000
0.21537200 3.66837000
0.21542200 3.66916000
0.21547200 3.66994000
0.21552200 3.67073000
0.21557200 3.67151000
0.21562200 3.67230000
0.21567200 3.67308000
0.21572200 3.67386000
0.21577200 3.67464000
0.21582200 3.67542000
0.21587200 3.67620000
0.21592200 3.67698000
0.21597200 3.67776000
0.21602200 3.67853000
0.21607200 3.67931000
0.21612200 3.68008000
0.21617200 3.68085000
0.21622200 3.68162000
0.21627200 3.68240000
0.21632200 3.68316000
0.21637200 3.68393000
0.21642200 3.68470000
0.21647200 3.68546000
0.21652200 3.68623000
0.21657200 3.68699000
0.21662200 3.68775000
0.21667200 3.68851000
0.21672200 3.68927000
0.21677200 3.69003000
0.21682200 3.69079000
0.21687200 3.69154000
0.21692200 3.69230000
0.21697200 3.69305000
0.21702200 3.69380000
0.21707200 3.69455000
0.21712200 3.69530000
0.21717200 3.69605000
0.21722200 3.69680000
0.21727200 3.69754000
0.21732200 3.69829000
0.21737200 3.69903000
0.21742200 3.69977000
0.21747200 3.70051000
0.21752200 3.70125000
0.21757200 3.70199000
0.21762200 3.70272000
0.21767200 3.70346000
0.21772200 3.70419000
0.21777200 3.70492000
0.21782200 3.70565000
0.21787200 3.70638000
0.21792200 3.70711000
0.21797200 3.70783000
0.21802200 3.70856000
0.21807200 3.70928000
0.21812200 3.71000000
0.21817200 3.71072000
0.21822200 3.71144000
0.21827200 3.71216000
0.21832200 3.71287000
0.21837200 3.71359000
0.21842200 3.71430000
0.21847200 3.71501000
0.21852200 3.71572000
0.21857200 3.71643000
0.21862200 3.71713000
0.21867200 3.71784000
0.21872200 3.71854000
0.21877200 3.71924000
0.21882200 3.71994000
0.21887200 3.72064000
0.21892200 3.72134000
0.21897200 3.72203000
0.21902200 3.72272000
0.21907200 3.72341000
0.21912200 3.72410000
0.21917200 3.72479000
0.21922200 3.72548000
0.21927200 3.72616000
0.21932200 3.72685000
0.21937200 3.72753000
0.21942200 3.72821000
0.21947200 3.72889000
0.21952200 3.72956000
0.21957200 3.73024000
0.21962200 3.73091000
0.21967200 3.73158000
0.21972200 3.73225000
0.21977200 3.73292000
0.21982200 3.73358000
0.21987200 3.73425000
0.21992200 3.73491000
0.21997200 3.73557000
0.22002200 3.73623000
0.22007200 3.73688000
0.22012200 3.73754000
0.22017200 3.73819000
0.22022200 3.73884000
0.22027200 3.73949000
0.22032200 3.74014000
0.22037200 3.74078000
0.22042200 3.74143000
0.22047200 3.74207000
0.22052200 3.74271000
0.22057200 3.74335000
0.22062200 3.74398000
0.22067200 3.74461000
0.22072200 3.74525000
0.22077200 3.74588000
0.22082200 3.74650000
0.22087200 3.74713000
0.22092200 3.74775000
0.22097200 3.74838000
0.22102200 3.74900000
0.22107200 3.74961000
0.22112200 3.75023000
0.22117200 3.75084000
0.22122200 3.75146000
0.22127200 3.75207000
0.22132200 3.75267000
0.22137200 3.75328000
0.22142200 3.75388000
0.22147200 3.75449000
0.22152200 3.75508000
0.22157200 3.75568000
0.22162200 3.75628000
0.22167200 3.75687000
0.22172200 3.75746000
0.22177200 3.75805000
0.22182200 3.75864000
0.22187200 3.75922000
0.22192200 3.75980000
0.22197200 3.76039000
0.22202200 3.76096000
0.22207200 3.76154000
0.22212200 3.76211000
0.22217200 3.76269000
0.22222200 3.76325000
0.22227200 3.76382000
0.22232200 3.76439000
0.22237200 3.76495000
0.22242200 3.76551000
0.22247200 3.76607000
0.22252200 3.76663000
0.22257200 3.76718000
0.22262200 3.76773000
0.22267200 3.76828000
0.22272200 3.76883000
0.22277200 3.76937000
0.22282200 3.76991000
0.22287200 3.77046000
0.22292200 3.77099000
0.22297200 3.77153000
0.22302200 3.77206000
0.22307200 3.77259000
0.22312200 3.77312000
0.22317200 3.77365000
0.22322200 3.77417000
0.22327200 3.77469000
0.22332200 3.77521000
0.22337200 3.77573000
0.22342200 3.77624000
0.22347200 3.77676000
0.22352200 3.77727000
0.22357200 3.77777000
0.22362200 3.77828000
0.22367200 3.77878000
0.22372200 3.77928000
0.22377200 3.77978000
0.22382200 3.78027000
0.22387200 3.78077000
0.22392200 3.78126000
0.22397200 3.78174000
0.22402200 3.78223000
0.22407200 3.78271000
0.22412200 3.78319000
0.22417200 3.78367000
0.22422200 3.78415000
0.22427200 3.78462000
0.22432200 3.78509000
0.22437200 3.78556000
0.22442200 3.78602000
0.22447200 3.78649000
0.22452200 3.78695000
0.22457200 3.78740000
0.22462200 3.78786000
0.22467200 3.78831000
0.22472200 3.78876000
0.22477200 3.78921000
0.22482200 3.78965000
0.22487200 3.79010000
0.22492200 3.79054000
0.22497200 3.79097000
0.22502300 3.79141000
0.22507300 3.79184000
0.22512300 3.79227000
0.22517300 3.79270000
0.22522300 3.79312000
0.22527300 3.79354000
0.22532300 3.79396000
0.22537300 3.79438000
0.22542300 3.79479000
0.22547300 3.79520000
0.22552300 3.79561000
0.22557300 3.79602000
0.22562300 3.79642000
0.22567300 3.79682000
0.22572300 3.79722000
0.22577300 3.79761000
0.22582300 3.79800000
0.22587300 3.79839000
0.22592300 3.79878000
0.22597300 3.79916000
0.22602300 3.79954000
0.22607300 3.79992000
0.22612300 3.80030000
0.22617300 3.80067000
0.22622300 3.80104000
0.22627300 3.80141000
0.22632300 3.80178000
0.22637300 3.80214000
0.22642300 3.80250000
0.22647300 3.80285000
0.22652300 3.80321000
0.22657300 3.80356000
0.22662300 3.80391000
0.22667300 3.80425000
0.22672300 3.80459000
0.22677300 3.80493000
0.22682300 3.80527000
0.22687300 3.80561000
0.22692300 3.80594000
0.22697300 3.80627000
0.22702300 3.80659000
0.22707300 3.80691000
0.22712300 3.80723000
0.22717300 3.80755000
0.22722300 3.80787000
0.22727300 3.80818000
0.22732300 3.80849000
0.22737300 3.80879000
0.22742300 3.80910000
0.22747300 3.80940000
0.22752300 3.80969000
0.22757300 3.80999000
0.22762300 3.81028000
0.22767300 3.81057000
0.22772300 3.81085000
0.22777300 3.81114000
0.22782300 3.81142000
0.22787300 3.81169000
0.22792300 3.81197000
0.22797300 3.81224000
0.22802300 3.81251000
0.22807300 3.81277000
0.22812300 3.81304000
0.22817300 3.81330000
0.22822300 3.81355000
0.22827300 3.81381000
0.22832300 3.81406000
0.22837300 3.81430000
0.22842300 3.81455000
0.22847300 3.81479000
0.22852300 3.81503000
0.22857300 3.81527000
0.22862300 3.81550000
0.22867300 3.81573000
0.22872300 3.81596000
0.22877300 3.81618000
0.22882300 3.81640000
0.22887300 3.81662000
0.22892300 3.81684000
0.22897300 3.81705000
0.22902300 3.81726000
0.22907300 3.81746000
0.22912300 3.81767000
0.22917300 3.81787000
0.22922300 3.81807000
0.22927300 3.81826000
0.22932300 3.81845000
0.22937300 3.81864000
0.22942300 3.81883000
0.22947300 3.81901000
0.22952300 3.81919000
0.22957300 3.81936000
0.22962300 3.81954000
0.22967300 3.81971000
0.22972300 3.81987000
0.22977300 3.82004000
0.22982300 3.82020000
0.22987300 3.82036000
0.22992300 3.82051000
0.22997300 3.82067000
0.23002300 3.82081000
0.23007300 3.82096000
0.23012300 3.82110000
0.23017300 3.82124000
0.23022300 3.82138000
0.23027300 3.82152000
0.23032300 3.82165000
0.23037300 3.82177000
0.23042300 3.82190000
0.23047300 3.82202000
0.23052300 3.82214000
0.23057300 3.82225000
0.23062300 3.82237000
0.23067300 3.82248000
0.23072300 3.82258000
0.23077300 3.82269000
0.23082300 3.82279000
0.23087300 3.82288000
0.23092300 3.82298000
0.23097300 3.82307000
0.23102300 3.82316000
0.23107300 3.82324000
0.23112300 3.82333000
0.23117300 3.82340000
0.23122300 3.82348000
0.23127300 3.82355000
0.23132300 3.82362000
0.23137300 3.82369000
0.23142300 3.82375000
0.23147300 3.82381000
0.23152300 3.82387000
0.23157300 3.82392000
0.23162300 3.82398000
0.23167300 3.82402000
0.23172300 3.82407000
0.23177300 3.82411000
0.23182300 3.82415000
0.23187300 3.82419000
0.23192300 3.82422000
0.23197300 3.82425000
0.23202300 3.82427000
0.23207300 3.82430000
0.23212300 3.82432000
0.23217300 3.82434000
0.23222300 3.82435000
0.23227300 3.82436000
0.23232300 3.82437000
0.23237300 3.82437000
0.23242300 3.82438000
0.23247300 3.82438000
0.23252300 3.82437000
0.23257300 3.82436000
0.23262300 3.82435000
0.23267300 3.82434000
0.23272300 3.82432000
0.23277300 3.82430000
0.23282300 3.82428000
0.23287300 3.82426000
0.23292300 3.82423000
0.23297300 3.82419000
0.23302300 3.82416000
0.23307300 3.82412000
0.23312300 3.82408000
0.23317300 3.82404000
0.23322300 3.82399000
0.23327300 3.82394000
0.23332300 3.82389000
0.23337300 3.82383000
0.23342300 3.82377000
0.23347300 3.82371000
0.23352300 3.82364000
0.23357300 3.82357000
0.23362300 3.82350000
0.23367300 3.82343000
0.23372300 3.82335000
0.23377300 3.82327000
0.23382300 3.82318000
0.23387300 3.82309000
0.23392300 3.82300000
0.23397300 3.82291000
0.23402300 3.82282000
0.23407300 3.82272000
0.23412300 3.82261000
0.23417300 3.82251000
0.23422300 3.82240000
0.23427300 3.82229000
0.23432300 3.82217000
0.23437300 3.82206000
0.23442300 3.82194000
0.23447300 3.82181000
0.23452300 3.82168000
0.23457300 3.82155000
0.23462300 3.82142000
0.23467300 3.82129000
0.23472300 3.82115000
0.23477300 3.82101000
0.23482300 3.82086000
0.23487300 3.82071000
0.23492300 3.82056000
0.23497300 3.82041000
0.23502400 3.82025000
0.23507400 3.82009000
0.23512400 3.81993000
0.23517400 3.81976000
0.23522400 3.81959000
0.23527400 3.81942000
0.23532400 3.81925000
0.23537400 3.81907000
0.23542400 3.81889000
0.23547400 3.81870000
0.23552400 3.81852000
0.23557400 3.81833000
0.23562400 3.81813000
0.23567400 3.81794000
0.23572400 3.81774000
0.23577400 3.81754000
0.23582400 3.81733000
0.23587400 3.81713000
0.23592400 3.81692000
0.23597400 3.81670000
0.23602400 3.81649000
0.23607400 3.81627000
0.23612400 3.81604000
0.23617400 3.81582000
0.23622400 3.81559000
0.23627400 3.81536000
0.23632400 3.81513000
0.23637400 3.81489000
0.23642400 3.81465000
0.23647400 3.81441000
0.23652400 3.81416000
0.23657400 3.81391000
0.23662400 3.81366000
0.23667400 3.81341000
0.23672400 3.81315000
0.23677400 3.81289000
0.23682400 3.81262000
0.23687400 3.81236000
0.23692400 3.81209000
0.23697400 3.81182000
0.23702400 3.81154000
0.23707400 3.81127000
0.23712400 3.81099000
0.23717400 3.81070000
0.23722400 3.81042000
0.23727400 3.81013000
0.23732400 3.80984000
0.23737400 3.80954000
0.23742400 3.80924000
0.23747400 3.80894000
0.23752400 3.80864000
0.23757400 3.80833000
0.23762400 3.80803000
0.23767400 3.80771000
0.23772400 3.80740000
0.23777400 3.80708000
0.23782400 3.80676000
0.23787400 3.80644000
0.23792400 3.80612000
0.23797400 3.80579000
0.23802400 3.80546000
0.23807400 3.80512000
0.23812400 3.80479000
0.23817400 3.80445000
0.23822400 3.80410000
0.23827400 3.80376000
0.23832400 3.80341000
0.23837400 3.80306000
0.23842400 3.80271000
0.23847400 3.80235000
0.23852400 3.80199000
0.23857400 3.80163000
0.23862400 3.80127000
0.23867400 3.80090000
0.23872400 3.80053000
0.23877400 3.80016000
0.23882400 3.79979000
0.23887400 3.79941000
0.23892400 3.79903000
0.23897400 3.79865000
0.23902400 3.79826000
0.23907400 3.79787000
0.23912400 3.79748000
0.23917400 3.79709000
0.23922400 3.79669000
0.23927400 3.79629000
0.23932400 3.79589000
0.23937400 3.79549000
0.23942400 3.79508000
0.23947400 3.79467000
0.23952400 3.79426000
0.23957400 3.79385000
0.23962400 3.79343000
0.23967400 3.79301000
0.23972400 3.79259000
0.23977400 3.79216000
0.23982400 3.79174000
0.23987400 3.79131000
0.23992400 3.79087000
0.23997400 3.79044000
0.24002400 3.79000000
0.24007400 3.78956000
0.24012400 3.78912000
0.24017400 3.78867000
0.24022400 3.78823000
0.24027400 3.78778000
0.24032400 3.78732000
0.24037400 3.78687000
0.24042400 3.78641000
0.24047400 3.78595000
0.24052400 3.78549000
0.24057400 3.78502000
0.24062400 3.78456000
0.24067400 3.78409000
0.24072400 3.78361000
0.24077400 3.78314000
0.24082400 3.78266000
0.24087400 3.78218000
0.24092400 3.78170000
0.24097400 3.78121000
0.24102400 3.78073000
0.24107400 3.78024000
0.24112400 3.77975000
0.24117400 3.77925000
0.24122400 3.77876000
0.24127400 3.77826000
0.24132400 3.77776000
0.24137400 3.77725000
0.24142400 3.77675000
0.24147400 3.77624000
0.24152400 3.77573000
0.24157400 3.77521000
0.24162400 3.77470000
0.24167400 3.77418000
0.24172400 3.77366000
0.24177400 3.77314000
0.24182400 3.77261000
0.24187400 3.77209000
0.24192400 3.77156000
0.24197400 3.77103000
0.24202400 3.77049000
0.24207400 3.76996000
0.24212400 3.76942000
0.24217400 3.76888000
0.24222400 3.76833000
0.24227400 3.76779000
0.24232400 3.76724000
0.24237400 3.76669000
0.24242400 3.76614000
0.24247400 3.76559000
0.24252400 3.76503000
0.24257400 3.76447000
0.24262400 3.76391000
0.24267400 3.76335000
0.24272400 3.76279000
0.24277400 3.76222000
0.24282400 3.76165000
0.24287400 3.76108000
0.24292400 3.76051000
0.24297400 3.75993000
0.24302400 3.75935000
0.24307400 3.75877000
0.24312400 3.75819000
0.24317400 3.75761000
0.24322400 3.75702000
0.24327400 3.75643000
0.24332400 3.75584000
0.24337400 3.75525000
0.24342400 3.75466000
0.24347400 3.75406000
0.24352400 3.75346000
0.24357400 3.75286000
0.24362400 3.75226000
0.24367400 3.75166000
0.24372400 3.75105000
0.24377400 3.75044000
0.24382400 3.74983000
0.24387400 3.74922000
0.24392400 3.74861000
0.24397400 3.74799000
0.24402400 3.74737000
0.24407400 3.74675000
0.24412400 3.74613000
0.24417400 3.74550000
0.24422400 3.74488000
0.24427400 3.74425000
0.24432400 3.74362000
0.24437400 3.74299000
0.24442400 3.74236000
0.24447400 3.74172000
0.24452400 3.74108000
0.24457400 3.74044000
0.24462400 3.73980000
0.24467400 3.73916000
0.24472400 3.73852000
0.24477400 3.73787000
0.24482400 3.73722000
0.24487400 3.73657000
0.24492400 3.73592000
0.24497400 3.73526000
0.24502500 3.73461000
0.24507500 3.73395000
0.24512500 3.73329000
0.24517500 3.73263000
0.24522500 3.73197000
0.24527500 3.73130000
0.24532500 3.73064000
0.24537500 3.72997000
0.24542500 3.72930000
0.24547500 3.72863000
0.24552500 3.72796000
0.24557500 3.72728000
0.24562500 3.72660000
0.24567500 3.72593000
0.24572500 3.72525000
0.24577500 3.72456000
0.24582500 3.72388000
0.24587500 3.72320000
0.24592500 3.72251000
0.24597500 3.72182000
0.24602500 3.72113000
0.24607500 3.72044000
0.24612500 3.71975000
0.24617500 3.71905000
0.24622500 3.71836000
0.24627500 3.71766000
0.24632500 3.71696000
0.24637500 3.71626000
0.24642500 3.71556000
0.24647500 3.71485000
0.24652500 3.71415000
0.24657500 3.71344000
0.24662500 3.71273000
0.24667500 3.71202000
0.24672500 3.71131000
0.24677500 3.71060000
0.24682500 3.70988000
0.24687500 3.70917000
0.24692500 3.70845000
0.24697500 3.70773000
0.24702500 3.70701000
0.24707500 3.70629000
0.24712500 3.70556000
0.24717500 3.70484000
0.24722500 3.70411000
0.24727500 3.70338000
0.24732500 3.70265000
0.24737500 3.70192000
0.24742500 3.70119000
0.24747500 3.70046000
0.24752500 3.69972000
0.24757500 3.69899000
0.24762500 3.69825000
0.24767500 3.69751000
0.24772500 3.69677000
0.24777500 3.69603000
0.24782500 3.69529000
0.24787500 3.69454000
0.24792500 3.69380000
0.24797500 3.69305000
0.24802500 3.69230000
0.24807500 3.69155000
0.24812500 3.69080000
0.24817500 3.69005000
0.24822500 3.68930000
0.24827500 3.68854000
0.24832500 3.68779000
0.24837500 3.68703000
0.24842500 3.68627000
0.24847500 3.68551000
0.24852500 3.68475000
0.24857500 3.68399000
0.24862500 3.68323000
0.24867500 3.68247000
0.24872500 3.68170000
0.24877500 3.68093000
0.24882500 3.68017000
0.24887500 3.67940000
0.24892500 3.67863000
0.24897500 3.67786000
0.24902500 3.67709000
0.24907500 3.67631000
0.24912500 3.67554000
0.24917500 3.67476000
0.24922500 3.67399000
0.24927500 3.67321000
0.24932500 3.67243000
0.24937500 3.67165000
0.24942500 3.67087000
0.24947500 3.67009000
0.24952500 3.66930000
0.24957500 3.66852000
0.24962500 3.66774000
0.24967500 3.66695000
0.24972500 3.66616000
0.24977500 3.66537000
0.24982500 3.66459000
0.24987500 3.66380000
0.24992500 3.66301000
0.24997500 3.66221000
0.25002500 3.66142000
0.25007500 3.66063000
0.25012500 3.65983000
0.25017500 3.65904000
0.25022500 3.65824000
0.25027500 3.65744000
0.25032500 3.65664000
0.25037500 3.65584000
0.25042500 3.65504000
0.25047500 3.65424000
0.25052500 3.65344000
0.25057500 3.65264000
0.25062500 3.65183000
0.25067500 3.65103000
0.25072500 3.65022000
0.25077500 3.64942000
0.25082500 3.64861000
0.25087500 3.64780000
0.25092500 3.64699000
0.25097500 3.64619000
0.25102500 3.64537000
0.25107500 3.64456000
0.25112500 3.64375000
0.25117500 3.64294000
0.25122500 3.64213000
0.25127500 3.64131000
0.25132500 3.64050000
0.25137500 3.63968000
0.25142500 3.63886000
0.25147500 3.63805000
0.25152500 3.63723000
0.25157500 3.63641000
0.25162500 3.63559000
0.25167500 3.63477000
0.25172500 3.63395000
0.25177500 3.63313000
0.25182500 3.63231000
0.25187500 3.63149000
0.25192500 3.63066000
0.25197500 3.62984000
0.25202500 3.62901000
0.25207500 3.62819000
0.25212500 3.62736000
0.25217500 3.62654000
0.25222500 3.62571000
0.25227500 3.62488000
0.25232500 3.62405000
0.25237500 3.62322000
0.25242500 3.62239000
0.25247500 3.62156000
0.25252500 3.62073000
0.25257500 3.61990000
0.25262500 3.61907000
0.25267500 3.61824000
0.25272500 3.61740000
0.25277500 3.61657000
0.25282500 3.61574000
0.25287500 3.61490000
0.25292500 3.61407000
0.25297500 3.61323000
0.25302500 3.61240000
0.25307500 3.61156000
0.25312500 3.61072000
0.25317500 3.60989000
0.25322500 3.60905000
0.25327500 3.60821000
0.25332500 3.60737000
0.25337500 3.60653000
0.25342500 3.60569000
0.25347500 3.60485000
0.25352500 3.60401000
0.25357500 3.60317000
0.25362500 3.60233000
0.25367500 3.60149000
0.25372500 3.60065000
0.25377500 3.59980000
0.25382500 3.59896000
0.25387500 3.59812000
0.25392500 3.59728000
0.25397500 3.59643000
0.25402500 3.59559000
0.25407500 3.59474000
0.25412500 3.59390000
0.25417500 3.59305000
0.25422500 3.59221000
0.25427500 3.59136000
0.25432500 3.59052000
0.25437500 3.58967000
0.25442500 3.58882000
0.25447500 3.58797000
0.25452500 3.58713000
0.25457500 3.58628000
0.25462500 3.58543000
0.25467500 3.58458000
0.25472500 3.58374000
0.25477500 3.58289000
0.25482500 3.58204000
0.25487500 3.58119000
0.25492500 3.58034000
0.25497500 3.57949000
0.25502600 3.57864000
0.25507600 3.57779000
0.25512600 3.57694000
0.25517600 3.57609000
0.25522600 3.57524000
0.25527600 3.57439000
0.25532600 3.57354000
0.25537600 3.57269000
0.25542600 3.57184000
0.25547600 3.57099000
0.25552600 3.57013000
0.25557600 3.56928000
0.25562600 3.56843000
0.25567600 3.56758000
0.25572600 3.56673000
0.25577600 3.56588000
0.25582600 3.56502000
0.25587600 3.56417000
0.25592600 3.56332000
0.25597600 3.56247000
0.25602600 3.56161000
0.25607600 3.56076000
0.25612600 3.55991000
0.25617600 3.55906000
0.25622600 3.55820000
0.25627600 3.55735000
0.25632600 3.55650000
0.25637600 3.55565000
0.25642600 3.55479000
0.25647600 3.55394000
0.25652600 3.55309000
0.25657600 3.55223000
0.25662600 3.55138000
0.25667600 3.55053000
0.25672600 3.54968000
0.25677600 3.54882000
0.25682600 3.54797000
0.25687600 3.54712000
0.25692600 3.54626000
0.25697600 3.54541000
0.25702600 3.54456000
0.25707600 3.54371000
0.25712600 3.54285000
0.25717600 3.54200000
0.25722600 3.54115000
0.25727600 3.54030000
0.25732600 3.53944000
0.25737600 3.53859000
0.25742600 3.53774000
0.25747600 3.53689000
0.25752600 3.53603000
0.25757600 3.53518000
0.25762600 3.53433000
0.25767600 3.53348000
0.25772600 3.53263000
0.25777600 3.53178000
0.25782600 3.53093000
0.25787600 3.53007000
0.25792600 3.52922000
0.25797600 3.52837000
0.25802600 3.52752000
0.25807600 3.52667000
0.25812600 3.52582000
0.25817600 3.52497000
0.25822600 3.52412000
0.25827600 3.52327000
0.25832600 3.52242000
0.25837600 3.52157000
0.25842600 3.52072000
0.25847600 3.51988000
0.25852600 3.51903000
0.25857600 3.51818000
0.25862600 3.51733000
0.25867600 3.51648000
0.25872600 3.51563000
0.25877600 3.51479000
0.25882600 3.51394000
0.25887600 3.51309000
0.25892600 3.51225000
0.25897600 3.51140000
0.25902600 3.51055000
0.25907600 3.50971000
0.25912600 3.50886000
0.25917600 3.50802000
0.25922600 3.50717000
0.25927600 3.50633000
0.25932600 3.50548000
0.25937600 3.50464000
0.25942600 3.50379000
0.25947600 3.50295000
0.25952600 3.50211000
0.25957600 3.50126000
0.25962600 3.50042000
0.25967600 3.49958000
0.25972600 3.49874000
0.25977600 3.49790000
0.25982600 3.49705000
0.25987600 3.49621000
0.25992600 3.49537000
0.25997600 3.49453000
0.26002600 3.49369000
0.26007600 3.49285000
0.26012600 3.49201000
0.26017600 3.49118000
0.26022600 3.49034000
0.26027600 3.48950000
0.26032600 3.48866000
0.26037600 3.48782000
0.26042600 3.48699000
0.26047600 3.48615000
0.26052600 3.48532000
0.26057600 3.48448000
0.26062600 3.48365000
0.26067600 3.48281000
0.26072600 3.48198000
0.26077600 3.48114000
0.26082600 3.48031000
0.26087600 3.47948000
0.26092600 3.47864000
0.26097600 3.47781000
0.26102600 3.47698000
0.26107600 3.47615000
0.26112600 3.47532000
0.26117600 3.47449000
0.26122600 3.47366000
0.26127600 3.47283000
0.26132600 3.47200000
0.26137600 3.47117000
0.26142600 3.47035000
0.26147600 3.46952000
0.26152600 3.46869000
0.26157600 3.46787000
0.26162600 3.46704000
0.26167600 3.46622000
0.26172600 3.46539000
0.26177600 3.46457000
0.26182600 3.46374000
0.26187600 3.46292000
0.26192600 3.46210000
0.26197600 3.46128000
0.26202600 3.46045000
0.26207600 3.45963000
0.26212600 3.45881000
0.26217600 3.45799000
0.26222600 3.45717000
0.26227600 3.45636000
0.26232600 3.45554000
0.26237600 3.45472000
0.26242600 3.45390000
0.26247600 3.45309000
0.26252600 3.45227000
0.26257600 3.45146000
0.26262600 3.45064000
0.26267600 3.44983000
0.26272600 3.44901000
0.26277600 3.44820000
0.26282600 3.44739000
0.26287600 3.44658000
0.26292600 3.44577000
0.26297600 3.44496000
0.26302600 3.44415000
0.26307600 3.44334000
0.26312600 3.44253000
0.26317600 3.44172000
0.26322600 3.44091000
0.26327600 3.44011000
0.26332600 3.43930000
0.26337600 3.43850000
0.26342600 3.43769000
0.26347600 3.43689000
0.26352600 3.43608000
0.26357600 3.43528000
0.26362600 3.43448000
0.26367600 3.43368000
0.26372600 3.43288000
0.26377600 3.43208000
0.26382600 3.43128000
0.26387600 3.43048000
0.26392600 3.42968000
0.26397600 3.42888000
0.26402600 3.42809000
0.26407600 3.42729000
0.26412600 3.42650000
0.26417600 3.42570000
0.26422600 3.42491000
0.26427600 3.42411000
0.26432600 3.42332000
0.26437600 3.42253000
0.26442600 3.42174000
0.26447600 3.42095000
0.26452600 3.42016000
0.26457600 3.41937000
0.26462600 3.41858000
0.26467600 3.41779000
0.26472600 3.41701000
0.26477600 3.41622000
0.26482600 3.41544000
0.26487600 3.41465000
0.26492600 3.41387000
0.26497600 3.41309000
0.26502700 3.41230000
0.26507700 3.41152000
0.26512700 3.41074000
0.26517700 3.40996000
0.26522700 3.40918000
0.26527700 3.40840000
0.26532700 3.40763000
0.26537700 3.40685000
0.26542700 3.40607000
0.26547700 3.40530000
0.26552700 3.40452000
0.26557700 3.40375000
0.26562700 3.40298000
0.26567700 3.40220000
0.26572700 3.40143000
0.26577700 3.40066000
0.26582700 3.39989000
0.26587700 3.39912000
0.26592700 3.39836000
0.26597700 3.39759000
0.26602700 3.39682000
0.26607700 3.39606000
0.26612700 3.39529000
0.26617700 3.39453000
0.26622700 3.39376000
0.26627700 3.39300000
0.26632700 3.39224000
0.26637700 3.39148000
0.26642700 3.39072000
0.26647700 3.38996000
0.26652700 3.38920000
0.26657700 3.38844000
0.26662700 3.38769000
0.26667700 3.38693000
0.26672700 3.38617000
0.26677700 3.38542000
0.26682700 3.38467000
0.26687700 3.38391000
0.26692700 3.38316000
0.26697700 3.38241000
0.26702700 3.38166000
0.26707700 3.38091000
0.26712700 3.38016000
0.26717700 3.37942000
0.26722700 3.37867000
0.26727700 3.37793000
0.26732700 3.37718000
0.26737700 3.37644000
0.26742700 3.37569000
0.26747700 3.37495000
0.26752700 3.37421000
0.26757700 3.37347000
0.26762700 3.37273000
0.26767700 3.37199000
0.26772700 3.37125000
0.26777700 3.37052000
0.26782700 3.36978000
0.26787700 3.36904000
0.26792700 3.36831000
0.26797700 3.36758000
0.26802700 3.36684000
0.26807700 3.36611000
0.26812700 3.36538000
0.26817700 3.36465000
0.26822700 3.36392000
0.26827700 3.36320000
0.26832700 3.36247000
0.26837700 3.36174000
0.26842700 3.36102000
0.26847700 3.36029000
0.26852700 3.35957000
0.26857700 3.35885000
0.26862700 3.35813000
0.26867700 3.35740000
0.26872700 3.35668000
0.26877700 3.35597000
0.26882700 3.35525000
0.26887700 3.35453000
0.26892700 3.35381000
0.26897700 3.35310000
0.26902700 3.35239000
0.26907700 3.35167000
0.26912700 3.35096000
0.26917700 3.35025000
0.26922700 3.34954000
0.26927700 3.34883000
0.26932700 3.34812000
0.26937700 3.34741000
0.26942700 3.34671000
0.26947700 3.34600000
0.26952700 3.34529000
0.26957700 3.34459000
0.26962700 3.34389000
0.26967700 3.34319000
0.26972700 3.34249000
0.26977700 3.34179000
0.26982700 3.34109000
0.26987700 3.34039000
0.26992700 3.33969000
0.26997700 3.33899000
0.27002700 3.33830000
0.27007700 3.33761000
0.27012700 3.33691000
0.27017700 3.33622000
0.27022700 3.33553000
0.27027700 3.33484000
0.27032700 3.33415000
0.27037700 3.33346000
0.27042700 3.33277000
0.27047700 3.33209000
0.27052700 3.33140000
0.27057700 3.33072000
0.27062700 3.33003000
0.27067700 3.32935000
0.27072700 3.32867000
0.27077700 3.32799000
0.27082700 3.32731000
0.27087700 3.32663000
0.27092700 3.32595000
0.27097700 3.32527000
0.27102700 3.32460000
0.27107700 3.32392000
0.27112700 3.32325000
0.27117700 3.32258000
0.27122700 3.32191000
0.27127700 3.32124000
0.27132700 3.32057000
0.27137700 3.31990000
0.27142700 3.31923000
0.27147700 3.31856000
0.27152700 3.31790000
0.27157700 3.31723000
0.27162700 3.31657000
0.27167700 3.31591000
0.27172700 3.31524000
0.27177700 3.31458000
0.27182700 3.31392000
0.27187700 3.31326000
0.27192700 3.31261000
0.27197700 3.31195000
0.27202700 3.31129000
0.27207700 3.31064000
0.27212700 3.30999000
0.27217700 3.30933000
0.27222700 3.30868000
0.27227700 3.30803000
0.27232700 3.30738000
0.27237700 3.30673000
0.27242700 3.30608000
0.27247700 3.30544000
0.27252700 3.30479000
0.27257700 3.30415000
0.27262700 3.30350000
0.27267700 3.30286000
0.27272700 3.30222000
0.27277700 3.30158000
0.27282700 3.30094000
0.27287700 3.30030000
0.27292700 3.29967000
0.27297700 3.29903000
0.27302700 3.29839000
0.27307700 3.29776000
0.27312700 3.29713000
0.27317700 3.29649000
0.27322700 3.29586000
0.27327700 3.29523000
0.27332700 3.29460000
0.27337700 3.29397000
0.27342700 3.29335000
0.27347700 3.29272000
0.27352700 3.29210000
0.27357700 3.29147000
0.27362700 3.29085000
0.27367700 3.29023000
0.27372700 3.28961000
0.27377700 3.28899000
0.27382700 3.28837000
0.27387700 3.28775000
0.27392700 3.28713000
0.27397700 3.28652000
0.27402700 3.28590000
0.27407700 3.28529000
0.27412700 3.28468000
0.27417700 3.28407000
0.27422700 3.28346000
0.27427700 3.28285000
0.27432700 3.28224000
0.27437700 3.28163000
0.27442700 3.28102000
0.27447700 3.28042000
0.27452700 3.27981000
0.27457700 3.27921000
0.27462700 3.27861000
0.27467700 3.27801000
0.27472700 3.27741000
0.27477700 3.27681000
0.27482700 3.27621000
0.27487700 3.27561000
0.27492700 3.27502000
0.27497700 3.27442000
0.27502800 3.27383000
0.27507800 3.27324000
0.27512800 3.27265000
0.27517800 3.27205000
0.27522800 3.27147000
0.27527800 3.27088000
0.27532800 3.27029000
0.27537800 3.26970000
0.27542800 3.26912000
0.27547800 3.26853000
0.27552800 3.26795000
0.27557800 3.26737000
0.27562800 3.26679000
0.27567800 3.26621000
0.27572800 3.26563000
0.27577800 3.26505000
0.27582800 3.26447000
0.27587800 3.26390000
0.27592800 3.26332000
0.27597800 3.26275000
0.27602800 3.26218000
0.27607800 3.26160000
0.27612800 3.26103000
0.27617800 3.26046000
0.27622800 3.25989000
0.27627800 3.25933000
0.27632800 3.25876000
0.27637800 3.25820000
0.27642800 3.25763000
0.27647800 3.25707000
0.27652800 3.25651000
0.27657800 3.25594000
0.27662800 3.25538000
0.27667800 3.25483000
0.27672800 3.25427000
0.27677800 3.25371000
0.27682800 3.25316000
0.27687800 3.25260000
0.27692800 3.25205000
0.27697800 3.25149000
0.27702800 3.25094000
0.27707800 3.25039000
0.27712800 3.24984000
0.27717800 3.24929000
0.27722800 3.24875000
0.27727800 3.24820000
0.27732800 3.24765000
0.27737800 3.24711000
0.27742800 3.24657000
0.27747800 3.24603000
0.27752800 3.24548000
0.27757800 3.24494000
0.27762800 3.24441000
0.27767800 3.24387000
0.27772800 3.24333000
0.27777800 3.24280000
0.27782800 3.24226000
0.27787800 3.24173000
0.27792800 3.24119000
0.27797800 3.24066000
0.27802800 3.24013000
0.27807800 3.23960000
0.27812800 3.23907000
0.27817800 3.23855000
0.27822800 3.23802000
0.27827800 3.23750000
0.27832800 3.23697000
0.27837800 3.23645000
0.27842800 3.23593000
0.27847800 3.23541000
0.27852800 3.23489000
0.27857800 3.23437000
0.27862800 3.23385000
0.27867800 3.23333000
0.27872800 3.23282000
0.27877800 3.23230000
0.27882800 3.23179000
0.27887800 3.23128000
0.27892800 3.23076000
0.27897800 3.23025000
0.27902800 3.22975000
0.27907800 3.22924000
0.27912800 3.22873000
0.27917800 3.22822000
0.27922800 3.22772000
0.27927800 3.22721000
0.27932800 3.22671000
0.27937800 3.22621000
0.27942800 3.22571000
0.27947800 3.22521000
0.27952800 3.22471000
0.27957800 3.22421000
0.27962800 3.22372000
0.27967800 3.22322000
0.27972800 3.22272000
0.27977800 3.22223000
0.27982800 3.22174000
0.27987800 3.22125000
0.27992800 3.22076000
0.27997800 3.22027000
0.28002800 3.21978000
0.28007800 3.21929000
0.28012800 3.21881000
0.28017800 3.21832000
0.28022800 3.21784000
0.28027800 3.21735000
0.28032800 3.21687000
0.28037800 3.21639000
0.28042800 3.21591000
0.28047800 3.21543000
0.28052800 3.21495000
0.28057800 3.21448000
0.28062800 3.21400000
0.28067800 3.21353000
0.28072800 3.21305000
0.28077800 3.21258000
0.28082800 3.21211000
0.28087800 3.21164000
0.28092800 3.21117000
0.28097800 3.21070000
0.28102800 3.21023000
0.28107800 3.20977000
0.28112800 3.20930000
0.28117800 3.20884000
0.28122800 3.20837000
0.28127800 3.20791000
0.28132800 3.20745000
0.28137800 3.20699000
0.28142800 3.20653000
0.28147800 3.20607000
0.28152800 3.20562000
0.28157800 3.20516000
0.28162800 3.20471000
0.28167800 3.20425000
0.28172800 3.20380000
0.28177800 3.20335000
0.28182800 3.20290000
0.28187800 3.20245000
0.28192800 3.20200000
0.28197800 3.20155000
0.28202800 3.20110000
0.28207800 3.20066000
0.28212800 3.20021000
0.28217800 3.19977000
0.28222800 3.19933000
0.28227800 3.19889000
0.28232800 3.19845000
0.28237800 3.19801000
0.28242800 3.19757000
0.28247800 3.19713000
0.28252800 3.19669000
0.28257800 3.19626000
0.28262800 3.19582000
0.28267800 3.19539000
0.28272800 3.19496000
0.28277800 3.19453000
0.28282800 3.19410000
0.28287800 3.19367000
0.28292800 3.19324000
0.28297800 3.19281000
0.28302800 3.19239000
0.28307800 3.19196000
0.28312800 3.19154000
0.28317800 3.19112000
0.28322800 3.19069000
0.28327800 3.19027000
0.28332800 3.18985000
0.28337800 3.18943000
0.28342800 3.18902000
0.28347800 3.18860000
0.28352800 3.18818000
0.28357800 3.18777000
0.28362800 3.18735000
0.28367800 3.18694000
0.28372800 3.18653000
0.28377800 3.18612000
0.28382800 3.18571000
0.28387800 3.18530000
0.28392800 3.18489000
0.28397800 3.18449000
0.28402800 3.18408000
0.28407800 3.18368000
0.28412800 3.18327000
0.28417800 3.18287000
0.28422800 3.18247000
0.28427800 3.18207000
0.28432800 3.18167000
0.28437800 3.18127000
0.28442800 3.18087000
0.28447800 3.18048000
0.28452800 3.18008000
0.28457800 3.17968000
0.28462800 3.17929000
0.28467800 3.17890000
0.28472800 3.17851000
0.28477800 3.17812000
0.28482800 3.17773000
0.28487800 3.17734000
0.28492800 3.17695000
0.28497800 3.17656000
0.28502900 3.17618000
0.28507900 3.17579000
0.28512900 3.17541000
0.28517900 3.17503000
0.28522900 3.17465000
0.28527900 3.17427000
0.28532900 3.17389000
0.28537900 3.17351000
0.28542900 3.17313000
0.28547900 3.17275000
0.28552900 3.17238000
0.28557900 3.17200000
0.28562900 3.17163000
0.28567900 3.17126000
0.28572900 3.17088000
0.28577900 3.17051000
0.28582900 3.17014000
0.28587900 3.16978000
0.28592900 3.16941000
0.28597900 3.16904000
0.28602900 3.16868000
0.28607900 3.16831000
0.28612900 3.16795000
0.28617900 3.16758000
0.28622900 3.16722000
0.28627900 3.16686000
0.28632900 3.16650000
0.28637900 3.16614000
0.28642900 3.16578000
0.28647900 3.16543000
0.28652900 3.16507000
0.28657900 3.16472000
0.28662900 3.16436000
0.28667900 3.16401000
0.28672900 3.16366000
0.28677900 3.16331000
0.28682900 3.16296000
0.28687900 3.16261000
0.28692900 3.16226000
0.28697900 3.16191000
0.28702900 3.16157000
0.28707900 3.16122000
0.28712900 3.16088000
0.28717900 3.16053000
0.28722900 3.16019000
0.28727900 3.15985000
0.28732900 3.15951000
0.28737900 3.15917000
0.28742900 3.15883000
0.28747900 3.15849000
0.28752900 3.15816000
0.28757900 3.15782000
0.28762900 3.15749000
0.28767900 3.15715000
0.28772900 3.15682000
0.28777900 3.15649000
0.28782900 3.15616000
0.28787900 3.15583000
0.28792900 3.15550000
0.28797900 3.15517000
0.28802900 3.15484000
0.28807900 3.15452000
0.28812900 3.15419000
0.28817900 3.15387000
0.28822900 3.15355000
0.28827900 3.15322000
0.28832900 3.15290000
0.28837900 3.15258000
0.28842900 3.15226000
0.28847900 3.15194000
0.28852900 3.15163000
0.28857900 3.15131000
0.28862900 3.15099000
0.28867900 3.15068000
0.28872900 3.15037000
0.28877900 3.15005000
0.28882900 3.14974000
0.28887900 3.14943000
0.28892900 3.14912000
0.28897900 3.14881000
0.28902900 3.14850000
0.28907900 3.14820000
0.28912900 3.14789000
0.28917900 3.14759000
0.28922900 3.14728000
0.28927900 3.14698000
0.28932900 3.14668000
0.28937900 3.14637000
0.28942900 3.14607000
0.28947900 3.14577000
0.28952900 3.14548000
0.28957900 3.14518000
0.28962900 3.14488000
0.28967900 3.14458000
0.28972900 3.14429000
0.28977900 3.14400000
0.28982900 3.14370000
0.28987900 3.14341000
0.28992900 3.14312000
0.28997900 3.14283000
0.29002900 3.14254000
0.29007900 3.14225000
0.29012900 3.14196000
0.29017900 3.14168000
0.29022900 3.14139000
0.29027900 3.14111000
0.29032900 3.14082000
0.29037900 3.14054000
0.29042900 3.14026000
0.29047900 3.13997000
0.29052900 3.13969000
0.29057900 3.13942000
0.29062900 3.13914000
0.29067900 3.13886000
0.29072900 3.13858000
0.29077900 3.13831000
0.29082900 3.13803000
0.29087900 3.13776000
0.29092900 3.13748000
0.29097900 3.13721000
0.29102900 3.13694000
0.29107900 3.13667000
0.29112900 3.13640000
0.29117900 3.13613000
0.29122900 3.13587000
0.29127900 3.13560000
0.29132900 3.13533000
0.29137900 3.13507000
0.29142900 3.13480000
0.29147900 3.13454000
0.29152900 3.13428000
0.29157900 3.13402000
0.29162900 3.13376000
0.29167900 3.13350000
0.29172900 3.13324000
0.29177900 3.13298000
0.29182900 3.13272000
0.29187900 3.13247000
0.29192900 3.13221000
0.29197900 3.13196000
0.29202900 3.13171000
0.29207900 3.13145000
0.29212900 3.13120000
0.29217900 3.13095000
0.29222900 3.13070000
0.29227900 3.13045000
0.29232900 3.13020000
0.29237900 3.12996000
0.29242900 3.12971000
0.29247900 3.12947000
0.29252900 3.12922000
0.29257900 3.12898000
0.29262900 3.12873000
0.29267900 3.12849000
0.29272900 3.12825000
0.29277900 3.12801000
0.29282900 3.12777000
0.29287900 3.12753000
0.29292900 3.12730000
0.29297900 3.12706000
0.29302900 3.12682000
0.29307900 3.12659000
0.29312900 3.12635000
0.29317900 3.12612000
0.29322900 3.12589000
0.29327900 3.12566000
0.29332900 3.12543000
0.29337900 3.12520000
0.29342900 3.12497000
0.29347900 3.12474000
0.29352900 3.12451000
0.29357900 3.12429000
0.29362900 3.12406000
0.29367900 3.12384000
0.29372900 3.12361000
0.29377900 3.12339000
0.29382900 3.12317000
0.29387900 3.12295000
0.29392900 3.12273000
0.29397900 3.12251000
0.29402900 3.12229000
0.29407900 3.12207000
0.29412900 3.12185000
0.29417900 3.12164000
0.29422900 3.12142000
0.29427900 3.12121000
0.29432900 3.12099000
0.29437900 3.12078000
0.29442900 3.12057000
0.29447900 3.12036000
0.29452900 3.12015000
0.29457900 3.11994000
0.29462900 3.11973000
0.29467900 3.11952000
0.29472900 3.11932000
0.29477900 3.11911000
0.29482900 3.11891000
0.29487900 3.11870000
0.29492900 3.11850000
0.29497900 3.11830000
0.29503000 3.11809000
0.29508000 3.11789000
0.29513000 3.11769000
0.29518000 3.11749000
0.29523000 3.11729000
0.29528000 3.11710000
0.29533000 3.11690000
0.29538000 3.11670000
0.29543000 3.11651000
0.29548000 3.11631000
0.29553000 3.11612000
0.29558000 3.11593000
0.29563000 3.11574000
0.29568000 3.11554000
0.29573000 3.11535000
0.29578000 3.11517000
0.29583000 3.11498000
0.29588000 3.11479000
0.29593000 3.11460000
0.29598000 3.11442000
0.29603000 3.11423000
0.29608000 3.11405000
0.29613000 3.11386000
0.29618000 3.11368000
0.29623000 3.11350000
0.29628000 3.11332000
0.29633000 3.11314000
0.29638000 3.11296000
0.29643000 3.11278000
0.29648000 3.11260000
0.29653000 3.11242000
0.29658000 3.11224000
0.29663000 3.11207000
0.29668000 3.11189000
0.29673000 3.11172000
0.29678000 3.11155000
0.29683000 3.11137000
0.29688000 3.11120000
0.29693000 3.11103000
0.29698000 3.11086000
0.29703000 3.11069000
0.29708000 3.11052000
0.29713000 3.11036000
0.29718000 3.11019000
0.29723000 3.11002000
0.29728000 3.10986000
0.29733000 3.10969000
0.29738000 3.10953000
0.29743000 3.10937000
0.29748000 3.10920000
0.29753000 3.10904000
0.29758000 3.10888000
0.29763000 3.10872000
0.29768000 3.10856000
0.29773000 3.10841000
0.29778000 3.10825000
0.29783000 3.10809000
0.29788000 3.10794000
0.29793000 3.10778000
0.29798000 3.10763000
0.29803000 3.10747000
0.29808000 3.10732000
0.29813000 3.10717000
0.29818000 3.10702000
0.29823000 3.10687000
0.29828000 3.10672000
0.29833000 3.10657000
0.29838000 3.10642000
0.29843000 3.10627000
0.29848000 3.10613000
0.29853000 3.10598000
0.29858000 3.10583000
0.29863000 3.10569000
0.29868000 3.10555000
0.29873000 3.10540000
0.29878000 3.10526000
0.29883000 3.10512000
0.29888000 3.10498000
0.29893000 3.10484000
0.29898000 3.10470000
0.29903000 3.10456000
0.29908000 3.10443000
0.29913000 3.10429000
0.29918000 3.10415000
0.29923000 3.10402000
0.29928000 3.10388000
0.29933000 3.10375000
0.29938000 3.10362000
0.29943000 3.10348000
0.29948000 3.10335000
0.29953000 3.10322000
0.29958000 3.10309000
0.29963000 3.10296000
0.29968000 3.10283000
0.29973000 3.10271000
0.29978000 3.10258000
0.29983000 3.10245000
0.29988000 3.10233000
0.29993000 3.10220000
0.29998000 3.10208000
0.30003000 3.10196000
0.30008000 3.10183000
0.30013000 3.10171000
0.30018000 3.10159000
0.30023000 3.10147000
0.30028000 3.10135000
0.30033000 3.10123000
0.30038000 3.10111000
0.30043000 3.10100000
0.30048000 3.10088000
0.30053000 3.10076000
0.30058000 3.10065000
0.30063000 3.10054000
0.30068000 3.10042000
0.30073000 3.10031000
0.30078000 3.10020000
0.30083000 3.10008000
0.30088000 3.09997000
0.30093000 3.09986000
0.30098000 3.09975000
0.30103000 3.09965000
0.30108000 3.09954000
0.30113000 3.09943000
0.30118000 3.09932000
0.30123000 3.09922000
0.30128000 3.09911000
0.30133000 3.09901000
0.30138000 3.09891000
0.30143000 3.09880000
0.30148000 3.09870000
0.30153000 3.09860000
0.30158000 3.09850000
0.30163000 3.09840000
0.30168000 3.09830000
0.30173000 3.09820000
0.30178000 3.09810000
0.30183000 3.09801000
0.30188000 3.09791000
0.30193000 3.09781000
0.30198000 3.09772000
0.30203000 3.09762000
0.30208000 3.09753000
0.30213000 3.09744000
0.30218000 3.09735000
0.30223000 3.09725000
0.30228000 3.09716000
0.30233000 3.09707000
0.30238000 3.09698000
0.30243000 3.09689000
0.30248000 3.09681000
0.30253000 3.09672000
0.30258000 3.09663000
0.30263000 3.09655000
0.30268000 3.09646000
0.30273000 3.09638000
0.30278000 3.09629000
0.30283000 3.09621000
0.30288000 3.09613000
0.30293000 3.09605000
0.30298000 3.09596000
0.30303000 3.09588000
0.30308000 3.09580000
0.30313000 3.09573000
0.30318000 3.09565000
0.30323000 3.09557000
0.30328000 3.09549000
0.30333000 3.09542000
0.30338000 3.09534000
0.30343000 3.09527000
0.30348000 3.09519000
0.30353000 3.09512000
0.30358000 3.09504000
0.30363000 3.09497000
0.30368000 3.09490000
0.30373000 3.09483000
0.30378000 3.09476000
0.30383000 3.09469000
0.30388000 3.09462000
0.30393000 3.09455000
0.30398000 3.09449000
0.30403000 3.09442000
0.30408000 3.09435000
0.30413000 3.09429000
0.30418000 3.09422000
0.30423000 3.09416000
0.30428000 3.09409000
0.30433000 3.09403000
0.30438000 3.09397000
0.30443000 3.09391000
0.30448000 3.09385000
0.30453000 3.09379000
0.30458000 3.09373000
0.30463000 3.09367000
0.30468000 3.09361000
0.30473000 3.09355000
0.30478000 3.09350000
0.30483000 3.09344000
0.30488000 3.09338000
0.30493000 3.09333000
0.30498000 3.09328000
0.30503100 3.09322000
0.30508100 3.09317000
0.30513100 3.09312000
0.30518100 3.09306000
0.30523100 3.09301000
0.30528100 3.09296000
0.30533100 3.09291000
0.30538100 3.09286000
0.30543100 3.09282000
0.30548100 3.09277000
0.30553100 3.09272000
0.30558100 3.09267000
0.30563100 3.09263000
0.30568100 3.09258000
0.30573100 3.09254000
0.30578100 3.09249000
0.30583100 3.09245000
0.30588100 3.09241000
0.30593100 3.09237000
0.30598100 3.09233000
0.30603100 3.09228000
0.30608100 3.09224000
0.30613100 3.09221000
0.30618100 3.09217000
0.30623100 3.09213000
0.30628100 3.09209000
0.30633100 3.09205000
0.30638100 3.09202000
0.30643100 3.09198000
0.30648100 3.09195000
0.30653100 3.09191000
0.30658100 3.09188000
0.30663100 3.09185000
0.30668100 3.09181000
0.30673100 3.09178000
0.30678100 3.09175000
0.30683100 3.09172000
0.30688100 3.09169000
0.30693100 3.09166000
0.30698100 3.09163000
0.30703100 3.09160000
0.30708100 3.09157000
0.30713100 3.09155000
0.30718100 3.09152000
0.30723100 3.09150000
0.30728100 3.09147000
0.30733100 3.09145000
0.30738100 3.09142000
0.30743100 3.09140000
0.30748100 3.09138000
0.30753100 3.09135000
0.30758100 3.09133000
0.30763100 3.09131000
0.30768100 3.09129000
0.30773100 3.09127000
0.30778100 3.09125000
0.30783100 3.09124000
0.30788100 3.09122000
0.30793100 3.09120000
0.30798100 3.09118000
0.30803100 3.09117000
0.30808100 3.09115000
0.30813100 3.09114000
0.30818100 3.09112000
0.30823100 3.09111000
0.30828100 3.09110000
0.30833100 3.09108000
0.30838100 3.09107000
0.30843100 3.09106000
0.30848100 3.09105000
0.30853100 3.09104000
0.30858100 3.09103000
0.30863100 3.09102000
0.30868100 3.09101000
0.30873100 3.09101000
0.30878100 3.09100000
0.30883100 3.09099000
0.30888100 3.09099000
0.30893100 3.09098000
0.30898100 3.09098000
0.30903100 3.09097000
0.30908100 3.09097000
0.30913100 3.09097000
0.30918100 3.09096000
0.30923100 3.09096000
0.30928100 3.09096000
0.30933100 3.09096000
0.30938100 3.09096000
0.30943100 3.09096000
0.30948100 3.09096000
0.30953100 3.09097000
0.30958100 3.09097000
0.30963100 3.09097000
0.30968100 3.09097000
0.30973100 3.09098000
0.30978100 3.09098000
0.30983100 3.09099000
0.30988100 3.09099000
0.30993100 3.09100000
0.30998100 3.09101000
0.31003100 3.09101000
0.31008100 3.09102000
0.31013100 3.09103000
0.31018100 3.09104000
0.31023100 3.09105000
0.31028100 3.09106000
0.31033100 3.09107000
0.31038100 3.09108000
0.31043100 3.09109000
0.31048100 3.09111000
0.31053100 3.09112000
0.31058100 3.09113000
0.31063100 3.09115000
0.31068100 3.09116000
0.31073100 3.09118000
0.31078100 3.09120000
0.31083100 3.09121000
0.31088100 3.09123000
0.31093100 3.09125000
0.31098100 3.09126000
0.31103100 3.09128000
0.31108100 3.09130000
0.31113100 3.09132000
0.31118100 3.09134000
0.31123100 3.09136000
0.31128100 3.09139000
0.31133100 3.09141000
0.31138100 3.09143000
0.31143100 3.09145000
0.31148100 3.09148000
0.31153100 3.09150000
0.31158100 3.09153000
0.31163100 3.09155000
0.31168100 3.09158000
0.31173100 3.09160000
0.31178100 3.09163000
0.31183100 3.09166000
0.31188100 3.09169000
0.31193100 3.09172000
0.31198100 3.09174000
0.31203100 3.09177000
0.31208100 3.09180000
0.31213100 3.09184000
0.31218100 3.09187000
0.31223100 3.09190000
0.31228100 3.09193000
0.31233100 3.09196000
0.31238100 3.09200000
0.31243100 3.09203000
0.31248100 3.09207000
0.31253100 3.09210000
0.31258100 3.09214000
0.31263100 3.09217000
0.31268100 3.09221000
0.31273100 3.09225000
0.31278100 3.09229000
0.31283100 3.09232000
0.31288100 3.09236000
0.31293100 3.09240000
0.31298100 3.09244000
0.31303100 3.09248000
0.31308100 3.09252000
0.31313100 3.09256000
0.31318100 3.09261000
0.31323100 3.09265000
0.31328100 3.09269000
0.31333100 3.09274000
0.31338100 3.09278000
0.31343100 3.09282000
0.31348100 3.09287000
0.31353100 3.09291000
0.31358100 3.09296000
0.31363100 3.09301000
0.31368100 3.09305000
0.31373100 3.09310000
0.31378100 3.09315000
0.31383100 3.09320000
0.31388100 3.09325000
0.31393100 3.09330000
0.31398100 3.09335000
0.31403100 3.09340000
0.31408100 3.09345000
0.31413100 3.09350000
0.31418100 3.09355000
0.31423100 3.09361000
0.31428100 3.09366000
0.31433100 3.09371000
0.31438100 3.09377000
0.31443100 3.09382000
0.31448100 3.09388000
0.31453100 3.09393000
0.31458100 3.09399000
0.31463100 3.09405000
0.31468100 3.09411000
0.31473100 3.09416000
0.31478100 3.09422000
0.31483100 3.09428000
0.31488100 3.09434000
0.31493100 3.09440000
0.31498100 3.09446000
0.31503200 3.09452000
0.31508200 3.09458000
0.31513200 3.09464000
0.31518200 3.09471000
0.31523200 3.09477000
0.31528200 3.09483000
0.31533200 3.09490000
0.31538200 3.09496000
0.31543200 3.09503000
0.31548200 3.09509000
0.31553200 3.09516000
0.31558200 3.09522000
0.31563200 3.09529000
0.31568200 3.09536000
0.31573200 3.09542000
0.31578200 3.09549000
0.31583200 3.09556000
0.31588200 3.09563000
0.31593200 3.09570000
0.31598200 3.09577000
0.31603200 3.09584000
0.31608200 3.09591000
0.31613200 3.09598000
0.31618200 3.09606000
0.31623200 3.09613000
0.31628200 3.09620000
0.31633200 3.09627000
0.31638200 3.09635000
0.31643200 3.09642000
0.31648200 3.09650000
0.31653200 3.09657000
0.31658200 3.09665000
0.31663200 3.09673000
0.31668200 3.09680000
0.31673200 3.09688000
0.31678200 3.09696000
0.31683200 3.09704000
0.31688200 3.09712000
0.31693200 3.09719000
0.31698200 3.09727000
0.31703200 3.09735000
0.31708200 3.09743000
0.31713200 3.09752000
0.31718200 3.09760000
0.31723200 3.09768000
0.31728200 3.09776000
0.31733200 3.09784000
0.31738200 3.09793000
0.31743200 3.09801000
0.31748200 3.09810000
0.31753200 3.09818000
0.31758200 3.09827000
0.31763200 3.09835000
0.31768200 3.09844000
0.31773200 3.09853000
0.31778200 3.09861000
0.31783200 3.09870000
0.31788200 3.09879000
0.31793200 3.09888000
0.31798200 3.09897000
0.31803200 3.09905000
0.31808200 3.09914000
0.31813200 3.09923000
0.31818200 3.09933000
0.31823200 3.09942000
0.31828200 3.09951000
0.31833200 3.09960000
0.31838200 3.09969000
0.31843200 3.09979000
0.31848200 3.09988000
0.31853200 3.09997000
0.31858200 3.10007000
0.31863200 3.10016000
0.31868200 3.10026000
0.31873200 3.10035000
0.31878200 3.10045000
0.31883200 3.10055000
0.31888200 3.10064000
0.31893200 3.10074000
0.31898200 3.10084000
0.31903200 3.10094000
0.31908200 3.10104000
0.31913200 3.10114000
0.31918200 3.10124000
0.31923200 3.10134000
0.31928200 3.10144000
0.31933200 3.10154000
0.31938200 3.10164000
0.31943200 3.10174000
0.31948200 3.10184000
0.31953200 3.10195000
0.31958200 3.10205000
0.31963200 3.10215000
0.31968200 3.10226000
0.31973200 3.10236000
0.31978200 3.10247000
0.31983200 3.10257000
0.31988200 3.10268000
0.31993200 3.10278000
0.31998200 3.10289000
0.32003200 3.10300000
0.32008200 3.10310000
0.32013200 3.10321000
0.32018200 3.10332000
0.32023200 3.10343000
0.32028200 3.10354000
0.32033200 3.10365000
0.32038200 3.10376000
0.32043200 3.10387000
0.32048200 3.10398000
0.32053200 3.10409000
0.32058200 3.10420000
0.32063200 3.10432000
0.32068200 3.10443000
0.32073200 3.10454000
0.32078200 3.10465000
0.32083200 3.10477000
0.32088200 3.10488000
0.32093200 3.10500000
0.32098200 3.10511000
0.32103200 3.10523000
0.32108200 3.10534000
0.32113200 3.10546000
0.32118200 3.10558000
0.32123200 3.10569000
0.32128200 3.10581000
0.32133200 3.10593000
0.32138200 3.10605000
0.32143200 3.10617000
0.32148200 3.10629000
0.32153200 3.10641000
0.32158200 3.10653000
0.32163200 3.10665000
0.32168200 3.10677000
0.32173200 3.10689000
0.32178200 3.10701000
0.32183200 3.10713000
0.32188200 3.10726000
0.32193200 3.10738000
0.32198200 3.10750000
0.32203200 3.10763000
0.32208200 3.10775000
0.32213200 3.10788000
0.32218200 3.10800000
0.32223200 3.10813000
0.32228200 3.10825000
0.32233200 3.10838000
0.32238200 3.10850000
0.32243200 3.10863000
0.32248200 3.10876000
0.32253200 3.10889000
0.32258200 3.10901000
0.32263200 3.10914000
0.32268200 3.10927000
0.32273200 3.10940000
0.32278200 3.10953000
0.32283200 3.10966000
0.32288200 3.10979000
0.32293200 3.10992000
0.32298200 3.11005000
0.32303200 3.11019000
0.32308200 3.11032000
0.32313200 3.11045000
0.32318200 3.11058000
0.32323200 3.11072000
0.32328200 3.11085000
0.32333200 3.11098000
0.32338200 3.11112000
0.32343200 3.11125000
0.32348200 3.11139000
0.32353200 3.11152000
0.32358200 3.11166000
0.32363200 3.11180000
0.32368200 3.11193000
0.32373200 3.11207000
0.32378200 3.11221000
0.32383200 3.11235000
0.32388200 3.11249000
0.32393200 3.11262000
0.32398200 3.11276000
0.32403200 3.11290000
0.32408200 3.11304000
0.32413200 3.11318000
0.32418200 3.11332000
0.32423200 3.11346000
0.32428200 3.11361000
0.32433200 3.11375000
0.32438200 3.11389000
0.32443200 3.11403000
0.32448200 3.11417000
0.32453200 3.11432000
0.32458200 3.11446000
0.32463200 3.11461000
0.32468200 3.11475000
0.32473200 3.11489000
0.32478200 3.11504000
0.32483200 3.11519000
0.32488200 3.11533000
0.32493200 3.11548000
0.32498200 3.11562000
0.32503300 3.11577000
0.32508300 3.11592000
0.32513300 3.11607000
0.32518300 3.11621000
0.32523300 3.11636000
0.32528300 3.11651000
0.32533300 3.11666000
0.32538300 3.11681000
0.32543300 3.11696000
0.32548300 3.11711000
0.32553300 3.11726000
0.32558300 3.11741000
0.32563300 3.11756000
0.32568300 3.11771000
0.32573300 3.11787000
0.32578300 3.11802000
0.32583300 3.11817000
0.32588300 3.11833000
0.32593300 3.11848000
0.32598300 3.11863000
0.32603300 3.11879000
0.32608300 3.11894000
0.32613300 3.11910000
0.32618300 3.11925000
0.32623300 3.11941000
0.32628300 3.11956000
0.32633300 3.11972000
0.32638300 3.11988000
0.32643300 3.12003000
0.32648300 3.12019000
0.32653300 3.12035000
0.32658300 3.12051000
0.32663300 3.12067000
0.32668300 3.12082000
0.32673300 3.12098000
0.32678300 3.12114000
0.32683300 3.12130000
0.32688300 3.12146000
0.32693300 3.12162000
0.32698300 3.12178000
0.32703300 3.12195000
0.32708300 3.12211000
0.32713300 3.12227000
0.32718300 3.12243000
0.32723300 3.12259000
0.32728300 3.12276000
0.32733300 3.12292000
0.32738300 3.12308000
0.32743300 3.12325000
0.32748300 3.12341000
0.32753300 3.12358000
0.32758300 3.12374000
0.32763300 3.12391000
0.32768300 3.12407000
0.32773300 3.12424000
0.32778300 3.12441000
0.32783300 3.12457000
0.32788300 3.12474000
0.32793300 3.12491000
0.32798300 3.12508000
0.32803300 3.12524000
0.32808300 3.12541000
0.32813300 3.12558000
0.32818300 3.12575000
0.32823300 3.12592000
0.32828300 3.12609000
0.32833300 3.12626000
0.32838300 3.12643000
0.32843300 3.12660000
0.32848300 3.12677000
0.32853300 3.12694000
0.32858300 3.12711000
0.32863300 3.12729000
0.32868300 3.12746000
0.32873300 3.12763000
0.32878300 3.12781000
0.32883300 3.12798000
0.32888300 3.12815000
0.32893300 3.12833000
0.32898300 3.12850000
0.32903300 3.12868000
0.32908300 3.12885000
0.32913300 3.12903000
0.32918300 3.12920000
0.32923300 3.12938000
0.32928300 3.12955000
0.32933300 3.12973000
0.32938300 3.12991000
0.32943300 3.13008000
0.32948300 3.13026000
0.32953300 3.13044000
0.32958300 3.13062000
0.32963300 3.13080000
0.32968300 3.13098000
0.32973300 3.13116000
0.32978300 3.13133000
0.32983300 3.13151000
0.32988300 3.13169000
0.32993300 3.13188000
0.32998300 3.13206000
0.33003300 3.13224000
0.33008300 3.13242000
0.33013300 3.13260000
0.33018300 3.13278000
0.33023300 3.13296000
0.33028300 3.13315000
0.33033300 3.13333000
0.33038300 3.13351000
0.33043300 3.13370000
0.33048300 3.13388000
0.33053300 3.13407000
0.33058300 3.13425000
0.33063300 3.13443000
0.33068300 3.13462000
0.33073300 3.13481000
0.33078300 3.13499000
0.33083300 3.13518000
0.33088300 3.13536000
0.33093300 3.13555000
0.33098300 3.13574000
0.33103300 3.13592000
0.33108300 3.13611000
0.33113300 3.13630000
0.33118300 3.13649000
0.33123300 3.13668000
0.33128300 3.13687000
0.33133300 3.13705000
0.33138300 3.13724000
0.33143300 3.13743000
0.33148300 3.13762000
0.33153300 3.13781000
0.33158300 3.13800000
0.33163300 3.13820000
0.33168300 3.13839000
0.33173300 3.13858000
0.33178300 3.13877000
0.33183300 3.13896000
0.33188300 3.13915000
0.33193300 3.13935000
0.33198300 3.13954000
0.33203300 3.13973000
0.33208300 3.13993000
0.33213300 3.14012000
0.33218300 3.14032000
0.33223300 3.14051000
0.33228300 3.14070000
0.33233300 3.14090000
0.33238300 3.14109000
0.33243300 3.14129000
0.33248300 3.14149000
0.33253300 3.14168000
0.33258300 3.14188000
0.33263300 3.14208000
0.33268300 3.14227000
0.33273300 3.14247000
0.33278300 3.14267000
0.33283300 3.14287000
0.33288300 3.14306000
0.33293300 3.14326000
0.33298300 3.14346000
0.33303300 3.14366000
0.33308300 3.14386000
0.33313300 3.14406000
0.33318300 3.14426000
0.33323300 3.14446000
0.33328300 3.14466000
0.33333300 3.14486000
0.33338300 3.14506000
0.33343300 3.14526000
0.33348300 3.14546000
0.33353300 3.14567000
0.33358300 3.14587000
0.33363300 3.14607000
0.33368300 3.14627000
0.33373300 3.14648000
0.33378300 3.14668000
0.33383300 3.14688000
0.33388300 3.14709000
0.33393300 3.14729000
0.33398300 3.14750000
0.33403300 3.14770000
0.33408300 3.14791000
0.33413300 3.14811000
0.33418300 3.14832000
0.33423300 3.14852000
0.33428300 3.14873000
0.33433300 3.14893000
0.33438300 3.14914000
0.33443300 3.14935000
0.33448300 3.14956000
0.33453300 3.14976000
0.33458300 3.14997000
0.33463300 3.15018000
0.33468300 3.15039000
0.33473300 3.15059000
0.33478300 3.15080000
0.33483300 3.15101000
0.33488300 3.15122000
0.33493300 3.15143000
0.33498300 3.15164000
0.33503400 3.15185000
0.33508400 3.15206000
0.33513400 3.15227000
0.33518400 3.15248000
0.33523400 3.15269000
0.33528400 3.15291000
0.33533400 3.15312000
0.33538400 3.15333000
0.33543400 3.15354000
0.33548400 3.15375000
0.33553400 3.15397000
0.33558400 3.15418000
0.33563400 3.15439000
0.33568400 3.15461000
0.33573400 3.15482000
0.33578400 3.15503000
0.33583400 3.15525000
0.33588400 3.15546000
0.33593400 3.15568000
0.33598400 3.15589000
0.33603400 3.15611000
0.33608400 3.15632000
0.33613400 3.15654000
0.33618400 3.15676000
0.33623400 3.15697000
0.33628400 3.15719000
0.33633400 3.15741000
0.33638400 3.15762000
0.33643400 3.15784000
0.33648400 3.15806000
0.33653400 3.15827000
0.33658400 3.15849000
0.33663400 3.15871000
0.33668400 3.15893000
0.33673400 3.15915000
0.33678400 3.15937000
0.33683400 3.15959000
0.33688400 3.15981000
0.33693400 3.16003000
0.33698400 3.16025000
0.33703400 3.16047000
0.33708400 3.16069000
0.33713400 3.16091000
0.33718400 3.16113000
0.33723400 3.16135000
0.33728400 3.16157000
0.33733400 3.16179000
0.33738400 3.16202000
0.33743400 3.16224000
0.33748400 3.16246000
0.33753400 3.16268000
0.33758400 3.16291000
0.33763400 3.16313000
0.33768400 3.16335000
0.33773400 3.16358000
0.33778400 3.16380000
0.33783400 3.16403000
0.33788400 3.16425000
0.33793400 3.16447000
0.33798400 3.16470000
0.33803400 3.16492000
0.33808400 3.16515000
0.33813400 3.16538000
0.33818400 3.16560000
0.33823400 3.16583000
0.33828400 3.16605000
0.33833400 3.16628000
0.33838400 3.16651000
0.33843400 3.16673000
0.33848400 3.16696000
0.33853400 3.16719000
0.33858400 3.16742000
0.33863400 3.16765000
0.33868400 3.16787000
0.33873400 3.16810000
0.33878400 3.16833000
0.33883400 3.16856000
0.33888400 3.16879000
0.33893400 3.16902000
0.33898400 3.16925000
0.33903400 3.16948000
0.33908400 3.16971000
0.33913400 3.16994000
0.33918400 3.17017000
0.33923400 3.17040000
0.33928400 3.17063000
0.33933400 3.17086000
0.33938400 3.17109000
0.33943400 3.17133000
0.33948400 3.17156000
0.33953400 3.17179000
0.33958400 3.17202000
0.33963400 3.17225000
0.33968400 3.17249000
0.33973400 3.17272000
0.33978400 3.17295000
0.33983400 3.17319000
0.33988400 3.17342000
0.33993400 3.17365000
0.33998400 3.17389000
0.34003400 3.17412000
0.34008400 3.17436000
0.34013400 3.17459000
0.34018400 3.17483000
0.34023400 3.17506000
0.34028400 3.17530000
0.34033400 3.17553000
0.34038400 3.17577000
0.34043400 3.17601000
0.34048400 3.17624000
0.34053400 3.17648000
0.34058400 3.17672000
0.34063400 3.17695000
0.34068400 3.17719000
0.34073400 3.17743000
0.34078400 3.17766000
0.34083400 3.17790000
0.34088400 3.17814000
0.34093400 3.17838000
0.34098400 3.17862000
0.34103400 3.17886000
0.34108400 3.17910000
0.34113400 3.17933000
0.34118400 3.17957000
0.34123400 3.17981000
0.34128400 3.18005000
0.34133400 3.18029000
0.34138400 3.18053000
0.34143400 3.18077000
0.34148400 3.18101000
0.34153400 3.18126000
0.34158400 3.18150000
0.34163400 3.18174000
0.34168400 3.18198000
0.34173400 3.18222000
0.34178400 3.18246000
0.34183400 3.18270000
0.34188400 3.18295000
0.34193400 3.18319000
0.34198400 3.18343000
0.34203400 3.18367000
0.34208400 3.18392000
0.34213400 3.18416000
0.34218400 3.18440000
0.34223400 3.18465000
0.34228400 3.18489000
0.34233400 3.18514000
0.34238400 3.18538000
0.34243400 3.18563000
0.34248400 3.18587000
0.34253400 3.18611000
0.34258400 3.18636000
0.34263400 3.18661000
0.34268400 3.18685000
0.34273400 3.18710000
0.34278400 3.18734000
0.34283400 3.18759000
0.34288400 3.18783000
0.34293400 3.18808000
0.34298400 3.18833000
0.34303400 3.18857000
0.34308400 3.18882000
0.34313400 3.18907000
0.34318400 3.18932000
0.34323400 3.18956000
0.34328400 3.18981000
0.34333400 3.19006000
0.34338400 3.19031000
0.34343400 3.19056000
0.34348400 3.19081000
0.34353400 3.19105000
0.34358400 3.19130000
0.34363400 3.19155000
0.34368400 3.19180000
0.34373400 3.19205000
0.34378400 3.19230000
0.34383400 3.19255000
0.34388400 3.19280000
0.34393400 3.19305000
0.34398400 3.19330000
0.34403400 3.19355000
0.34408400 3.19380000
0.34413400 3.19406000
0.34418400 3.19431000
0.34423400 3.19456000
0.34428400 3.19481000
0.34433400 3.19506000
0.34438400 3.19531000
0.34443400 3.19557000
0.34448400 3.19582000
0.34453400 3.19607000
0.34458400 3.19632000
0.34463400 3.19658000
0.34468400 3.19683000
0.34473400 3.19708000
0.34478400 3.19734000
0.34483400 3.19759000
0.34488400 3.19784000
0.34493400 3.19810000
0.34498400 3.19835000
0.34503500 3.19861000
0.34508500 3.19886000
0.34513500 3.19912000
0.34518500 3.19937000
0.34523500 3.19963000
0.34528500 3.19988000
0.34533500 3.20014000
0.34538500 3.20039000
0.34543500 3.20065000
0.34548500 3.20091000
0.34553500 3.20116000
0.34558500 3.20142000
0.34563500 3.20167000
0.34568500 3.20193000
0.34573500 3.20219000
0.34578500 3.20245000
0.34583500 3.20270000
0.34588500 3.20296000
0.34593500 3.20322000
0.34598500 3.20348000
0.34603500 3.20373000
0.34608500 3.20399000
0.34613500 3.20425000
0.34618500 3.20451000
0.34623500 3.20477000
0.34628500 3.20503000
0.34633500 3.20529000
0.34638500 3.20554000
0.34643500 3.20580000
0.34648500 3.20606000
0.34653500 3.20632000
0.34658500 3.20658000
0.34663500 3.20684000
0.34668500 3.20710000
0.34673500 3.20736000
0.34678500 3.20762000
0.34683500 3.20789000
0.34688500 3.20815000
0.34693500 3.20841000
0.34698500 3.20867000
0.34703500 3.20893000
0.34708500 3.20919000
0.34713500 3.20945000
0.34718500 3.20971000
0.34723500 3.20998000
0.34728500 3.21024000
0.34733500 3.21050000
0.34738500 3.21076000
0.34743500 3.21103000
0.34748500 3.21129000
0.34753500 3.21155000
0.34758500 3.21182000
0.34763500 3.21208000
0.34768500 3.21234000
0.34773500 3.21261000
0.34778500 3.21287000
0.34783500 3.21313000
0.34788500 3.21340000
0.34793500 3.21366000
0.34798500 3.21393000
0.34803500 3.21419000
0.34808500 3.21446000
0.34813500 3.21472000
0.34818500 3.21499000
0.34823500 3.21525000
0.34828500 3.21552000
0.34833500 3.21578000
0.34838500 3.21605000
0.34843500 3.21631000
0.34848500 3.21658000
0.34853500 3.21685000
0.34858500 3.21711000
0.34863500 3.21738000
0.34868500 3.21765000
0.34873500 3.21791000
0.34878500 3.21818000
0.34883500 3.21845000
0.34888500 3.21871000
0.34893500 3.21898000
0.34898500 3.21925000
0.34903500 3.21952000
0.34908500 3.21978000
0.34913500 3.22005000
0.34918500 3.22032000
0.34923500 3.22059000
0.34928500 3.22086000
0.34933500 3.22113000
0.34938500 3.22139000
0.34943500 3.22166000
0.34948500 3.22193000
0.34953500 3.22220000
0.34958500 3.22247000
0.34963500 3.22274000
0.34968500 3.22301000
0.34973500 3.22328000
0.34978500 3.22355000
0.34983500 3.22382000
0.34988500 3.22409000
0.34993500 3.22436000
0.34998500 3.22463000
0.35003500 3.22490000
0.35008500 3.22517000
0.35013500 3.22544000
0.35018500 3.22571000
0.35023500 3.22599000
0.35028500 3.22626000
0.35033500 3.22653000
0.35038500 3.22680000
0.35043500 3.22707000
0.35048500 3.22734000
0.35053500 3.22762000
0.35058500 3.22789000
0.35063500 3.22816000
0.35068500 3.22843000
0.35073500 3.22871000
0.35078500 3.22898000
0.35083500 3.22925000
0.35088500 3.22952000
0.35093500 3.22980000
0.35098500 3.23007000
0.35103500 3.23034000
0.35108500 3.23062000
0.35113500 3.23089000
0.35118500 3.23117000
0.35123500 3.23144000
0.35128500 3.23171000
0.35133500 3.23199000
0.35138500 3.23226000
0.35143500 3.23254000
0.35148500 3.23281000
0.35153500 3.23309000
0.35158500 3.23336000
0.35163500 3.23364000
0.35168500 3.23391000
0.35173500 3.23419000
0.35178500 3.23446000
0.35183500 3.23474000
0.35188500 3.23501000
0.35193500 3.23529000
0.35198500 3.23557000
0.35203500 3.23584000
0.35208500 3.23612000
0.35213500 3.23639000
0.35218500 3.23667000
0.35223500 3.23695000
0.35228500 3.23722000
0.35233500 3.23750000
0.35238500 3.23778000
0.35243500 3.23806000
0.35248500 3.23833000
0.35253500 3.23861000
0.35258500 3.23889000
0.35263500 3.23917000
0.35268500 3.23944000
0.35273500 3.23972000
0.35278500 3.24000000
0.35283500 3.24028000
0.35288500 3.24056000
0.35293500 3.24083000
0.35298500 3.24111000
0.35303500 3.24139000
0.35308500 3.24167000
0.35313500 3.24195000
0.35318500 3.24223000
0.35323500 3.24251000
0.35328500 3.24279000
0.35333500 3.24307000
0.35338500 3.24335000
0.35343500 3.24363000
0.35348500 3.24390000
0.35353500 3.24418000
0.35358500 3.24446000
0.35363500 3.24474000
0.35368500 3.24503000
0.35373500 3.24531000
0.35378500 3.24559000
0.35383500 3.24587000
0.35388500 3.24615000
0.35393500 3.24643000
0.35398500 3.24671000
0.35403500 3.24699000
0.35408500 3.24727000
0.35413500 3.24755000
0.35418500 3.24783000
0.35423500 3.24812000
0.35428500 3.24840000
0.35433500 3.24868000
0.35438500 3.24896000
0.35443500 3.24924000
0.35448500 3.24952000
0.35453500 3.24981000
0.35458500 3.25009000
0.35463500 3.25037000
0.35468500 3.25065000
0.35473500 3.25094000
0.35478500 3.25122000
0.35483500 3.25150000
0.35488500 3.25179000
0.35493500 3.25207000
0.35498500 3.25235000
0.35503600 3.25264000
0.35508600 3.25292000
0.35513600 3.25320000
0.35518600 3.25349000
0.35523600 3.25377000
0.35528600 3.25405000
0.35533600 3.25434000
0.35538600 3.25462000
0.35543600 3.25491000
0.35548600 3.25519000
0.35553600 3.25547000
0.35558600 3.25576000
0.35563600 3.25604000
0.35568600 3.25633000
0.35573600 3.25661000
0.35578600 3.25690000
0.35583600 3.25718000
0.35588600 3.25747000
0.35593600 3.25775000
0.35598600 3.25804000
0.35603600 3.25832000
0.35608600 3.25861000
0.35613600 3.25890000
0.35618600 3.25918000
0.35623600 3.25947000
0.35628600 3.25975000
0.35633600 3.26004000
0.35638600 3.26033000
0.35643600 3.26061000
0.35648600 3.26090000
0.35653600 3.26118000
0.35658600 3.26147000
0.35663600 3.26176000
0.35668600 3.26204000
0.35673600 3.26233000
0.35678600 3.26262000
0.35683600 3.26291000
0.35688600 3.26319000
0.35693600 3.26348000
0.35698600 3.26377000
0.35703600 3.26405000
0.35708600 3.26434000
0.35713600 3.26463000
0.35718600 3.26492000
0.35723600 3.26521000
0.35728600 3.26549000
0.35733600 3.26578000
0.35738600 3.26607000
0.35743600 3.26636000
0.35748600 3.26665000
0.35753600 3.26693000
0.35758600 3.26722000
0.35763600 3.26751000
0.35768600 3.26780000
0.35773600 3.26809000
0.35778600 3.26838000
0.35783600 3.26867000
0.35788600 3.26896000
0.35793600 3.26925000
0.35798600 3.26953000
0.35803600 3.26982000
0.35808600 3.27011000
0.35813600 3.27040000
0.35818600 3.27069000
0.35823600 3.27098000
0.35828600 3.27127000
0.35833600 3.27156000
0.35838600 3.27185000
0.35843600 3.27214000
0.35848600 3.27243000
0.35853600 3.27272000
0.35858600 3.27301000
0.35863600 3.27330000
0.35868600 3.27359000
0.35873600 3.27388000
0.35878600 3.27417000
0.35883600 3.27447000
0.35888600 3.27476000
0.35893600 3.27505000
0.35898600 3.27534000
0.35903600 3.27563000
0.35908600 3.27592000
0.35913600 3.27621000
0.35918600 3.27650000
0.35923600 3.27679000
0.35928600 3.27709000
0.35933600 3.27738000
0.35938600 3.27767000
0.35943600 3.27796000
0.35948600 3.27825000
0.35953600 3.27855000
0.35958600 3.27884000
0.35963600 3.27913000
0.35968600 3.27942000
0.35973600 3.27971000
0.35978600 3.28001000
0.35983600 3.28030000
0.35988600 3.28059000
0.35993600 3.28088000
0.35998600 3.28118000
0.36003600 3.28147000
0.36008600 3.28176000
0.36013600 3.28205000
0.36018600 3.28235000
0.36023600 3.28264000
0.36028600 3.28293000
0.36033600 3.28323000
0.36038600 3.28352000
0.36043600 3.28381000
0.36048600 3.28411000
0.36053600 3.28440000
0.36058600 3.28469000
0.36063600 3.28499000
0.36068600 3.28528000
0.36073600 3.28558000
0.36078600 3.28587000
0.36083600 3.28616000
0.36088600 3.28646000
0.36093600 3.28675000
0.36098600 3.28705000
0.36103600 3.28734000
0.36108600 3.28763000
0.36113600 3.28793000
0.36118600 3.28822000
0.36123600 3.28852000
0.36128600 3.28881000
0.36133600 3.28911000
0.36138600 3.28940000
0.36143600 3.28970000
0.36148600 3.28999000
0.36153600 3.29029000
0.36158600 3.29058000
0.36163600 3.29088000
0.36168600 3.29117000
0.36173600 3.29147000
0.36178600 3.29176000
0.36183600 3.29206000
0.36188600 3.29235000
0.36193600 3.29265000
0.36198600 3.29294000
0.36203600 3.29324000
0.36208600 3.29353000
0.36213600 3.29383000
0.36218600 3.29413000
0.36223600 3.29442000
0.36228600 3.29472000
0.36233600 3.29501000
0.36238600 3.29531000
0.36243600 3.29561000
0.36248600 3.29590000
0.36253600 3.29620000
0.36258600 3.29650000
0.36263600 3.29679000
0.36268600 3.29709000
0.36273600 3.29738000
0.36278600 3.29768000
0.36283600 3.29798000
0.36288600 3.29827000
0.36293600 3.29857000
0.36298600 3.29887000
0.36303600 3.29916000
0.36308600 3.29946000
0.36313600 3.29976000
0.36318600 3.30006000
0.36323600 3.30035000
0.36328600 3.30065000
0.36333600 3.30095000
0.36338600 3.30124000
0.36343600 3.30154000
0.36348600 3.30184000
0.36353600 3.30214000
0.36358600 3.30243000
0.36363600 3.30273000
0.36368600 3.30303000
0.36373600 3.30333000
0.36378600 3.30363000
0.36383600 3.30392000
0.36388600 3.30422000
0.36393600 3.30452000
0.36398600 3.30482000
0.36403600 3.30512000
0.36408600 3.30541000
0.36413600 3.30571000
0.36418600 3.30601000
0.36423600 3.30631000
0.36428600 3.30661000
0.36433600 3.30690000
0.36438600 3.30720000
0.36443600 3.30750000
0.36448600 3.30780000
0.36453600 3.30810000
0.36458600 3.30840000
0.36463600 3.30870000
0.36468600 3.30899000
0.36473600 3.30929000
0.36478600 3.30959000
0.36483600 3.30989000
0.36488600 3.31019000
0.36493600 3.31049000
0.36498600 3.31079000
0.36503700 3.31109000
0.36508700 3.31139000
0.36513700 3.31169000
0.36518700 3.31199000
0.36523700 3.31228000
0.36528700 3.31258000
0.36533700 3.31288000
0.36538700 3.31318000
0.36543700 3.31348000
0.36548700 3.31378000
0.36553700 3.31408000
0.36558700 3.31438000
0.36563700 3.31468000
0.36568700 3.31498000
0.36573700 3.31528000
0.36578700 3.31558000
0.36583700 3.31588000
0.36588700 3.31618000
0.36593700 3.31648000
0.36598700 3.31678000
0.36603700 3.31708000
0.36608700 3.31738000
0.36613700 3.31768000
0.36618700 3.31798000
0.36623700 3.31828000
0.36628700 3.31858000
0.36633700 3.31888000
0.36638700 3.31918000
0.36643700 3.31948000
0.36648700 3.31978000
0.36653700 3.32008000
0.36658700 3.32038000
0.36663700 3.32068000
0.36668700 3.32098000
0.36673700 3.32128000
0.36678700 3.32158000
0.36683700 3.32189000
0.36688700 3.32219000
0.36693700 3.32249000
0.36698700 3.32279000
0.36703700 3.32309000
0.36708700 3.32339000
0.36713700 3.32369000
0.36718700 3.32399000
0.36723700 3.32429000
0.36728700 3.32459000
0.36733700 3.32489000
0.36738700 3.32520000
0.36743700 3.32550000
0.36748700 3.32580000
0.36753700 3.32610000
0.36758700 3.32640000
0.36763700 3.32670000
0.36768700 3.32700000
0.36773700 3.32730000
0.36778700 3.32761000
0.36783700 3.32791000
0.36788700 3.32821000
0.36793700 3.32851000
0.36798700 3.32881000
0.36803700 3.32911000
0.36808700 3.32941000
0.36813700 3.32972000
0.36818700 3.33002000
0.36823700 3.33032000
0.36828700 3.33062000
0.36833700 3.33092000
0.36838700 3.33122000
0.36843700 3.33153000
0.36848700 3.33183000
0.36853700 3.33213000
0.36858700 3.33243000
0.36863700 3.33273000
0.36868700 3.33304000
0.36873700 3.33334000
0.36878700 3.33364000
0.36883700 3.33394000
0.36888700 3.33424000
0.36893700 3.33455000
0.36898700 3.33485000
0.36903700 3.33515000
0.36908700 3.33545000
0.36913700 3.33576000
0.36918700 3.33606000
0.36923700 3.33636000
0.36928700 3.33666000
0.36933700 3.33696000
0.36938700 3.33727000
0.36943700 3.33757000
0.36948700 3.33787000
0.36953700 3.33817000
0.36958700 3.33848000
0.36963700 3.33878000
0.36968700 3.33908000
0.36973700 3.33938000
0.36978700 3.33969000
0.36983700 3.33999000
0.36988700 3.34029000
0.36993700 3.34059000
0.36998700 3.34090000
0.37003700 3.34120000
0.37008700 3.34150000
0.37013700 3.34180000
0.37018700 3.34211000
0.37023700 3.34241000
0.37028700 3.34271000
0.37033700 3.34302000
0.37038700 3.34332000
0.37043700 3.34362000
0.37048700 3.34392000
0.37053700 3.34423000
0.37058700 3.34453000
0.37063700 3.34483000
0.37068700 3.34514000
0.37073700 3.34544000
0.37078700 3.34574000
0.37083700 3.34604000
0.37088700 3.34635000
0.37093700 3.34665000
0.37098700 3.34695000
0.37103700 3.34726000
0.37108700 3.34756000
0.37113700 3.34786000
0.37118700 3.34817000
0.37123700 3.34847000
0.37128700 3.34877000
0.37133700 3.34907000
0.37138700 3.34938000
0.37143700 3.34968000
0.37148700 3.34998000
0.37153700 3.35029000
0.37158700 3.35059000
0.37163700 3.35089000
0.37168700 3.35120000
0.37173700 3.35150000
0.37178700 3.35180000
0.37183700 3.35211000
0.37188700 3.35241000
0.37193700 3.35271000
0.37198700 3.35302000
0.37203700 3.35332000
0.37208700 3.35362000
0.37213700 3.35393000
0.37218700 3.35423000
0.37223700 3.35453000
0.37228700 3.35484000
0.37233700 3.35514000
0.37238700 3.35544000
0.37243700 3.35575000
0.37248700 3.35605000
0.37253700 3.35635000
0.37258700 3.35666000
0.37263700 3.35696000
0.37268700 3.35726000
0.37273700 3.35757000
0.37278700 3.35787000
0.37283700 3.35817000
0.37288700 3.35848000
0.37293700 3.35878000
0.37298700 3.35908000
0.37303700 3.35939000
0.37308700 3.35969000
0.37313700 3.35999000
0.37318700 3.36030000
0.37323700 3.36060000
0.37328700 3.36091000
0.37333700 3.36121000
0.37338700 3.36151000
0.37343700 3.36182000
0.37348700 3.36212000
0.37353700 3.36242000
0.37358700 3.36273000
0.37363700 3.36303000
0.37368700 3.36333000
0.37373700 3.36364000
0.37378700 3.36394000
0.37383700 3.36424000
0.37388700 3.36455000
0.37393700 3.36485000
0.37398700 3.36516000
0.37403700 3.36546000
0.37408700 3.36576000
0.37413700 3.36607000
0.37418700 3.36637000
0.37423700 3.36667000
0.37428700 3.36698000
0.37433700 3.36728000
0.37438700 3.36758000
0.37443700 3.36789000
0.37448700 3.36819000
0.37453700 3.36849000
0.37458700 3.36880000
0.37463700 3.36910000
0.37468700 3.36941000
0.37473700 3.36971000
0.37478700 3.37001000
0.37483700 3.37032000
0.37488700 3.37062000
0.37493700 3.37092000
0.37498700 3.37123000
0.37503800 3.37153000
0.37508800 3.37183000
0.37513800 3.37214000
0.37518800 3.37244000
0.37523800 3.37274000
0.37528800 3.37305000
0.37533800 3.37335000
0.37538800 3.37365000
0.37543800 3.37396000
0.37548800 3.37426000
0.37553800 3.37457000
0.37558800 3.37487000
0.37563800 3.37517000
0.37568800 3.37548000
0.37573800 3.37578000
0.37578800 3.37608000
0.37583800 3.37639000
0.37588800 3.37669000
0.37593800 3.37699000
0.37598800 3.37730000
0.37603800 3.37760000
0.37608800 3.37790000
0.37613800 3.37821000
0.37618800 3.37851000
0.37623800 3.37881000
0.37628800 3.37912000
0.37633800 3.37942000
0.37638800 3.37972000
0.37643800 3.38003000
0.37648800 3.38033000
0.37653800 3.38063000
0.37658800 3.38094000
0.37663800 3.38124000
0.37668800 3.38154000
0.37673800 3.38185000
0.37678800 3.38215000
0.37683800 3.38245000
0.37688800 3.38276000
0.37693800 3.38306000
0.37698800 3.38336000
0.37703800 3.38367000
0.37708800 3.38397000
0.37713800 3.38427000
0.37718800 3.38458000
0.37723800 3.38488000
0.37728800 3.38518000
0.37733800 3.38548000
0.37738800 3.38579000
0.37743800 3.38609000
0.37748800 3.38639000
0.37753800 3.38670000
0.37758800 3.38700000
0.37763800 3.38730000
0.37768800 3.38761000
0.37773800 3.38791000
0.37778800 3.38821000
0.37783800 3.38852000
0.37788800 3.38882000
0.37793800 3.38912000
0.37798800 3.38942000
0.37803800 3.38973000
0.37808800 3.39003000
0.37813800 3.39033000
0.37818800 3.39064000
0.37823800 3.39094000
0.37828800 3.39124000
0.37833800 3.39154000
0.37838800 3.39185000
0.37843800 3.39215000
0.37848800 3.39245000
0.37853800 3.39275000
0.37858800 3.39306000
0.37863800 3.39336000
0.37868800 3.39366000
0.37873800 3.39397000
0.37878800 3.39427000
0.37883800 3.39457000
0.37888800 3.39487000
0.37893800 3.39518000
0.37898800 3.39548000
0.37903800 3.39578000
0.37908800 3.39608000
0.37913800 3.39639000
0.37918800 3.39669000
0.37923800 3.39699000
0.37928800 3.39729000
0.37933800 3.39759000
0.37938800 3.39790000
0.37943800 3.39820000
0.37948800 3.39850000
0.37953800 3.39880000
0.37958800 3.39911000
0.37963800 3.39941000
0.37968800 3.39971000
0.37973800 3.40001000
0.37978800 3.40031000
0.37983800 3.40062000
0.37988800 3.40092000
0.37993800 3.40122000
0.37998800 3.40152000
0.38003800 3.40182000
0.38008800 3.40213000
0.38013800 3.40243000
0.38018800 3.40273000
0.38023800 3.40303000
0.38028800 3.40333000
0.38033800 3.40364000
0.38038800 3.40394000
0.38043800 3.40424000
0.38048800 3.40454000
0.38053800 3.40484000
0.38058800 3.40514000
0.38063800 3.40545000
0.38068800 3.40575000
0.38073800 3.40605000
0.38078800 3.40635000
0.38083800 3.40665000
0.38088800 3.40695000
0.38093800 3.40725000
0.38098800 3.40756000
0.38103800 3.40786000
0.38108800 3.40816000
0.38113800 3.40846000
0.38118800 3.40876000
0.38123800 3.40906000
0.38128800 3.40936000
0.38133800 3.40966000
0.38138800 3.40997000
0.38143800 3.41027000
0.38148800 3.41057000
0.38153800 3.41087000
0.38158800 3.41117000
0.38163800 3.41147000
0.38168800 3.41177000
0.38173800 3.41207000
0.38178800 3.41237000
0.38183800 3.41267000
0.38188800 3.41298000
0.38193800 3.41328000
0.38198800 3.41358000
0.38203800 3.41388000
0.38208800 3.41418000
0.38213800 3.41448000
0.38218800 3.41478000
0.38223800 3.41508000
0.38228800 3.41538000
0.38233800 3.41568000
0.38238800 3.41598000
0.38243800 3.41628000
0.38248800 3.41658000
0.38253800 3.41688000
0.38258800 3.41718000
0.38263800 3.41748000
0.38268800 3.41778000
0.38273800 3.41808000
0.38278800 3.41838000
0.38283800 3.41868000
0.38288800 3.41898000
0.38293800 3.41928000
0.38298800 3.41958000
0.38303800 3.41988000
0.38308800 3.42018000
0.38313800 3.42048000
0.38318800 3.42078000
0.38323800 3.42108000
0.38328800 3.42138000
0.38333800 3.42168000
0.38338800 3.42198000
0.38343800 3.42228000
0.38348800 3.42258000
0.38353800 3.42288000
0.38358800 3.42318000
0.38363800 3.42348000
0.38368800 3.42378000
0.38373800 3.42408000
0.38378800 3.42438000
0.38383800 3.42467000
0.38388800 3.42497000
0.38393800 3.42527000
0.38398800 3.42557000
0.38403800 3.42587000
0.38408800 3.42617000
0.38413800 3.42647000
0.38418800 3.42677000
0.38423800 3.42707000
0.38428800 3.42737000
0.38433800 3.42766000
0.38438800 3.42796000
0.38443800 3.42826000
0.38448800 3.42856000
0.38453800 3.42886000
0.38458800 3.42916000
0.38463800 3.42946000
0.38468800 3.42975000
0.38473800 3.43005000
0.38478800 3.43035000
0.38483800 3.43065000
0.38488800 3.43095000
0.38493800 3.43125000
0.38498800 3.43154000
0.38503900 3.43184000
0.38508900 3.43214000
0.38513900 3.43244000
0.38518900 3.43274000
0.38523900 3.43303000
0.38528900 3.43333000
0.38533900 3.43363000
0.38538900 3.43393000
0.38543900 3.43422000
0.38548900 3.43452000
0.38553900 3.43482000
0.38558900 3.43512000
0.38563900 3.43541000
0.38568900 3.43571000
0.38573900 3.43601000
0.38578900 3.43631000
0.38583900 3.43660000
0.38588900 3.43690000
0.38593900 3.43720000
0.38598900 3.43749000
0.38603900 3.43779000
0.38608900 3.43809000
0.38613900 3.43838000
0.38618900 3.43868000
0.38623900 3.43898000
0.38628900 3.43928000
0.38633900 3.43957000
0.38638900 3.43987000
0.38643900 3.44017000
0.38648900 3.44046000
0.38653900 3.44076000
0.38658900 3.44105000
0.38663900 3.44135000
0.38668900 3.44165000
0.38673900 3.44194000
0.38678900 3.44224000
0.38683900 3.44254000
0.38688900 3.44283000
0.38693900 3.44313000
0.38698900 3.44342000
0.38703900 3.44372000
0.38708900 3.44401000
0.38713900 3.44431000
0.38718900 3.44461000
0.38723900 3.44490000
0.38728900 3.44520000
0.38733900 3.44549000
0.38738900 3.44579000
0.38743900 3.44608000
0.38748900 3.44638000
0.38753900 3.44667000
0.38758900 3.44697000
0.38763900 3.44726000
0.38768900 3.44756000
0.38773900 3.44785000
0.38778900 3.44815000
0.38783900 3.44844000
0.38788900 3.44874000
0.38793900 3.44903000
0.38798900 3.44933000
0.38803900 3.44962000
0.38808900 3.44992000
0.38813900 3.45021000
0.38818900 3.45051000
0.38823900 3.45080000
0.38828900 3.45110000
0.38833900 3.45139000
0.38838900 3.45168000
0.38843900 3.45198000
0.38848900 3.45227000
0.38853900 3.45257000
0.38858900 3.45286000
0.38863900 3.45315000
0.38868900 3.45345000
0.38873900 3.45374000
0.38878900 3.45403000
0.38883900 3.45433000
0.38888900 3.45462000
0.38893900 3.45492000
0.38898900 3.45521000
0.38903900 3.45550000
0.38908900 3.45580000
0.38913900 3.45609000
0.38918900 3.45638000
0.38923900 3.45667000
0.38928900 3.45697000
0.38933900 3.45726000
0.38938900 3.45755000
0.38943900 3.45785000
0.38948900 3.45814000
0.38953900 3.45843000
0.38958900 3.45872000
0.38963900 3.45902000
0.38968900 3.45931000
0.38973900 3.45960000
0.38978900 3.45989000
0.38983900 3.46019000
0.38988900 3.46048000
0.38993900 3.46077000
0.38998900 3.46106000
0.39003900 3.46135000
0.39008900 3.46165000
0.39013900 3.46194000
0.39018900 3.46223000
0.39023900 3.46252000
0.39028900 3.46281000
0.39033900 3.46310000
0.39038900 3.46340000
0.39043900 3.46369000
0.39048900 3.46398000
0.39053900 3.46427000
0.39058900 3.46456000
0.39063900 3.46485000
0.39068900 3.46514000
0.39073900 3.46543000
0.39078900 3.46572000
0.39083900 3.46601000
0.39088900 3.46631000
0.39093900 3.46660000
0.39098900 3.46689000
0.39103900 3.46718000
0.39108900 3.46747000
0.39113900 3.46776000
0.39118900 3.46805000
0.39123900 3.46834000
0.39128900 3.46863000
0.39133900 3.46892000
0.39138900 3.46921000
0.39143900 3.46950000
0.39148900 3.46979000
0.39153900 3.47008000
0.39158900 3.47037000
0.39163900 3.47066000
0.39168900 3.47095000
0.39173900 3.47123000
0.39178900 3.47152000
0.39183900 3.47181000
0.39188900 3.47210000
0.39193900 3.47239000
0.39198900 3.47268000
0.39203900 3.47297000
0.39208900 3.47326000
0.39213900 3.47355000
0.39218900 3.47384000
0.39223900 3.47412000
0.39228900 3.47441000
0.39233900 3.47470000
0.39238900 3.47499000
0.39243900 3.47528000
0.39248900 3.47557000
0.39253900 3.47585000
0.39258900 3.47614000
0.39263900 3.47643000
0.39268900 3.47672000
0.39273900 3.47700000
0.39278900 3.47729000
0.39283900 3.47758000
0.39288900 3.47787000
0.39293900 3.47816000
0.39298900 3.47844000
0.39303900 3.47873000
0.39308900 3.47902000
0.39313900 3.47930000
0.39318900 3.47959000
0.39323900 3.47988000
0.39328900 3.48016000
0.39333900 3.48045000
0.39338900 3.48074000
0.39343900 3.48102000
0.39348900 3.48131000
0.39353900 3.48160000
0.39358900 3.48188000
0.39363900 3.48217000
0.39368900 3.48246000
0.39373900 3.48274000
0.39378900 3.48303000
0.39383900 3.48331000
0.39388900 3.48360000
0.39393900 3.48389000
0.39398900 3.48417000
0.39403900 3.48446000
0.39408900 3.48474000
0.39413900 3.48503000
0.39418900 3.48531000
0.39423900 3.48560000
0.39428900 3.48588000
0.39433900 3.48617000
0.39438900 3.48645000
0.39443900 3.48674000
0.39448900 3.48702000
0.39453900 3.48731000
0.39458900 3.48759000
0.39463900 3.48788000
0.39468900 3.48816000
0.39473900 3.48844000
0.39478900 3.48873000
0.39483900 3.48901000
0.39488900 3.48930000
0.39493900 3.48958000
0.39498900 3.48986000
0.39504000 3.49015000
0.39509000 3.49043000
0.39514000 3.49072000
0.39519000 3.49100000
0.39524000 3.49128000
0.39529000 3.49157000
0.39534000 3.49185000
0.39539000 3.49213000
0.39544000 3.49241000
0.39549000 3.49270000
0.39554000 3.49298000
0.39559000 3.49326000
0.39564000 3.49355000
0.39569000 3.49383000
0.39574000 3.49411000
0.39579000 3.49439000
0.39584000 3.49467000
0.39589000 3.49496000
0.39594000 3.49524000
0.39599000 3.49552000
0.39604000 3.49580000
0.39609000 3.49608000
0.39614000 3.49637000
0.39619000 3.49665000
0.39624000 3.49693000
0.39629000 3.49721000
0.39634000 3.49749000
0.39639000 3.49777000
0.39644000 3.49805000
0.39649000 3.49833000
0.39654000 3.49862000
0.39659000 3.49890000
0.39664000 3.49918000
0.39669000 3.49946000
0.39674000 3.49974000
0.39679000 3.50002000
0.39684000 3.50030000
0.39689000 3.50058000
0.39694000 3.50086000
0.39699000 3.50114000
0.39704000 3.50142000
0.39709000 3.50170000
0.39714000 3.50198000
0.39719000 3.50226000
0.39724000 3.50254000
0.39729000 3.50282000
0.39734000 3.50310000
0.39739000 3.50338000
0.39744000 3.50365000
0.39749000 3.50393000
0.39754000 3.50421000
0.39759000 3.50449000
0.39764000 3.50477000
0.39769000 3.50505000
0.39774000 3.50533000
0.39779000 3.50560000
0.39784000 3.50588000
0.39789000 3.50616000
0.39794000 3.50644000
0.39799000 3.50672000
0.39804000 3.50700000
0.39809000 3.50727000
0.39814000 3.50755000
0.39819000 3.50783000
0.39824000 3.50811000
0.39829000 3.50838000
0.39834000 3.50866000
0.39839000 3.50894000
0.39844000 3.50921000
0.39849000 3.50949000
0.39854000 3.50977000
0.39859000 3.51004000
0.39864000 3.51032000
0.39869000 3.51060000
0.39874000 3.51087000
0.39879000 3.51115000
0.39884000 3.51143000
0.39889000 3.51170000
0.39894000 3.51198000
0.39899000 3.51225000
0.39904000 3.51253000
0.39909000 3.51281000
0.39914000 3.51308000
0.39919000 3.51336000
0.39924000 3.51363000
0.39929000 3.51391000
0.39934000 3.51418000
0.39939000 3.51446000
0.39944000 3.51473000
0.39949000 3.51501000
0.39954000 3.51528000
0.39959000 3.51556000
0.39964000 3.51583000
0.39969000 3.51610000
0.39974000 3.51638000
0.39979000 3.51665000
0.39984000 3.51693000
0.39989000 3.51720000
0.39994000 3.51747000
0.39999000 3.51775000
0.40004000 3.51802000
0.40009000 3.51830000
0.40014000 3.51857000
0.40019000 3.51884000
0.40024000 3.51911000
0.40029000 3.51939000
0.40034000 3.51966000
0.40039000 3.51993000
0.40044000 3.52021000
0.40049000 3.52048000
0.40054000 3.52075000
0.40059000 3.52102000
0.40064000 3.52130000
0.40069000 3.52157000
0.40074000 3.52184000
0.40079000 3.52211000
0.40084000 3.52238000
0.40089000 3.52266000
0.40094000 3.52293000
0.40099000 3.52320000
0.40104000 3.52347000
0.40109000 3.52374000
0.40114000 3.52401000
0.40119000 3.52428000
0.40124000 3.52455000
0.40129000 3.52482000
0.40134000 3.52509000
0.40139000 3.52537000
0.40144000 3.52564000
0.40149000 3.52591000
0.40154000 3.52618000
0.40159000 3.52645000
0.40164000 3.52672000
0.40169000 3.52699000
0.40174000 3.52726000
0.40179000 3.52752000
0.40184000 3.52779000
0.40189000 3.52806000
0.40194000 3.52833000
0.40199000 3.52860000
0.40204000 3.52887000
0.40209000 3.52914000
0.40214000 3.52941000
0.40219000 3.52968000
0.40224000 3.52995000
0.40229000 3.53021000
0.40234000 3.53048000
0.40239000 3.53075000
0.40244000 3.53102000
0.40249000 3.53129000
0.40254000 3.53155000
0.40259000 3.53182000
0.40264000 3.53209000
0.40269000 3.53236000
0.40274000 3.53262000
0.40279000 3.53289000
0.40284000 3.53316000
0.40289000 3.53342000
0.40294000 3.53369000
0.40299000 3.53396000
0.40304000 3.53422000
0.40309000 3.53449000
0.40314000 3.53476000
0.40319000 3.53502000
0.40324000 3.53529000
0.40329000 3.53556000
0.40334000 3.53582000
0.40339000 3.53609000
0.40344000 3.53635000
0.40349000 3.53662000
0.40354000 3.53688000
0.40359000 3.53715000
0.40364000 3.53741000
0.40369000 3.53768000
0.40374000 3.53794000
0.40379000 3.53821000
0.40384000 3.53847000
0.40389000 3.53874000
0.40394000 3.53900000
0.40399000 3.53927000
0.40404000 3.53953000
0.40409000 3.53979000
0.40414000 3.54006000
0.40419000 3.54032000
0.40424000 3.54059000
0.40429000 3.54085000
0.40434000 3.54111000
0.40439000 3.54138000
0.40444000 3.54164000
0.40449000 3.54190000
0.40454000 3.54216000
0.40459000 3.54243000
0.40464000 3.54269000
0.40469000 3.54295000
0.40474000 3.54321000
0.40479000 3.54348000
0.40484000 3.54374000
0.40489000 3.54400000
0.40494000 3.54426000
0.40499000 3.54452000
0.40504100 3.54479000
0.40509100 3.54505000
0.40514100 3.54531000
0.40519100 3.54557000
0.40524100 3.54583000
0.40529100 3.54609000
0.40534100 3.54635000
0.40539100 3.54661000
0.40544100 3.54687000
0.40549100 3.54713000
0.40554100 3.54739000
0.40559100 3.54765000
0.40564100 3.54791000
0.40569100 3.54817000
0.40574100 3.54843000
0.40579100 3.54869000
0.40584100 3.54895000
0.40589100 3.54921000
0.40594100 3.54947000
0.40599100 3.54973000
0.40604100 3.54999000
0.40609100 3.55025000
0.40614100 3.55051000
0.40619100 3.55076000
0.40624100 3.55102000
0.40629100 3.55128000
0.40634100 3.55154000
0.40639100 3.55180000
0.40644100 3.55206000
0.40649100 3.55231000
0.40654100 3.55257000
0.40659100 3.55283000
0.40664100 3.55309000
0.40669100 3.55334000
0.40674100 3.55360000
0.40679100 3.55386000
0.40684100 3.55411000
0.40689100 3.55437000
0.40694100 3.55463000
0.40699100 3.55488000
0.40704100 3.55514000
0.40709100 3.55540000
0.40714100 3.55565000
0.40719100 3.55591000
0.40724100 3.55616000
0.40729100 3.55642000
0.40734100 3.55667000
0.40739100 3.55693000
0.40744100 3.55718000
0.40749100 3.55744000
0.40754100 3.55769000
0.40759100 3.55795000
0.40764100 3.55820000
0.40769100 3.55846000
0.40774100 3.55871000
0.40779100 3.55897000
0.40784100 3.55922000
0.40789100 3.55947000
0.40794100 3.55973000
0.40799100 3.55998000
0.40804100 3.56024000
0.40809100 3.56049000
0.40814100 3.56074000
0.40819100 3.56100000
0.40824100 3.56125000
0.40829100 3.56150000
0.40834100 3.56175000
0.40839100 3.56201000
0.40844100 3.56226000
0.40849100 3.56251000
0.40854100 3.56276000
0.40859100 3.56301000
0.40864100 3.56327000
0.40869100 3.56352000
0.40874100 3.56377000
0.40879100 3.56402000
0.40884100 3.56427000
0.40889100 3.56452000
0.40894100 3.56477000
0.40899100 3.56503000
0.40904100 3.56528000
0.40909100 3.56553000
0.40914100 3.56578000
0.40919100 3.56603000
0.40924100 3.56628000
0.40929100 3.56653000
0.40934100 3.56678000
0.40939100 3.56703000
0.40944100 3.56728000
0.40949100 3.56753000
0.40954100 3.56778000
0.40959100 3.56802000
0.40964100 3.56827000
0.40969100 3.56852000
0.40974100 3.56877000
0.40979100 3.56902000
0.40984100 3.56927000
0.40989100 3.56952000
0.40994100 3.56976000
0.40999100 3.57001000
0.41004100 3.57026000
0.41009100 3.57051000
0.41014100 3.57075000
0.41019100 3.57100000
0.41024100 3.57125000
0.41029100 3.57150000
0.41034100 3.57174000
0.41039100 3.57199000
0.41044100 3.57224000
0.41049100 3.57248000
0.41054100 3.57273000
0.41059100 3.57298000
0.41064100 3.57322000
0.41069100 3.57347000
0.41074100 3.57371000
0.41079100 3.57396000
0.41084100 3.57420000
0.41089100 3.57445000
0.41094100 3.57469000
0.41099100 3.57494000
0.41104100 3.57518000
0.41109100 3.57543000
0.41114100 3.57567000
0.41119100 3.57592000
0.41124100 3.57616000
0.41129100 3.57641000
0.41134100 3.57665000
0.41139100 3.57689000
0.41144100 3.57714000
0.41149100 3.57738000
0.41154100 3.57763000
0.41159100 3.57787000
0.41164100 3.57811000
0.41169100 3.57835000
0.41174100 3.57860000
0.41179100 3.57884000
0.41184100 3.57908000
0.41189100 3.57932000
0.41194100 3.57957000
0.41199100 3.57981000
0.41204100 3.58005000
0.41209100 3.58029000
0.41214100 3.58053000
0.41219100 3.58077000
0.41224100 3.58102000
0.41229100 3.58126000
0.41234100 3.58150000
0.41239100 3.58174000
0.41244100 3.58198000
0.41249100 3.58222000
0.41254100 3.58246000
0.41259100 3.58270000
0.41264100 3.58294000
0.41269100 3.58318000
0.41274100 3.58342000
0.41279100 3.58366000
0.41284100 3.58390000
0.41289100 3.58414000
0.41294100 3.58438000
0.41299100 3.58462000
0.41304100 3.58486000
0.41309100 3.58509000
0.41314100 3.58533000
0.41319100 3.58557000
0.41324100 3.58581000
0.41329100 3.58605000
0.41334100 3.58628000
0.41339100 3.58652000
0.41344100 3.58676000
0.41349100 3.58700000
0.41354100 3.58723000
0.41359100 3.58747000
0.41364100 3.58771000
0.41369100 3.58794000
0.41374100 3.58818000
0.41379100 3.58842000
0.41384100 3.58865000
0.41389100 3.58889000
0.41394100 3.58913000
0.41399100 3.58936000
0.41404100 3.58960000
0.41409100 3.58983000
0.41414100 3.59007000
0.41419100 3.59030000
0.41424100 3.59054000
0.41429100 3.59077000
0.41434100 3.59101000
0.41439100 3.59124000
0.41444100 3.59148000
0.41449100 3.59171000
0.41454100 3.59195000
0.41459100 3.59218000
0.41464100 3.59241000
0.41469100 3.59265000
0.41474100 3.59288000
0.41479100 3.59311000
0.41484100 3.59335000
0.41489100 3.59358000
0.41494100 3.59381000
0.41499100 3.59404000
0.41504200 3.59428000
0.41509200 3.59451000
0.41514200 3.59474000
0.41519200 3.59497000
0.41524200 3.59520000
0.41529200 3.59544000
0.41534200 3.59567000
0.41539200 3.59590000
0.41544200 3.59613000
0.41549200 3.59636000
0.41554200 3.59659000
0.41559200 3.59682000
0.41564200 3.59705000
0.41569200 3.59728000
0.41574200 3.59751000
0.41579200 3.59774000
0.41584200 3.59797000
0.41589200 3.59820000
0.41594200 3.59843000
0.41599200 3.59866000
0.41604200 3.59889000
0.41609200 3.59912000
0.41614200 3.59935000
0.41619200 3.59958000
0.41624200 3.59981000
0.41629200 3.60003000
0.41634200 3.60026000
0.41639200 3.60049000
0.41644200 3.60072000
0.41649200 3.60095000
0.41654200 3.60117000
0.41659200 3.60140000
0.41664200 3.60163000
0.41669200 3.60186000
0.41674200 3.60208000
0.41679200 3.60231000
0.41684200 3.60254000
0.41689200 3.60276000
0.41694200 3.60299000
0.41699200 3.60321000
0.41704200 3.60344000
0.41709200 3.60367000
0.41714200 3.60389000
0.41719200 3.60412000
0.41724200 3.60434000
0.41729200 3.60457000
0.41734200 3.60479000
0.41739200 3.60502000
0.41744200 3.60524000
0.41749200 3.60547000
0.41754200 3.60569000
0.41759200 3.60591000
0.41764200 3.60614000
0.41769200 3.60636000
0.41774200 3.60658000
0.41779200 3.60681000
0.41784200 3.60703000
0.41789200 3.60725000
0.41794200 3.60748000
0.41799200 3.60770000
0.41804200 3.60792000
0.41809200 3.60814000
0.41814200 3.60837000
0.41819200 3.60859000
0.41824200 3.60881000
0.41829200 3.60903000
0.41834200 3.60925000
0.41839200 3.60947000
0.41844200 3.60970000
0.41849200 3.60992000
0.41854200 3.61014000
0.41859200 3.61036000
0.41864200 3.61058000
0.41869200 3.61080000
0.41874200 3.61102000
0.41879200 3.61124000
0.41884200 3.61146000
0.41889200 3.61168000
0.41894200 3.61190000
0.41899200 3.61212000
0.41904200 3.61234000
0.41909200 3.61255000
0.41914200 3.61277000
0.41919200 3.61299000
0.41924200 3.61321000
0.41929200 3.61343000
0.41934200 3.61365000
0.41939200 3.61386000
0.41944200 3.61408000
0.41949200 3.61430000
0.41954200 3.61452000
0.41959200 3.61473000
0.41964200 3.61495000
0.41969200 3.61517000
0.41974200 3.61538000
0.41979200 3.61560000
0.41984200 3.61582000
0.41989200 3.61603000
0.41994200 3.61625000
0.41999200 3.61646000
0.42004200 3.61668000
0.42009200 3.61690000
0.42014200 3.61711000
0.42019200 3.61733000
0.42024200 3.61754000
0.42029200 3.61776000
0.42034200 3.61797000
0.42039200 3.61818000
0.42044200 3.61840000
0.42049200 3.61861000
0.42054200 3.61883000
0.42059200 3.61904000
0.42064200 3.61925000
0.42069200 3.61947000
0.42074200 3.61968000
0.42079200 3.61989000
0.42084200 3.62011000
0.42089200 3.62032000
0.42094200 3.62053000
0.42099200 3.62074000
0.42104200 3.62095000
0.42109200 3.62117000
0.42114200 3.62138000
0.42119200 3.62159000
0.42124200 3.62180000
0.42129200 3.62201000
0.42134200 3.62222000
0.42139200 3.62243000
0.42144200 3.62264000
0.42149200 3.62285000
0.42154200 3.62306000
0.42159200 3.62327000
0.42164200 3.62348000
0.42169200 3.62369000
0.42174200 3.62390000
0.42179200 3.62411000
0.42184200 3.62432000
0.42189200 3.62453000
0.42194200 3.62474000
0.42199200 3.62495000
0.42204200 3.62516000
0.42209200 3.62536000
0.42214200 3.62557000
0.42219200 3.62578000
0.42224200 3.62599000
0.42229200 3.62620000
0.42234200 3.62640000
0.42239200 3.62661000
0.42244200 3.62682000
0.42249200 3.62702000
0.42254200 3.62723000
0.42259200 3.62744000
0.42264200 3.62764000
0.42269200 3.62785000
0.42274200 3.62806000
0.42279200 3.62826000
0.42284200 3.62847000
0.42289200 3.62867000
0.42294200 3.62888000
0.42299200 3.62908000
0.42304200 3.62929000
0.42309200 3.62949000
0.42314200 3.62970000
0.42319200 3.62990000
0.42324200 3.63010000
0.42329200 3.63031000
0.42334200 3.63051000
0.42339200 3.63071000
0.42344200 3.63092000
0.42349200 3.63112000
0.42354200 3.63132000
0.42359200 3.63153000
0.42364200 3.63173000
0.42369200 3.63193000
0.42374200 3.63213000
0.42379200 3.63234000
0.42384200 3.63254000
0.42389200 3.63274000
0.42394200 3.63294000
0.42399200 3.63314000
0.42404200 3.63334000
0.42409200 3.63354000
0.42414200 3.63374000
0.42419200 3.63394000
0.42424200 3.63414000
0.42429200 3.63435000
0.42434200 3.63454000
0.42439200 3.63474000
0.42444200 3.63494000
0.42449200 3.63514000
0.42454200 3.63534000
0.42459200 3.63554000
0.42464200 3.63574000
0.42469200 3.63594000
0.42474200 3.63614000
0.42479200 3.63634000
0.42484200 3.63653000
0.42489200 3.63673000
0.42494200 3.63693000
0.42499200 3.63713000
0.42504300 3.63732000
0.42509300 3.63752000
0.42514300 3.63772000
0.42519300 3.63791000
0.42524300 3.63811000
0.42529300 3.63831000
0.42534300 3.63850000
0.42539300 3.63870000
0.42544300 3.63890000
0.42549300 3.63909000
0.42554300 3.63929000
0.42559300 3.63948000
0.42564300 3.63968000
0.42569300 3.63987000
0.42574300 3.64007000
0.42579300 3.64026000
0.42584300 3.64045000
0.42589300 3.64065000
0.42594300 3.64084000
0.42599300 3.64104000
0.42604300 3.64123000
0.42609300 3.64142000
0.42614300 3.64162000
0.42619300 3.64181000
0.42624300 3.64200000
0.42629300 3.64219000
0.42634300 3.64239000
0.42639300 3.64258000
0.42644300 3.64277000
0.42649300 3.64296000
0.42654300 3.64315000
0.42659300 3.64335000
0.42664300 3.64354000
0.42669300 3.64373000
0.42674300 3.64392000
0.42679300 3.64411000
0.42684300 3.64430000
0.42689300 3.64449000
0.42694300 3.64468000
0.42699300 3.64487000
0.42704300 3.64506000
0.42709300 3.64525000
0.42714300 3.64544000
0.42719300 3.64563000
0.42724300 3.64581000
0.42729300 3.64600000
0.42734300 3.64619000
0.42739300 3.64638000
0.42744300 3.64657000
0.42749300 3.64676000
0.42754300 3.64694000
0.42759300 3.64713000
0.42764300 3.64732000
0.42769300 3.64751000
0.42774300 3.64769000
0.42779300 3.64788000
0.42784300 3.64807000
0.42789300 3.64825000
0.42794300 3.64844000
0.42799300 3.64862000
0.42804300 3.64881000
0.42809300 3.64899000
0.42814300 3.64918000
0.42819300 3.64937000
0.42824300 3.64955000
0.42829300 3.64973000
0.42834300 3.64992000
0.42839300 3.65010000
0.42844300 3.65029000
0.42849300 3.65047000
0.42854300 3.65066000
0.42859300 3.65084000
0.42864300 3.65102000
0.42869300 3.65121000
0.42874300 3.65139000
0.42879300 3.65157000
0.42884300 3.65175000
0.42889300 3.65194000
0.42894300 3.65212000
0.42899300 3.65230000
0.42904300 3.65248000
0.42909300 3.65266000
0.42914300 3.65284000
0.42919300 3.65303000
0.42924300 3.65321000
0.42929300 3.65339000
0.42934300 3.65357000
0.42939300 3.65375000
0.42944300 3.65393000
0.42949300 3.65411000
0.42954300 3.65429000
0.42959300 3.65447000
0.42964300 3.65465000
0.42969300 3.65483000
0.42974300 3.65500000
0.42979300 3.65518000
0.42984300 3.65536000
0.42989300 3.65554000
0.42994300 3.65572000
0.42999300 3.65590000
0.43004300 3.65607000
0.43009300 3.65625000
0.43014300 3.65643000
0.43019300 3.65661000
0.43024300 3.65678000
0.43029300 3.65696000
0.43034300 3.65714000
0.43039300 3.65731000
0.43044300 3.65749000
0.43049300 3.65766000
0.43054300 3.65784000
0.43059300 3.65802000
0.43064300 3.65819000
0.43069300 3.65837000
0.43074300 3.65854000
0.43079300 3.65872000
0.43084300 3.65889000
0.43089300 3.65906000
0.43094300 3.65924000
0.43099300 3.65941000
0.43104300 3.65959000
0.43109300 3.65976000
0.43114300 3.65993000
0.43119300 3.66011000
0.43124300 3.66028000
0.43129300 3.66045000
0.43134300 3.66062000
0.43139300 3.66080000
0.43144300 3.66097000
0.43149300 3.66114000
0.43154300 3.66131000
0.43159300 3.66148000
0.43164300 3.66165000
0.43169300 3.66182000
0.43174300 3.66200000
0.43179300 3.66217000
0.43184300 3.66234000
0.43189300 3.66251000
0.43194300 3.66268000
0.43199300 3.66285000
0.43204300 3.66302000
0.43209300 3.66319000
0.43214300 3.66335000
0.43219300 3.66352000
0.43224300 3.66369000
0.43229300 3.66386000
0.43234300 3.66403000
0.43239300 3.66420000
0.43244300 3.66436000
0.43249300 3.66453000
0.43254300 3.66470000
0.43259300 3.66487000
0.43264300 3.66503000
0.43269300 3.66520000
0.43274300 3.66537000
0.43279300 3.66553000
0.43284300 3.66570000
0.43289300 3.66587000
0.43294300 3.66603000
0.43299300 3.66620000
0.43304300 3.66636000
0.43309300 3.66653000
0.43314300 3.66669000
0.43319300 3.66686000
0.43324300 3.66702000
0.43329300 3.66719000
0.43334300 3.66735000
0.43339300 3.66752000
0.43344300 3.66768000
0.43349300 3.66784000
0.43354300 3.66801000
0.43359300 3.66817000
0.43364300 3.66833000
0.43369300 3.66849000
0.43374300 3.66866000
0.43379300 3.66882000
0.43384300 3.66898000
0.43389300 3.66914000
0.43394300 3.66930000
0.43399300 3.66947000
0.43404300 3.66963000
0.43409300 3.66979000
0.43414300 3.66995000
0.43419300 3.67011000
0.43424300 3.67027000
0.43429300 3.67043000
0.43434300 3.67059000
0.43439300 3.67075000
0.43444300 3.67091000
0.43449300 3.67107000
0.43454300 3.67123000
0.43459300 3.67139000
0.43464300 3.67154000
0.43469300 3.67170000
0.43474300 3.67186000
0.43479300 3.67202000
0.43484300 3.67218000
0.43489300 3.67234000
0.43494300 3.67249000
0.43499300 3.67265000
0.43504400 3.67281000
0.43509400 3.67296000
0.43514400 3.67312000
0.43519400 3.67328000
0.43524400 3.67343000
0.43529400 3.67359000
0.43534400 3.67374000
0.43539400 3.67390000
0.43544400 3.67405000
0.43549400 3.67421000
0.43554400 3.67436000
0.43559400 3.67452000
0.43564400 3.67467000
0.43569400 3.67483000
0.43574400 3.67498000
0.43579400 3.67514000
0.43584400 3.67529000
0.43589400 3.67544000
0.43594400 3.67560000
0.43599400 3.67575000
0.43604400 3.67590000
0.43609400 3.67605000
0.43614400 3.67621000
0.43619400 3.67636000
0.43624400 3.67651000
0.43629400 3.67666000
0.43634400 3.67681000
0.43639400 3.67696000
0.43644400 3.67711000
0.43649400 3.67727000
0.43654400 3.67742000
0.43659400 3.67757000
0.43664400 3.67772000
0.43669400 3.67787000
0.43674400 3.67802000
0.43679400 3.67817000
0.43684400 3.67831000
0.43689400 3.67846000
0.43694400 3.67861000
0.43699400 3.67876000
0.43704400 3.67891000
0.43709400 3.67906000
0.43714400 3.67921000
0.43719400 3.67935000
0.43724400 3.67950000
0.43729400 3.67965000
0.43734400 3.67980000
0.43739400 3.67994000
0.43744400 3.68009000
0.43749400 3.68023000
0.43754400 3.68038000
0.43759400 3.68053000
0.43764400 3.68067000
0.43769400 3.68082000
0.43774400 3.68096000
0.43779400 3.68111000
0.43784400 3.68125000
0.43789400 3.68140000
0.43794400 3.68154000
0.43799400 3.68169000
0.43804400 3.68183000
0.43809400 3.68197000
0.43814400 3.68212000
0.43819400 3.68226000
0.43824400 3.68240000
0.43829400 3.68255000
0.43834400 3.68269000
0.43839400 3.68283000
0.43844400 3.68298000
0.43849400 3.68312000
0.43854400 3.68326000
0.43859400 3.68340000
0.43864400 3.68354000
0.43869400 3.68368000
0.43874400 3.68382000
0.43879400 3.68396000
0.43884400 3.68411000
0.43889400 3.68425000
0.43894400 3.68439000
0.43899400 3.68453000
0.43904400 3.68466000
0.43909400 3.68480000
0.43914400 3.68494000
0.43919400 3.68508000
0.43924400 3.68522000
0.43929400 3.68536000
0.43934400 3.68550000
0.43939400 3.68564000
0.43944400 3.68577000
0.43949400 3.68591000
0.43954400 3.68605000
0.43959400 3.68619000
0.43964400 3.68632000
0.43969400 3.68646000
0.43974400 3.68660000
0.43979400 3.68673000
0.43984400 3.68687000
0.43989400 3.68700000
0.43994400 3.68714000
0.43999400 3.68728000
0.44004400 3.68741000
0.44009400 3.68755000
0.44014400 3.68768000
0.44019400 3.68781000
0.44024400 3.68795000
0.44029400 3.68808000
0.44034400 3.68822000
0.44039400 3.68835000
0.44044400 3.68848000
0.44049400 3.68862000
0.44054400 3.68875000
0.44059400 3.68888000
0.44064400 3.68901000
0.44069400 3.68915000
0.44074400 3.68928000
0.44079400 3.68941000
0.44084400 3.68954000
0.44089400 3.68967000
0.44094400 3.68980000
0.44099400 3.68994000
0.44104400 3.69007000
0.44109400 3.69020000
0.44114400 3.69033000
0.44119400 3.69046000
0.44124400 3.69059000
0.44129400 3.69072000
0.44134400 3.69085000
0.44139400 3.69097000
0.44144400 3.69110000
0.44149400 3.69123000
0.44154400 3.69136000
0.44159400 3.69149000
0.44164400 3.69162000
0.44169400 3.69174000
0.44174400 3.69187000
0.44179400 3.69200000
0.44184400 3.69213000
0.44189400 3.69225000
0.44194400 3.69238000
0.44199400 3.69251000
0.44204400 3.69263000
0.44209400 3.69276000
0.44214400 3.69288000
0.44219400 3.69301000
0.44224400 3.69313000
0.44229400 3.69326000
0.44234400 3.69338000
0.44239400 3.69351000
0.44244400 3.69363000
0.44249400 3.69376000
0.44254400 3.69388000
0.44259400 3.69401000
0.44264400 3.69413000
0.44269400 3.69425000
0.44274400 3.69438000
0.44279400 3.69450000
0.44284400 3.69462000
0.44289400 3.69474000
0.44294400 3.69486000
0.44299400 3.69499000
0.44304400 3.69511000
0.44309400 3.69523000
0.44314400 3.69535000
0.44319400 3.69547000
0.44324400 3.69559000
0.44329400 3.69571000
0.44334400 3.69583000
0.44339400 3.69595000
0.44344400 3.69607000
0.44349400 3.69619000
0.44354400 3.69631000
0.44359400 3.69643000
0.44364400 3.69655000
0.44369400 3.69667000
0.44374400 3.69679000
0.44379400 3.69690000
0.44384400 3.69702000
0.44389400 3.69714000
0.44394400 3.69726000
0.44399400 3.69738000
0.44404400 3.69749000
0.44409400 3.69761000
0.44414400 3.69773000
0.44419400 3.69784000
0.44424400 3.69796000
0.44429400 3.69807000
0.44434400 3.69819000
0.44439400 3.69830000
0.44444400 3.69842000
0.44449400 3.69854000
0.44454400 3.69865000
0.44459400 3.69876000
0.44464400 3.69888000
0.44469400 3.69899000
0.44474400 3.69911000
0.44479400 3.69922000
0.44484400 3.69933000
0.44489400 3.69945000
0.44494400 3.69956000
0.44499400 3.69967000
0.44504500 3.69978000
0.44509500 3.69990000
0.44514500 3.70001000
0.44519500 3.70012000
0.44524500 3.70023000
0.44529500 3.70034000
0.44534500 3.70045000
0.44539500 3.70056000
0.44544500 3.70068000
0.44549500 3.70079000
0.44554500 3.70090000
0.44559500 3.70101000
0.44564500 3.70112000
0.44569500 3.70122000
0.44574500 3.70133000
0.44579500 3.70144000
0.44584500 3.70155000
0.44589500 3.70166000
0.44594500 3.70177000
0.44599500 3.70188000
0.44604500 3.70198000
0.44609500 3.70209000
0.44614500 3.70220000
0.44619500 3.70231000
0.44624500 3.70241000
0.44629500 3.70252000
0.44634500 3.70263000
0.44639500 3.70273000
0.44644500 3.70284000
0.44649500 3.70294000
0.44654500 3.70305000
0.44659500 3.70315000
0.44664500 3.70326000
0.44669500 3.70336000
0.44674500 3.70347000
0.44679500 3.70357000
0.44684500 3.70368000
0.44689500 3.70378000
0.44694500 3.70388000
0.44699500 3.70399000
0.44704500 3.70409000
0.44709500 3.70419000
0.44714500 3.70429000
0.44719500 3.70440000
0.44724500 3.70450000
0.44729500 3.70460000
0.44734500 3.70470000
0.44739500 3.70480000
0.44744500 3.70491000
0.44749500 3.70501000
0.44754500 3.70511000
0.44759500 3.70521000
0.44764500 3.70531000
0.44769500 3.70541000
0.44774500 3.70551000
0.44779500 3.70561000
0.44784500 3.70571000
0.44789500 3.70581000
0.44794500 3.70590000
0.44799500 3.70600000
0.44804500 3.70610000
0.44809500 3.70620000
0.44814500 3.70630000
0.44819500 3.70639000
0.44824500 3.70649000
0.44829500 3.70659000
0.44834500 3.70669000
0.44839500 3.70678000
0.44844500 3.70688000
0.44849500 3.70698000
0.44854500 3.70707000
0.44859500 3.70717000
0.44864500 3.70726000
0.44869500 3.70736000
0.44874500 3.70745000
0.44879500 3.70755000
0.44884500 3.70764000
0.44889500 3.70774000
0.44894500 3.70783000
0.44899500 3.70792000
0.44904500 3.70802000
0.44909500 3.70811000
0.44914500 3.70820000
0.44919500 3.70830000
0.44924500 3.70839000
0.44929500 3.70848000
0.44934500 3.70858000
0.44939500 3.70867000
0.44944500 3.70876000
0.44949500 3.70885000
0.44954500 3.70894000
0.44959500 3.70903000
0.44964500 3.70912000
0.44969500 3.70921000
0.44974500 3.70930000
0.44979500 3.70939000
0.44984500 3.70948000
0.44989500 3.70957000
0.44994500 3.70966000
0.44999500 3.70975000
0.45004500 3.70984000
0.45009500 3.70993000
0.45014500 3.71002000
0.45019500 3.71011000
0.45024500 3.71019000
0.45029500 3.71028000
0.45034500 3.71037000
0.45039500 3.71046000
0.45044500 3.71054000
0.45049500 3.71063000
0.45054500 3.71072000
0.45059500 3.71080000
0.45064500 3.71089000
0.45069500 3.71097000
0.45074500 3.71106000
0.45079500 3.71114000
0.45084500 3.71123000
0.45089500 3.71131000
0.45094500 3.71140000
0.45099500 3.71148000
0.45104500 3.71157000
0.45109500 3.71165000
0.45114500 3.71173000
0.45119500 3.71182000
0.45124500 3.71190000
0.45129500 3.71198000
0.45134500 3.71207000
0.45139500 3.71215000
0.45144500 3.71223000
0.45149500 3.71231000
0.45154500 3.71239000
0.45159500 3.71247000
0.45164500 3.71256000
0.45169500 3.71264000
0.45174500 3.71272000
0.45179500 3.71280000
0.45184500 3.71288000
0.45189500 3.71296000
0.45194500 3.71304000
0.45199500 3.71312000
0.45204500 3.71320000
0.45209500 3.71328000
0.45214500 3.71335000
0.45219500 3.71343000
0.45224500 3.71351000
0.45229500 3.71359000
0.45234500 3.71367000
0.45239500 3.71374000
0.45244500 3.71382000
0.45249500 3.71390000
0.45254500 3.71397000
0.45259500 3.71405000
0.45264500 3.71413000
0.45269500 3.71420000
0.45274500 3.71428000
0.45279500 3.71435000
0.45284500 3.71443000
0.45289500 3.71451000
0.45294500 3.71458000
0.45299500 3.71465000
0.45304500 3.71473000
0.45309500 3.71480000
0.45314500 3.71488000
0.45319500 3.71495000
0.45324500 3.71502000
0.45329500 3.71510000
0.45334500 3.71517000
0.45339500 3.71524000
0.45344500 3.71531000
0.45349500 3.71539000
0.45354500 3.71546000
0.45359500 3.71553000
0.45364500 3.71560000
0.45369500 3.71567000
0.45374500 3.71574000
0.45379500 3.71581000
0.45384500 3.71589000
0.45389500 3.71596000
0.45394500 3.71603000
0.45399500 3.71609000
0.45404500 3.71616000
0.45409500 3.71623000
0.45414500 3.71630000
0.45419500 3.71637000
0.45424500 3.71644000
0.45429500 3.71651000
0.45434500 3.71658000
0.45439500 3.71664000
0.45444500 3.71671000
0.45449500 3.71678000
0.45454500 3.71685000
0.45459500 3.71691000
0.45464500 3.71698000
0.45469500 3.71704000
0.45474500 3.71711000
0.45479500 3.71718000
0.45484500 3.71724000
0.45489500 3.71731000
0.45494500 3.71737000
0.45499500 3.71744000
0.45504600 3.71750000
0.45509600 3.71757000
0.45514600 3.71763000
0.45519600 3.71769000
0.45524600 3.71776000
0.45529600 3.71782000
0.45534600 3.71788000
0.45539600 3.71795000
0.45544600 3.71801000
0.45549600 3.71807000
0.45554600 3.71813000
0.45559600 3.71820000
0.45564600 3.71826000
0.45569600 3.71832000
0.45574600 3.71838000
0.45579600 3.71844000
0.45584600 3.71850000
0.45589600 3.71856000
0.45594600 3.71862000
0.45599600 3.71868000
0.45604600 3.71874000
0.45609600 3.71880000
0.45614600 3.71886000
0.45619600 3.71892000
0.45624600 3.71898000
0.45629600 3.71904000
0.45634600 3.71909000
0.45639600 3.71915000
0.45644600 3.71921000
0.45649600 3.71927000
0.45654600 3.71932000
0.45659600 3.71938000
0.45664600 3.71944000
0.45669600 3.71949000
0.45674600 3.71955000
0.45679600 3.71961000
0.45684600 3.71966000
0.45689600 3.71972000
0.45694600 3.71977000
0.45699600 3.71983000
0.45704600 3.71988000
0.45709600 3.71994000
0.45714600 3.71999000
0.45719600 3.72004000
0.45724600 3.72010000
0.45729600 3.72015000
0.45734600 3.72020000
0.45739600 3.72026000
0.45744600 3.72031000
0.45749600 3.72036000
0.45754600 3.72041000
0.45759600 3.72047000
0.45764600 3.72052000
0.45769600 3.72057000
0.45774600 3.72062000
0.45779600 3.72067000
0.45784600 3.72072000
0.45789600 3.72077000
0.45794600 3.72082000
0.45799600 3.72087000
0.45804600 3.72092000
0.45809600 3.72097000
0.45814600 3.72102000
0.45819600 3.72107000
0.45824600 3.72112000
0.45829600 3.72117000
0.45834600 3.72121000
0.45839600 3.72126000
0.45844600 3.72131000
0.45849600 3.72136000
0.45854600 3.72140000
0.45859600 3.72145000
0.45864600 3.72150000
0.45869600 3.72154000
0.45874600 3.72159000
0.45879600 3.72164000
0.45884600 3.72168000
0.45889600 3.72173000
0.45894600 3.72177000
0.45899600 3.72182000
0.45904600 3.72186000
0.45909600 3.72191000
0.45914600 3.72195000
0.45919600 3.72200000
0.45924600 3.72204000
0.45929600 3.72208000
0.45934600 3.72213000
0.45939600 3.72217000
0.45944600 3.72221000
0.45949600 3.72225000
0.45954600 3.72230000
0.45959600 3.72234000
0.45964600 3.72238000
0.45969600 3.72242000
0.45974600 3.72246000
0.45979600 3.72250000
0.45984600 3.72254000
0.45989600 3.72258000
0.45994600 3.72262000
0.45999600 3.72266000
0.46004600 3.72270000
0.46009600 3.72274000
0.46014600 3.72278000
0.46019600 3.72282000
0.46024600 3.72286000
0.46029600 3.72290000
0.46034600 3.72294000
0.46039600 3.72297000
0.46044600 3.72301000
0.46049600 3.72305000
0.46054600 3.72309000
0.46059600 3.72312000
0.46064600 3.72316000
0.46069600 3.72320000
0.46074600 3.72323000
0.46079600 3.72327000
0.46084600 3.72330000
0.46089600 3.72334000
0.46094600 3.72337000
0.46099600 3.72341000
0.46104600 3.72344000
0.46109600 3.72348000
0.46114600 3.72351000
0.46119600 3.72355000
0.46124600 3.72358000
0.46129600 3.72361000
0.46134600 3.72365000
0.46139600 3.72368000
0.46144600 3.72371000
0.46149600 3.72374000
0.46154600 3.72378000
0.46159600 3.72381000
0.46164600 3.72384000
0.46169600 3.72387000
0.46174600 3.72390000
0.46179600 3.72393000
0.46184600 3.72396000
0.46189600 3.72399000
0.46194600 3.72402000
0.46199600 3.72405000
0.46204600 3.72408000
0.46209600 3.72411000
0.46214600 3.72414000
0.46219600 3.72417000
0.46224600 3.72420000
0.46229600 3.72423000
0.46234600 3.72426000
0.46239600 3.72428000
0.46244600 3.72431000
0.46249600 3.72434000
0.46254600 3.72437000
0.46259600 3.72439000
0.46264600 3.72442000
0.46269600 3.72445000
0.46274600 3.72447000
0.46279600 3.72450000
0.46284600 3.72452000
0.46289600 3.72455000
0.46294600 3.72457000
0.46299600 3.72460000
0.46304600 3.72462000
0.46309600 3.72465000
0.46314600 3.72467000
0.46319600 3.72469000
0.46324600 3.72472000
0.46329600 3.72474000
0.46334600 3.72476000
0.46339600 3.72479000
0.46344600 3.72481000
0.46349600 3.72483000
0.46354600 3.72485000
0.46359600 3.72487000
0.46364600 3.72490000
0.46369600 3.72492000
0.46374600 3.72494000
0.46379600 3.72496000
0.46384600 3.72498000
0.46389600 3.72500000
0.46394600 3.72502000
0.46399600 3.72504000
0.46404600 3.72506000
0.46409600 3.72508000
0.46414600 3.72510000
0.46419600 3.72512000
0.46424600 3.72513000
0.46429600 3.72515000
0.46434600 3.72517000
0.46439600 3.72519000
0.46444600 3.72521000
0.46449600 3.72522000
0.46454600 3.72524000
0.46459600 3.72526000
0.46464600 3.72527000
0.46469600 3.72529000
0.46474600 3.72530000
0.46479600 3.72532000
0.46484600 3.72533000
0.46489600 3.72535000
0.46494600 3.72536000
0.46499600 3.72538000
0.46504700 3.72539000
0.46509700 3.72541000
0.46514700 3.72542000
0.46519700 3.72544000
0.46524700 3.72545000
0.46529700 3.72546000
0.46534700 3.72547000
0.46539700 3.72549000
0.46544700 3.72550000
0.46549700 3.72551000
0.46554700 3.72552000
0.46559700 3.72553000
0.46564700 3.72555000
0.46569700 3.72556000
0.46574700 3.72557000
0.46579700 3.72558000
0.46584700 3.72559000
0.46589700 3.72560000
0.46594700 3.72561000
0.46599700 3.72562000
0.46604700 3.72563000
0.46609700 3.72564000
0.46614700 3.72564000
0.46619700 3.72565000
0.46624700 3.72566000
0.46629700 3.72567000
0.46634700 3.72568000
0.46639700 3.72568000
0.46644700 3.72569000
0.46649700 3.72570000
0.46654700 3.72570000
0.46659700 3.72571000
0.46664700 3.72572000
0.46669700 3.72572000
0.46674700 3.72573000
0.46679700 3.72573000
0.46684700 3.72574000
0.46689700 3.72574000
0.46694700 3.72575000
0.46699700 3.72575000
0.46704700 3.72576000
0.46709700 3.72576000
0.46714700 3.72576000
0.46719700 3.72577000
0.46724700 3.72577000
0.46729700 3.72577000
0.46734700 3.72578000
0.46739700 3.72578000
0.46744700 3.72578000
0.46749700 3.72578000
0.46754700 3.72578000
0.46759700 3.72578000
0.46764700 3.72579000
0.46769700 3.72579000
0.46774700 3.72579000
0.46779700 3.72579000
0.46784700 3.72579000
0.46789700 3.72579000
0.46794700 3.72579000
0.46799700 3.72579000
0.46804700 3.72578000
0.46809700 3.72578000
0.46814700 3.72578000
0.46819700 3.72578000
0.46824700 3.72578000
0.46829700 3.72578000
0.46834700 3.72577000
0.46839700 3.72577000
0.46844700 3.72577000
0.46849700 3.72576000
0.46854700 3.72576000
0.46859700 3.72576000
0.46864700 3.72575000
0.46869700 3.72575000
0.46874700 3.72574000
0.46879700 3.72574000
0.46884700 3.72573000
0.46889700 3.72573000
0.46894700 3.72572000
0.46899700 3.72572000
0.46904700 3.72571000
0.46909700 3.72570000
0.46914700 3.72570000
0.46919700 3.72569000
0.46924700 3.72568000
0.46929700 3.72567000
0.46934700 3.72567000
0.46939700 3.72566000
0.46944700 3.72565000
0.46949700 3.72564000
0.46954700 3.72563000
0.46959700 3.72562000
0.46964700 3.72561000
0.46969700 3.72561000
0.46974700 3.72560000
0.46979700 3.72559000
0.46984700 3.72558000
0.46989700 3.72556000
0.46994700 3.72555000
0.46999700 3.72554000
0.47004700 3.72553000
0.47009700 3.72552000
0.47014700 3.72551000
0.47019700 3.72550000
0.47024700 3.72548000
0.47029700 3.72547000
0.47034700 3.72546000
0.47039700 3.72544000
0.47044700 3.72543000
0.47049700 3.72542000
0.47054700 3.72540000
0.47059700 3.72539000
0.47064700 3.72537000
0.47069700 3.72536000
0.47074700 3.72535000
0.47079700 3.72533000
0.47084700 3.72531000
0.47089700 3.72530000
0.47094700 3.72528000
0.47099700 3.72527000
0.47104700 3.72525000
0.47109700 3.72523000
0.47114700 3.72522000
0.47119700 3.72520000
0.47124700 3.72518000
0.47129700 3.72516000
0.47134700 3.72515000
0.47139700 3.72513000
0.47144700 3.72511000
0.47149700 3.72509000
0.47154700 3.72507000
0.47159700 3.72505000
0.47164700 3.72503000
0.47169700 3.72501000
0.47174700 3.72499000
0.47179700 3.72497000
0.47184700 3.72495000
0.47189700 3.72493000
0.47194700 3.72491000
0.47199700 3.72489000
0.47204700 3.72486000
0.47209700 3.72484000
0.47214700 3.72482000
0.47219700 3.72480000
0.47224700 3.72478000
0.47229700 3.72475000
0.47234700 3.72473000
0.47239700 3.72471000
0.47244700 3.72468000
0.47249700 3.72466000
0.47254700 3.72463000
0.47259700 3.72461000
0.47264700 3.72458000
0.47269700 3.72456000
0.47274700 3.72453000
0.47279700 3.72451000
0.47284700 3.72448000
0.47289700 3.72446000
0.47294700 3.72443000
0.47299700 3.72440000
0.47304700 3.72438000
0.47309700 3.72435000
0.47314700 3.72432000
0.47319700 3.72429000
0.47324700 3.72427000
0.47329700 3.72424000
0.47334700 3.72421000
0.47339700 3.72418000
0.47344700 3.72415000
0.47349700 3.72412000
0.47354700 3.72409000
0.47359700 3.72406000
0.47364700 3.72403000
0.47369700 3.72400000
0.47374700 3.72397000
0.47379700 3.72394000
0.47384700 3.72391000
0.47389700 3.72388000
0.47394700 3.72385000
0.47399700 3.72382000
0.47404700 3.72378000
0.47409700 3.72375000
0.47414700 3.72372000
0.47419700 3.72369000
0.47424700 3.72365000
0.47429700 3.72362000
0.47434700 3.72359000
0.47439700 3.72355000
0.47444700 3.72352000
0.47449700 3.72348000
0.47454700 3.72345000
0.47459700 3.72341000
0.47464700 3.72338000
0.47469700 3.72334000
0.47474700 3.72331000
0.47479700 3.72327000
0.47484700 3.72324000
0.47489700 3.72320000
0.47494700 3.72316000
0.47499700 3.72313000
0.47504800 3.72309000
0.47509800 3.72305000
0.47514800 3.72301000
0.47519800 3.72297000
0.47524800 3.72294000
0.47529800 3.72290000
0.47534800 3.72286000
0.47539800 3.72282000
0.47544800 3.72278000
0.47549800 3.72274000
0.47554800 3.72270000
0.47559800 3.72266000
0.47564800 3.72262000
0.47569800 3.72258000
0.47574800 3.72254000
0.47579800 3.72250000
0.47584800 3.72246000
0.47589800 3.72241000
0.47594800 3.72237000
0.47599800 3.72233000
0.47604800 3.72229000
0.47609800 3.72225000
0.47614800 3.72220000
0.47619800 3.72216000
0.47624800 3.72212000
0.47629800 3.72207000
0.47634800 3.72203000
0.47639800 3.72198000
0.47644800 3.72194000
0.47649800 3.72189000
0.47654800 3.72185000
0.47659800 3.72180000
0.47664800 3.72176000
0.47669800 3.72171000
0.47674800 3.72167000
0.47679800 3.72162000
0.47684800 3.72157000
0.47689800 3.72153000
0.47694800 3.72148000
0.47699800 3.72143000
0.47704800 3.72138000
0.47709800 3.72134000
0.47714800 3.72129000
0.47719800 3.72124000
0.47724800 3.72119000
0.47729800 3.72114000
0.47734800 3.72109000
0.47739800 3.72104000
0.47744800 3.72099000
0.47749800 3.72094000
0.47754800 3.72089000
0.47759800 3.72084000
0.47764800 3.72079000
0.47769800 3.72074000
0.47774800 3.72069000
0.47779800 3.72064000
0.47784800 3.72059000
0.47789800 3.72053000
0.47794800 3.72048000
0.47799800 3.72043000
0.47804800 3.72038000
0.47809800 3.72032000
0.47814800 3.72027000
0.47819800 3.72022000
0.47824800 3.72016000
0.47829800 3.72011000
0.47834800 3.72005000
0.47839800 3.72000000
0.47844800 3.71994000
0.47849800 3.71989000
0.47854800 3.71983000
0.47859800 3.71978000
0.47864800 3.71972000
0.47869800 3.71966000
0.47874800 3.71961000
0.47879800 3.71955000
0.47884800 3.71949000
0.47889800 3.71944000
0.47894800 3.71938000
0.47899800 3.71932000
0.47904800 3.71926000
0.47909800 3.71921000
0.47914800 3.71915000
0.47919800 3.71909000
0.47924800 3.71903000
0.47929800 3.71897000
0.47934800 3.71891000
0.47939800 3.71885000
0.47944800 3.71879000
0.47949800 3.71873000
0.47954800 3.71867000
0.47959800 3.71861000
0.47964800 3.71855000
0.47969800 3.71848000
0.47974800 3.71842000
0.47979800 3.71836000
0.47984800 3.71830000
0.47989800 3.71824000
0.47994800 3.71817000
0.47999800 3.71811000
0.48004800 3.71805000
0.48009800 3.71798000
0.48014800 3.71792000
0.48019800 3.71786000
0.48024800 3.71779000
0.48029800 3.71773000
0.48034800 3.71766000
0.48039800 3.71760000
0.48044800 3.71753000
0.48049800 3.71747000
0.48054800 3.71740000
0.48059800 3.71733000
0.48064800 3.71727000
0.48069800 3.71720000
0.48074800 3.71713000
0.48079800 3.71707000
0.48084800 3.71700000
0.48089800 3.71693000
0.48094800 3.71686000
0.48099800 3.71680000
0.48104800 3.71673000
0.48109800 3.71666000
0.48114800 3.71659000
0.48119800 3.71652000
0.48124800 3.71645000
0.48129800 3.71638000
0.48134800 3.71631000
0.48139800 3.71624000
0.48144800 3.71617000
0.48149800 3.71610000
0.48154800 3.71603000
0.48159800 3.71596000
0.48164800 3.71588000
0.48169800 3.71581000
0.48174800 3.71574000
0.48179800 3.71567000
0.48184800 3.71560000
0.48189800 3.71552000
0.48194800 3.71545000
0.48199800 3.71538000
0.48204800 3.71530000
0.48209800 3.71523000
0.48214800 3.71515000
0.48219800 3.71508000
0.48224800 3.71501000
0.48229800 3.71493000
0.48234800 3.71486000
0.48239800 3.71478000
0.48244800 3.71470000
0.48249800 3.71463000
0.48254800 3.71455000
0.48259800 3.71447000
0.48264800 3.71440000
0.48269800 3.71432000
0.48274800 3.71424000
0.48279800 3.71417000
0.48284800 3.71409000
0.48289800 3.71401000
0.48294800 3.71393000
0.48299800 3.71385000
0.48304800 3.71377000
0.48309800 3.71370000
0.48314800 3.71362000
0.48319800 3.71354000
0.48324800 3.71346000
0.48329800 3.71338000
0.48334800 3.71330000
0.48339800 3.71321000
0.48344800 3.71313000
0.48349800 3.71305000
0.48354800 3.71297000
0.48359800 3.71289000
0.48364800 3.71281000
0.48369800 3.71273000
0.48374800 3.71264000
0.48379800 3.71256000
0.48384800 3.71248000
0.48389800 3.71239000
0.48394800 3.71231000
0.48399800 3.71223000
0.48404800 3.71214000
0.48409800 3.71206000
0.48414800 3.71197000
0.48419800 3.71189000
0.48424800 3.71180000
0.48429800 3.71172000
0.48434800 3.71163000
0.48439800 3.71155000
0.48444800 3.71146000
0.48449800 3.71137000
0.48454800 3.71129000
0.48459800 3.71120000
0.48464800 3.71111000
0.48469800 3.71103000
0.48474800 3.71094000
0.48479800 3.71085000
0.48484800 3.71076000
0.48489800 3.71067000
0.48494800 3.71058000
0.48499800 3.71049000
0.48504900 3.71041000
0.48509900 3.71032000
0.48514900 3.71023000
0.48519900 3.71014000
0.48524900 3.71005000
0.48529900 3.70996000
0.48534900 3.70986000
0.48539900 3.70977000
0.48544900 3.70968000
0.48549900 3.70959000
0.48554900 3.70950000
0.48559900 3.70941000
0.48564900 3.70931000
0.48569900 3.70922000
0.48574900 3.70913000
0.48579900 3.70904000
0.48584900 3.70894000
0.48589900 3.70885000
0.48594900 3.70875000
0.48599900 3.70866000
0.48604900 3.70857000
0.48609900 3.70847000
0.48614900 3.70838000
0.48619900 3.70828000
0.48624900 3.70819000
0.48629900 3.70809000
0.48634900 3.70799000
0.48639900 3.70790000
0.48644900 3.70780000
0.48649900 3.70770000
0.48654900 3.70761000
0.48659900 3.70751000
0.48664900 3.70741000
0.48669900 3.70731000
0.48674900 3.70722000
0.48679900 3.70712000
0.48684900 3.70702000
0.48689900 3.70692000
0.48694900 3.70682000
0.48699900 3.70672000
0.48704900 3.70662000
0.48709900 3.70652000
0.48714900 3.70642000
0.48719900 3.70632000
0.48724900 3.70622000
0.48729900 3.70612000
0.48734900 3.70602000
0.48739900 3.70592000
0.48744900 3.70582000
0.48749900 3.70571000
0.48754900 3.70561000
0.48759900 3.70551000
0.48764900 3.70541000
0.48769900 3.70530000
0.48774900 3.70520000
0.48779900 3.70510000
0.48784900 3.70499000
0.48789900 3.70489000
0.48794900 3.70478000
0.48799900 3.70468000
0.48804900 3.70457000
0.48809900 3.70447000
0.48814900 3.70436000
0.48819900 3.70426000
0.48824900 3.70415000
0.48829900 3.70405000
0.48834900 3.70394000
0.48839900 3.70383000
0.48844900 3.70373000
0.48849900 3.70362000
0.48854900 3.70351000
0.48859900 3.70340000
0.48864900 3.70330000
0.48869900 3.70319000
0.48874900 3.70308000
0.48879900 3.70297000
0.48884900 3.70286000
0.48889900 3.70275000
0.48894900 3.70264000
0.48899900 3.70253000
0.48904900 3.70242000
0.48909900 3.70231000
0.48914900 3.70220000
0.48919900 3.70209000
0.48924900 3.70198000
0.48929900 3.70187000
0.48934900 3.70176000
0.48939900 3.70165000
0.48944900 3.70153000
0.48949900 3.70142000
0.48954900 3.70131000
0.48959900 3.70120000
0.48964900 3.70108000
0.48969900 3.70097000
0.48974900 3.70086000
0.48979900 3.70074000
0.48984900 3.70063000
0.48989900 3.70051000
0.48994900 3.70040000
0.48999900 3.70029000
0.49004900 3.70017000
0.49009900 3.70005000
0.49014900 3.69994000
0.49019900 3.69982000
0.49024900 3.69971000
0.49029900 3.69959000
0.49034900 3.69947000
0.49039900 3.69936000
0.49044900 3.69924000
0.49049900 3.69912000
0.49054900 3.69900000
0.49059900 3.69889000
0.49064900 3.69877000
0.49069900 3.69865000
0.49074900 3.69853000
0.49079900 3.69841000
0.49084900 3.69829000
0.49089900 3.69817000
0.49094900 3.69805000
0.49099900 3.69793000
0.49104900 3.69781000
0.49109900 3.69769000
0.49114900 3.69757000
0.49119900 3.69745000
0.49124900 3.69733000
0.49129900 3.69721000
0.49134900 3.69709000
0.49139900 3.69696000
0.49144900 3.69684000
0.49149900 3.69672000
0.49154900 3.69660000
0.49159900 3.69647000
0.49164900 3.69635000
0.49169900 3.69623000
0.49174900 3.69610000
0.49179900 3.69598000
0.49184900 3.69585000
0.49189900 3.69573000
0.49194900 3.69560000
0.49199900 3.69548000
0.49204900 3.69535000
0.49209900 3.69523000
0.49214900 3.69510000
0.49219900 3.69498000
0.49224900 3.69485000
0.49229900 3.69472000
0.49234900 3.69460000
0.49239900 3.69447000
0.49244900 3.69434000
0.49249900 3.69421000
0.49254900 3.69408000
0.49259900 3.69396000
0.49264900 3.69383000
0.49269900 3.69370000
0.49274900 3.69357000
0.49279900 3.69344000
0.49284900 3.69331000
0.49289900 3.69318000
0.49294900 3.69305000
0.49299900 3.69292000
0.49304900 3.69279000
0.49309900 3.69266000
0.49314900 3.69253000
0.49319900 3.69240000
0.49324900 3.69227000
0.49329900 3.69213000
0.49334900 3.69200000
0.49339900 3.69187000
0.49344900 3.69174000
0.49349900 3.69160000
0.49354900 3.69147000
0.49359900 3.69134000
0.49364900 3.69120000
0.49369900 3.69107000
0.49374900 3.69094000
0.49379900 3.69080000
0.49384900 3.69067000
0.49389900 3.69053000
0.49394900 3.69040000
0.49399900 3.69026000
0.49404900 3.69013000
0.49409900 3.68999000
0.49414900 3.68985000
0.49419900 3.68972000
0.49424900 3.68958000
0.49429900 3.68944000
0.49434900 3.68931000
0.49439900 3.68917000
0.49444900 3.68903000
0.49449900 3.68889000
0.49454900 3.68876000
0.49459900 3.68862000
0.49464900 3.68848000
0.49469900 3.68834000
0.49474900 3.68820000
0.49479900 3.68806000
0.49484900 3.68792000
0.49489900 3.68778000
0.49494900 3.68764000
0.49499900 3.68750000
0.49505000 3.68736000
0.49510000 3.68722000
0.49515000 3.68708000
0.49520000 3.68694000
0.49525000 3.68679000
0.49530000 3.68665000
0.49535000 3.68651000
0.49540000 3.68637000
0.49545000 3.68622000
0.49550000 3.68608000
0.49555000 3.68594000
0.49560000 3.68579000
0.49565000 3.68565000
0.49570000 3.68551000
0.49575000 3.68536000
0.49580000 3.68522000
0.49585000 3.68507000
0.49590000 3.68493000
0.49595000 3.68478000
0.49600000 3.68464000
0.49605000 3.68449000
0.49610000 3.68434000
0.49615000 3.68420000
0.49620000 3.68405000
0.49625000 3.68391000
0.49630000 3.68376000
0.49635000 3.68361000
0.49640000 3.68346000
0.49645000 3.68332000
0.49650000 3.68317000
0.49655000 3.68302000
0.49660000 3.68287000
0.49665000 3.68272000
0.49670000 3.68257000
0.49675000 3.68242000
0.49680000 3.68227000
0.49685000 3.68212000
0.49690000 3.68197000
0.49695000 3.68182000
0.49700000 3.68167000
0.49705000 3.68152000
0.49710000 3.68137000
0.49715000 3.68122000
0.49720000 3.68107000
0.49725000 3.68091000
0.49730000 3.68076000
0.49735000 3.68061000
0.49740000 3.68046000
0.49745000 3.68030000
0.49750000 3.68015000
0.49755000 3.68000000
0.49760000 3.67984000
0.49765000 3.67969000
0.49770000 3.67954000
0.49775000 3.67938000
0.49780000 3.67923000
0.49785000 3.67907000
0.49790000 3.67892000
0.49795000 3.67876000
0.49800000 3.67861000
0.49805000 3.67845000
0.49810000 3.67829000
0.49815000 3.67814000
0.49820000 3.67798000
0.49825000 3.67782000
0.49830000 3.67767000
0.49835000 3.67751000
0.49840000 3.67735000
0.49845000 3.67719000
0.49850000 3.67703000
0.49855000 3.67688000
0.49860000 3.67672000
0.49865000 3.67656000
0.49870000 3.67640000
0.49875000 3.67624000
0.49880000 3.67608000
0.49885000 3.67592000
0.49890000 3.67576000
0.49895000 3.67560000
0.49900000 3.67544000
0.49905000 3.67528000
0.49910000 3.67512000
0.49915000 3.67495000
0.49920000 3.67479000
0.49925000 3.67463000
0.49930000 3.67447000
0.49935000 3.67431000
0.49940000 3.67414000
0.49945000 3.67398000
0.49950000 3.67382000
0.49955000 3.67365000
0.49960000 3.67349000
0.49965000 3.67333000
0.49970000 3.67316000
0.49975000 3.67300000
0.49980000 3.67283000
0.49985000 3.67267000
0.49990000 3.67250000
0.49995000 3.67234000
0.50000000 3.67217000
