# Radial structure factors as a function of 1/2d for liquid water
# Reformatted from https://bl831.als.lbl.gov/~jamesh/nanoBragg/water.stol
# stol [aka sin(theta)/lambda) = 1/2d], F
0.00000000 2.56999000
0.00005000 2.57000000
0.00010001 2.57001000
0.00015002 2.57003000
0.00020002 2.57004000
0.00025003 2.57005000
0.00030003 2.57006000
0.00035004 2.57008000
0.00040004 2.57009000
0.00045004 2.57010000
0.00050005 2.57011000
0.00055006 2.57013000
0.00060006 2.57014000
0.00065007 2.57015000
0.00070007 2.57017000
0.00075008 2.57018000
0.00080008 2.57019000
0.00085008 2.57020000
0.00090009 2.57022000
0.00095009 2.57023000
0.00100010 2.57024000
0.00105011 2.57026000
0.00110011 2.57027000
0.00115012 2.57028000
0.00120012 2.57030000
0.00125013 2.57031000
0.00130013 2.57032000
0.00135014 2.57033000
0.00140014 2.57035000
0.00145015 2.57036000
0.00150015 2.57037000
0.00155016 2.57039000
0.00160016 2.57040000
0.00165017 2.57041000
0.00170017 2.57043000
0.00175018 2.57044000
0.00180018 2.57045000
0.00185019 2.57047000
0.00190019 2.57048000
0.00195020 2.57049000
0.00200020 2.57051000
0.00205021 2.57052000
0.00210021 2.57053000
0.00215022 2.57055000
0.00220022 2.57056000
0.00225023 2.57057000
0.00230023 2.57059000
0.00235024 2.57060000
0.00240024 2.57061000
0.00245025 2.57063000
0.00250025 2.57064000
0.00255026 2.57065000
0.00260026 2.57067000
0.00265027 2.57068000
0.00270027 2.57070000
0.00275028 2.57071000
0.00280028 2.57072000
0.00285029 2.57074000
0.00290029 2.57075000
0.00295030 2.57076000
0.00300030 2.57078000
0.00305031 2.57079000
0.00310031 2.57081000
0.00315032 2.57082000
0.00320032 2.57083000
0.00325033 2.57085000
0.00330033 2.57086000
0.00335034 2.57087000
0.00340034 2.57089000
0.00345035 2.57090000
0.00350035 2.57092000
0.00355036 2.57093000
0.00360036 2.57094000
0.00365037 2.57096000
0.00370037 2.57097000
0.00375038 2.57099000
0.00380038 2.57100000
0.00385039 2.57101000
0.00390039 2.57103000
0.00395040 2.57104000
0.00400040 2.57106000
0.00405041 2.57107000
0.00410041 2.57109000
0.00415042 2.57110000
0.00420042 2.57111000
0.00425043 2.57113000
0.00430043 2.57114000
0.00435044 2.57116000
0.00440044 2.57117000
0.00445045 2.57119000
0.00450045 2.57120000
0.00455046 2.57121000
0.00460046 2.57123000
0.00465047 2.57124000
0.00470047 2.57126000
0.00475048 2.57127000
0.00480048 2.57129000
0.00485049 2.57130000
0.00490049 2.57132000
0.00495050 2.57133000
0.00500050 2.57134000
0.00505051 2.57136000
0.00510051 2.57137000
0.00515052 2.57139000
0.00520052 2.57140000
0.00525053 2.57142000
0.00530053 2.57143000
0.00535054 2.57145000
0.00540054 2.57146000
0.00545055 2.57148000
0.00550055 2.57149000
0.00555056 2.57151000
0.00560056 2.57152000
0.00565057 2.57154000
0.00570057 2.57155000
0.00575058 2.57157000
0.00580058 2.57158000
0.00585059 2.57160000
0.00590059 2.57161000
0.00595060 2.57163000
0.00600060 2.57164000
0.00605061 2.57166000
0.00610061 2.57167000
0.00615062 2.57169000
0.00620062 2.57170000
0.00625063 2.57172000
0.00630063 2.57173000
0.00635064 2.57175000
0.00640064 2.57176000
0.00645065 2.57178000
0.00650065 2.57179000
0.00655066 2.57181000
0.00660066 2.57182000
0.00665067 2.57184000
0.00670067 2.57185000
0.00675068 2.57187000
0.00680068 2.57188000
0.00685069 2.57190000
0.00690069 2.57191000
0.00695070 2.57193000
0.00700070 2.57195000
0.00705071 2.57196000
0.00710071 2.57198000
0.00715072 2.57199000
0.00720072 2.57201000
0.00725073 2.57202000
0.00730073 2.57204000
0.00735074 2.57205000
0.00740074 2.57207000
0.00745075 2.57209000
0.00750075 2.57210000
0.00755076 2.57212000
0.00760076 2.57213000
0.00765077 2.57215000
0.00770077 2.57216000
0.00775078 2.57218000
0.00780078 2.57220000
0.00785079 2.57221000
0.00790079 2.57223000
0.00795080 2.57224000
0.00800080 2.57226000
0.00805081 2.57228000
0.00810081 2.57229000
0.00815082 2.57231000
0.00820082 2.57232000
0.00825083 2.57234000
0.00830083 2.57236000
0.00835084 2.57237000
0.00840084 2.57239000
0.00845085 2.57240000
0.00850085 2.57242000
0.00855086 2.57244000
0.00860086 2.57245000
0.00865087 2.57247000
0.00870087 2.57249000
0.00875088 2.57250000
0.00880088 2.57252000
0.00885089 2.57253000
0.00890089 2.57255000
0.00895090 2.57257000
0.00900090 2.57258000
0.00905091 2.57260000
0.00910091 2.57262000
0.00915092 2.57263000
0.00920092 2.57265000
0.00925093 2.57267000
0.00930093 2.57268000
0.00935094 2.57270000
0.00940094 2.57272000
0.00945095 2.57273000
0.00950095 2.57275000
0.00955096 2.57277000
0.00960096 2.57278000
0.00965097 2.57280000
0.00970097 2.57282000
0.00975098 2.57283000
0.00980098 2.57285000
0.00985099 2.57287000
0.00990099 2.57288000
0.00995100 2.57290000
0.01000100 2.57292000
0.01005100 2.57293000
0.01010100 2.57295000
0.01015100 2.57297000
0.01020100 2.57298000
0.01025100 2.57300000
0.01030100 2.57302000
0.01035100 2.57304000
0.01040100 2.57305000
0.01045100 2.57307000
0.01050110 2.57309000
0.01055110 2.57310000
0.01060110 2.57312000
0.01065110 2.57314000
0.01070110 2.57316000
0.01075110 2.57317000
0.01080110 2.57319000
0.01085110 2.57321000
0.01090110 2.57323000
0.01095110 2.57324000
0.01100110 2.57326000
0.01105110 2.57328000
0.01110110 2.57330000
0.01115110 2.57331000
0.01120110 2.57333000
0.01125110 2.57335000
0.01130110 2.57337000
0.01135110 2.57338000
0.01140110 2.57340000
0.01145110 2.57342000
0.01150120 2.57344000
0.01155120 2.57345000
0.01160120 2.57347000
0.01165120 2.57349000
0.01170120 2.57351000
0.01175120 2.57353000
0.01180120 2.57354000
0.01185120 2.57356000
0.01190120 2.57358000
0.01195120 2.57360000
0.01200120 2.57362000
0.01205120 2.57363000
0.01210120 2.57365000
0.01215120 2.57367000
0.01220120 2.57369000
0.01225120 2.57371000
0.01230120 2.57372000
0.01235120 2.57374000
0.01240120 2.57376000
0.01245120 2.57378000
0.01250130 2.57380000
0.01255130 2.57382000
0.01260130 2.57383000
0.01265130 2.57385000
0.01270130 2.57387000
0.01275130 2.57389000
0.01280130 2.57391000
0.01285130 2.57393000
0.01290130 2.57394000
0.01295130 2.57396000
0.01300130 2.57398000
0.01305130 2.57400000
0.01310130 2.57402000
0.01315130 2.57404000
0.01320130 2.57406000
0.01325130 2.57407000
0.01330130 2.57409000
0.01335130 2.57411000
0.01340130 2.57413000
0.01345130 2.57415000
0.01350140 2.57417000
0.01355140 2.57419000
0.01360140 2.57421000
0.01365140 2.57423000
0.01370140 2.57424000
0.01375140 2.57426000
0.01380140 2.57428000
0.01385140 2.57430000
0.01390140 2.57432000
0.01395140 2.57434000
0.01400140 2.57436000
0.01405140 2.57438000
0.01410140 2.57440000
0.01415140 2.57442000
0.01420140 2.57444000
0.01425140 2.57446000
0.01430140 2.57448000
0.01435140 2.57449000
0.01440140 2.57451000
0.01445140 2.57453000
0.01450150 2.57455000
0.01455150 2.57457000
0.01460150 2.57459000
0.01465150 2.57461000
0.01470150 2.57463000
0.01475150 2.57465000
0.01480150 2.57467000
0.01485150 2.57469000
0.01490150 2.57471000
0.01495150 2.57473000
0.01500150 2.57475000
0.01505150 2.57477000
0.01510150 2.57479000
0.01515150 2.57481000
0.01520150 2.57483000
0.01525150 2.57485000
0.01530150 2.57487000
0.01535150 2.57489000
0.01540150 2.57491000
0.01545150 2.57493000
0.01550160 2.57495000
0.01555160 2.57497000
0.01560160 2.57499000
0.01565160 2.57501000
0.01570160 2.57503000
0.01575160 2.57505000
0.01580160 2.57507000
0.01585160 2.57509000
0.01590160 2.57511000
0.01595160 2.57513000
0.01600160 2.57515000
0.01605160 2.57517000
0.01610160 2.57519000
0.01615160 2.57522000
0.01620160 2.57524000
0.01625160 2.57526000
0.01630160 2.57528000
0.01635160 2.57530000
0.01640160 2.57532000
0.01645160 2.57534000
0.01650170 2.57536000
0.01655170 2.57538000
0.01660170 2.57540000
0.01665170 2.57542000
0.01670170 2.57544000
0.01675170 2.57547000
0.01680170 2.57549000
0.01685170 2.57551000
0.01690170 2.57553000
0.01695170 2.57555000
0.01700170 2.57557000
0.01705170 2.57559000
0.01710170 2.57561000
0.01715170 2.57564000
0.01720170 2.57566000
0.01725170 2.57568000
0.01730170 2.57570000
0.01735170 2.57572000
0.01740170 2.57574000
0.01745170 2.57576000
0.01750180 2.57579000
0.01755180 2.57581000
0.01760180 2.57583000
0.01765180 2.57585000
0.01770180 2.57587000
0.01775180 2.57590000
0.01780180 2.57592000
0.01785180 2.57594000
0.01790180 2.57596000
0.01795180 2.57598000
0.01800180 2.57600000
0.01805180 2.57603000
0.01810180 2.57605000
0.01815180 2.57607000
0.01820180 2.57609000
0.01825180 2.57612000
0.01830180 2.57614000
0.01835180 2.57616000
0.01840180 2.57618000
0.01845180 2.57621000
0.01850190 2.57623000
0.01855190 2.57625000
0.01860190 2.57627000
0.01865190 2.57630000
0.01870190 2.57632000
0.01875190 2.57634000
0.01880190 2.57636000
0.01885190 2.57639000
0.01890190 2.57641000
0.01895190 2.57643000
0.01900190 2.57645000
0.01905190 2.57648000
0.01910190 2.57650000
0.01915190 2.57652000
0.01920190 2.57655000
0.01925190 2.57657000
0.01930190 2.57659000
0.01935190 2.57662000
0.01940190 2.57664000
0.01945190 2.57666000
0.01950200 2.57669000
0.01955200 2.57671000
0.01960200 2.57673000
0.01965200 2.57676000
0.01970200 2.57678000
0.01975200 2.57680000
0.01980200 2.57683000
0.01985200 2.57685000
0.01990200 2.57687000
0.01995200 2.57690000
0.02000200 2.57692000
0.02005200 2.57695000
0.02010200 2.57697000
0.02015200 2.57699000
0.02020200 2.57702000
0.02025200 2.57704000
0.02030200 2.57707000
0.02035200 2.57709000
0.02040200 2.57711000
0.02045200 2.57714000
0.02050210 2.57716000
0.02055210 2.57719000
0.02060210 2.57721000
0.02065210 2.57724000
0.02070210 2.57726000
0.02075210 2.57728000
0.02080210 2.57731000
0.02085210 2.57733000
0.02090210 2.57736000
0.02095210 2.57738000
0.02100210 2.57741000
0.02105210 2.57743000
0.02110210 2.57746000
0.02115210 2.57748000
0.02120210 2.57751000
0.02125210 2.57753000
0.02130210 2.57756000
0.02135210 2.57758000
0.02140210 2.57761000
0.02145210 2.57763000
0.02150220 2.57766000
0.02155220 2.57768000
0.02160220 2.57771000
0.02165220 2.57773000
0.02170220 2.57776000
0.02175220 2.57779000
0.02180220 2.57781000
0.02185220 2.57784000
0.02190220 2.57786000
0.02195220 2.57789000
0.02200220 2.57791000
0.02205220 2.57794000
0.02210220 2.57797000
0.02215220 2.57799000
0.02220220 2.57802000
0.02225220 2.57804000
0.02230220 2.57807000
0.02235220 2.57810000
0.02240220 2.57812000
0.02245220 2.57815000
0.02250230 2.57818000
0.02255230 2.57820000
0.02260230 2.57823000
0.02265230 2.57826000
0.02270230 2.57828000
0.02275230 2.57831000
0.02280230 2.57834000
0.02285230 2.57836000
0.02290230 2.57839000
0.02295230 2.57842000
0.02300230 2.57844000
0.02305230 2.57847000
0.02310230 2.57850000
0.02315230 2.57853000
0.02320230 2.57855000
0.02325230 2.57858000
0.02330230 2.57861000
0.02335230 2.57863000
0.02340230 2.57866000
0.02345230 2.57869000
0.02350240 2.57872000
0.02355240 2.57875000
0.02360240 2.57877000
0.02365240 2.57880000
0.02370240 2.57883000
0.02375240 2.57886000
0.02380240 2.57889000
0.02385240 2.57891000
0.02390240 2.57894000
0.02395240 2.57897000
0.02400240 2.57900000
0.02405240 2.57903000
0.02410240 2.57906000
0.02415240 2.57908000
0.02420240 2.57911000
0.02425240 2.57914000
0.02430240 2.57917000
0.02435240 2.57920000
0.02440240 2.57923000
0.02445240 2.57926000
0.02450250 2.57929000
0.02455250 2.57931000
0.02460250 2.57934000
0.02465250 2.57937000
0.02470250 2.57940000
0.02475250 2.57943000
0.02480250 2.57946000
0.02485250 2.57949000
0.02490250 2.57952000
0.02495250 2.57955000
0.02500250 2.57958000
0.02505250 2.57961000
0.02510250 2.57964000
0.02515250 2.57967000
0.02520250 2.57970000
0.02525250 2.57973000
0.02530250 2.57976000
0.02535250 2.57979000
0.02540250 2.57982000
0.02545250 2.57985000
0.02550260 2.57988000
0.02555260 2.57991000
0.02560260 2.57994000
0.02565260 2.57997000
0.02570260 2.58000000
0.02575260 2.58004000
0.02580260 2.58007000
0.02585260 2.58010000
0.02590260 2.58013000
0.02595260 2.58016000
0.02600260 2.58019000
0.02605260 2.58022000
0.02610260 2.58025000
0.02615260 2.58029000
0.02620260 2.58032000
0.02625260 2.58035000
0.02630260 2.58038000
0.02635260 2.58041000
0.02640260 2.58045000
0.02645260 2.58048000
0.02650270 2.58051000
0.02655270 2.58054000
0.02660270 2.58057000
0.02665270 2.58061000
0.02670270 2.58064000
0.02675270 2.58067000
0.02680270 2.58070000
0.02685270 2.58074000
0.02690270 2.58077000
0.02695270 2.58080000
0.02700270 2.58084000
0.02705270 2.58087000
0.02710270 2.58090000
0.02715270 2.58094000
0.02720270 2.58097000
0.02725270 2.58100000
0.02730270 2.58104000
0.02735270 2.58107000
0.02740270 2.58111000
0.02745270 2.58114000
0.02750280 2.58117000
0.02755280 2.58121000
0.02760280 2.58124000
0.02765280 2.58128000
0.02770280 2.58131000
0.02775280 2.58135000
0.02780280 2.58138000
0.02785280 2.58141000
0.02790280 2.58145000
0.02795280 2.58148000
0.02800280 2.58152000
0.02805280 2.58155000
0.02810280 2.58159000
0.02815280 2.58163000
0.02820280 2.58166000
0.02825280 2.58170000
0.02830280 2.58173000
0.02835280 2.58177000
0.02840280 2.58180000
0.02845280 2.58184000
0.02850290 2.58188000
0.02855290 2.58191000
0.02860290 2.58195000
0.02865290 2.58198000
0.02870290 2.58202000
0.02875290 2.58206000
0.02880290 2.58209000
0.02885290 2.58213000
0.02890290 2.58217000
0.02895290 2.58221000
0.02900290 2.58224000
0.02905290 2.58228000
0.02910290 2.58232000
0.02915290 2.58236000
0.02920290 2.58239000
0.02925290 2.58243000
0.02930290 2.58247000
0.02935290 2.58251000
0.02940290 2.58255000
0.02945290 2.58258000
0.02950300 2.58262000
0.02955300 2.58266000
0.02960300 2.58270000
0.02965300 2.58274000
0.02970300 2.58278000
0.02975300 2.58282000
0.02980300 2.58286000
0.02985300 2.58289000
0.02990300 2.58293000
0.02995300 2.58297000
0.03000300 2.58301000
0.03005300 2.58305000
0.03010300 2.58309000
0.03015300 2.58313000
0.03020300 2.58317000
0.03025300 2.58321000
0.03030300 2.58325000
0.03035300 2.58329000
0.03040300 2.58334000
0.03045300 2.58338000
0.03050310 2.58342000
0.03055310 2.58346000
0.03060310 2.58350000
0.03065310 2.58354000
0.03070310 2.58358000
0.03075310 2.58362000
0.03080310 2.58367000
0.03085310 2.58371000
0.03090310 2.58375000
0.03095310 2.58379000
0.03100310 2.58384000
0.03105310 2.58388000
0.03110310 2.58392000
0.03115310 2.58396000
0.03120310 2.58401000
0.03125310 2.58405000
0.03130310 2.58409000
0.03135310 2.58414000
0.03140310 2.58418000
0.03145310 2.58422000
0.03150320 2.58427000
0.03155320 2.58431000
0.03160320 2.58436000
0.03165320 2.58440000
0.03170320 2.58444000
0.03175320 2.58449000
0.03180320 2.58453000
0.03185320 2.58458000
0.03190320 2.58462000
0.03195320 2.58467000
0.03200320 2.58471000
0.03205320 2.58476000
0.03210320 2.58481000
0.03215320 2.58485000
0.03220320 2.58490000
0.03225320 2.58494000
0.03230320 2.58499000
0.03235320 2.58504000
0.03240320 2.58508000
0.03245320 2.58513000
0.03250330 2.58518000
0.03255330 2.58523000
0.03260330 2.58527000
0.03265330 2.58532000
0.03270330 2.58537000
0.03275330 2.58542000
0.03280330 2.58546000
0.03285330 2.58551000
0.03290330 2.58556000
0.03295330 2.58561000
0.03300330 2.58566000
0.03305330 2.58571000
0.03310330 2.58576000
0.03315330 2.58581000
0.03320330 2.58586000
0.03325330 2.58591000
0.03330330 2.58596000
0.03335330 2.58601000
0.03340330 2.58606000
0.03345330 2.58611000
0.03350340 2.58616000
0.03355340 2.58621000
0.03360340 2.58626000
0.03365340 2.58631000
0.03370340 2.58636000
0.03375340 2.58641000
0.03380340 2.58647000
0.03385340 2.58652000
0.03390340 2.58657000
0.03395340 2.58662000
0.03400340 2.58668000
0.03405340 2.58673000
0.03410340 2.58678000
0.03415340 2.58684000
0.03420340 2.58689000
0.03425340 2.58694000
0.03430340 2.58700000
0.03435340 2.58705000
0.03440340 2.58710000
0.03445340 2.58716000
0.03450350 2.58721000
0.03455350 2.58727000
0.03460350 2.58732000
0.03465350 2.58738000
0.03470350 2.58744000
0.03475350 2.58749000
0.03480350 2.58755000
0.03485350 2.58760000
0.03490350 2.58766000
0.03495350 2.58772000
0.03500350 2.58777000
0.03505350 2.58783000
0.03510350 2.58789000
0.03515350 2.58795000
0.03520350 2.58800000
0.03525350 2.58806000
0.03530350 2.58812000
0.03535350 2.58818000
0.03540350 2.58824000
0.03545350 2.58830000
0.03550360 2.58836000
0.03555360 2.58841000
0.03560360 2.58847000
0.03565360 2.58853000
0.03570360 2.58859000
0.03575360 2.58866000
0.03580360 2.58872000
0.03585360 2.58878000
0.03590360 2.58884000
0.03595360 2.58890000
0.03600360 2.58896000
0.03605360 2.58902000
0.03610360 2.58909000
0.03615360 2.58915000
0.03620360 2.58921000
0.03625360 2.58927000
0.03630360 2.58934000
0.03635360 2.58940000
0.03640360 2.58946000
0.03645360 2.58953000
0.03650370 2.58959000
0.03655370 2.58966000
0.03660370 2.58972000
0.03665370 2.58979000
0.03670370 2.58985000
0.03675370 2.58992000
0.03680370 2.58998000
0.03685370 2.59005000
0.03690370 2.59012000
0.03695370 2.59018000
0.03700370 2.59025000
0.03705370 2.59032000
0.03710370 2.59039000
0.03715370 2.59045000
0.03720370 2.59052000
0.03725370 2.59059000
0.03730370 2.59066000
0.03735370 2.59073000
0.03740370 2.59080000
0.03745370 2.59087000
0.03750380 2.59094000
0.03755380 2.59101000
0.03760380 2.59108000
0.03765380 2.59115000
0.03770380 2.59122000
0.03775380 2.59129000
0.03780380 2.59136000
0.03785380 2.59143000
0.03790380 2.59151000
0.03795380 2.59158000
0.03800380 2.59165000
0.03805380 2.59173000
0.03810380 2.59180000
0.03815380 2.59187000
0.03820380 2.59195000
0.03825380 2.59202000
0.03830380 2.59210000
0.03835380 2.59217000
0.03840380 2.59225000
0.03845380 2.59232000
0.03850390 2.59240000
0.03855390 2.59248000
0.03860390 2.59255000
0.03865390 2.59263000
0.03870390 2.59271000
0.03875390 2.59279000
0.03880390 2.59286000
0.03885390 2.59294000
0.03890390 2.59302000
0.03895390 2.59310000
0.03900390 2.59318000
0.03905390 2.59326000
0.03910390 2.59334000
0.03915390 2.59342000
0.03920390 2.59350000
0.03925390 2.59358000
0.03930390 2.59367000
0.03935390 2.59375000
0.03940390 2.59383000
0.03945390 2.59391000
0.03950400 2.59400000
0.03955400 2.59408000
0.03960400 2.59416000
0.03965400 2.59425000
0.03970400 2.59433000
0.03975400 2.59442000
0.03980400 2.59450000
0.03985400 2.59459000
0.03990400 2.59467000
0.03995400 2.59476000
0.04000400 2.59485000
0.04005400 2.59493000
0.04010400 2.59502000
0.04015400 2.59511000
0.04020400 2.59520000
0.04025400 2.59529000
0.04030400 2.59538000
0.04035400 2.59547000
0.04040400 2.59556000
0.04045400 2.59565000
0.04050410 2.59574000
0.04055410 2.59583000
0.04060410 2.59592000
0.04065410 2.59601000
0.04070410 2.59611000
0.04075410 2.59620000
0.04080410 2.59629000
0.04085410 2.59639000
0.04090410 2.59648000
0.04095410 2.59658000
0.04100410 2.59667000
0.04105410 2.59677000
0.04110410 2.59686000
0.04115410 2.59696000
0.04120410 2.59706000
0.04125410 2.59715000
0.04130410 2.59725000
0.04135410 2.59735000
0.04140410 2.59745000
0.04145410 2.59755000
0.04150420 2.59765000
0.04155420 2.59775000
0.04160420 2.59785000
0.04165420 2.59795000
0.04170420 2.59805000
0.04175420 2.59815000
0.04180420 2.59825000
0.04185420 2.59835000
0.04190420 2.59846000
0.04195420 2.59856000
0.04200420 2.59867000
0.04205420 2.59877000
0.04210420 2.59887000
0.04215420 2.59898000
0.04220420 2.59909000
0.04225420 2.59919000
0.04230420 2.59930000
0.04235420 2.59941000
0.04240420 2.59952000
0.04245420 2.59962000
0.04250430 2.59973000
0.04255430 2.59984000
0.04260430 2.59995000
0.04265430 2.60006000
0.04270430 2.60017000
0.04275430 2.60029000
0.04280430 2.60040000
0.04285430 2.60051000
0.04290430 2.60062000
0.04295430 2.60074000
0.04300430 2.60085000
0.04305430 2.60096000
0.04310430 2.60108000
0.04315430 2.60120000
0.04320430 2.60131000
0.04325430 2.60143000
0.04330430 2.60155000
0.04335430 2.60166000
0.04340430 2.60178000
0.04345430 2.60190000
0.04350440 2.60202000
0.04355440 2.60214000
0.04360440 2.60226000
0.04365440 2.60238000
0.04370440 2.60250000
0.04375440 2.60263000
0.04380440 2.60275000
0.04385440 2.60287000
0.04390440 2.60300000
0.04395440 2.60312000
0.04400440 2.60325000
0.04405440 2.60337000
0.04410440 2.60350000
0.04415440 2.60362000
0.04420440 2.60375000
0.04425440 2.60388000
0.04430440 2.60401000
0.04435440 2.60414000
0.04440440 2.60427000
0.04445440 2.60440000
0.04450450 2.60453000
0.04455450 2.60466000
0.04460450 2.60479000
0.04465450 2.60492000
0.04470450 2.60506000
0.04475450 2.60519000
0.04480450 2.60533000
0.04485450 2.60546000
0.04490450 2.60560000
0.04495450 2.60573000
0.04500450 2.60587000
0.04505450 2.60601000
0.04510450 2.60615000
0.04515450 2.60629000
0.04520450 2.60643000
0.04525450 2.60657000
0.04530450 2.60671000
0.04535450 2.60685000
0.04540450 2.60699000
0.04545450 2.60713000
0.04550460 2.60728000
0.04555460 2.60742000
0.04560460 2.60757000
0.04565460 2.60771000
0.04570460 2.60786000
0.04575460 2.60801000
0.04580460 2.60815000
0.04585460 2.60830000
0.04590460 2.60845000
0.04595460 2.60860000
0.04600460 2.60875000
0.04605460 2.60890000
0.04610460 2.60905000
0.04615460 2.60921000
0.04620460 2.60936000
0.04625460 2.60951000
0.04630460 2.60967000
0.04635460 2.60982000
0.04640460 2.60998000
0.04645460 2.61013000
0.04650470 2.61029000
0.04655470 2.61045000
0.04660470 2.61061000
0.04665470 2.61077000
0.04670470 2.61093000
0.04675470 2.61109000
0.04680470 2.61125000
0.04685470 2.61141000
0.04690470 2.61158000
0.04695470 2.61174000
0.04700470 2.61191000
0.04705470 2.61207000
0.04710470 2.61224000
0.04715470 2.61241000
0.04720470 2.61257000
0.04725470 2.61274000
0.04730470 2.61291000
0.04735470 2.61308000
0.04740470 2.61325000
0.04745470 2.61342000
0.04750480 2.61360000
0.04755480 2.61377000
0.04760480 2.61394000
0.04765480 2.61412000
0.04770480 2.61429000
0.04775480 2.61447000
0.04780480 2.61465000
0.04785480 2.61483000
0.04790480 2.61500000
0.04795480 2.61518000
0.04800480 2.61536000
0.04805480 2.61555000
0.04810480 2.61573000
0.04815480 2.61591000
0.04820480 2.61610000
0.04825480 2.61628000
0.04830480 2.61647000
0.04835480 2.61665000
0.04840480 2.61684000
0.04845480 2.61703000
0.04850490 2.61722000
0.04855490 2.61741000
0.04860490 2.61760000
0.04865490 2.61779000
0.04870490 2.61798000
0.04875490 2.61817000
0.04880490 2.61837000
0.04885490 2.61856000
0.04890490 2.61876000
0.04895490 2.61895000
0.04900490 2.61915000
0.04905490 2.61935000
0.04910490 2.61955000
0.04915490 2.61975000
0.04920490 2.61995000
0.04925490 2.62015000
0.04930490 2.62036000
0.04935490 2.62056000
0.04940490 2.62077000
0.04945490 2.62097000
0.04950500 2.62118000
0.04955500 2.62139000
0.04960500 2.62159000
0.04965500 2.62180000
0.04970500 2.62201000
0.04975500 2.62223000
0.04980500 2.62244000
0.04985500 2.62265000
0.04990500 2.62287000
0.04995500 2.62308000
0.05000500 2.62330000
0.05005500 2.62351000
0.05010500 2.62373000
0.05015500 2.62395000
0.05020500 2.62417000
0.05025500 2.62439000
0.05030500 2.62461000
0.05035500 2.62484000
0.05040500 2.62506000
0.05045500 2.62529000
0.05050510 2.62551000
0.05055510 2.62574000
0.05060510 2.62597000
0.05065510 2.62620000
0.05070510 2.62643000
0.05075510 2.62666000
0.05080510 2.62689000
0.05085510 2.62712000
0.05090510 2.62736000
0.05095510 2.62759000
0.05100510 2.62783000
0.05105510 2.62806000
0.05110510 2.62830000
0.05115510 2.62854000
0.05120510 2.62878000
0.05125510 2.62902000
0.05130510 2.62926000
0.05135510 2.62951000
0.05140510 2.62975000
0.05145510 2.63000000
0.05150520 2.63024000
0.05155520 2.63049000
0.05160520 2.63074000
0.05165520 2.63099000
0.05170520 2.63124000
0.05175520 2.63149000
0.05180520 2.63175000
0.05185520 2.63200000
0.05190520 2.63226000
0.05195520 2.63251000
0.05200520 2.63277000
0.05205520 2.63303000
0.05210520 2.63329000
0.05215520 2.63355000
0.05220520 2.63381000
0.05225520 2.63408000
0.05230520 2.63434000
0.05235520 2.63461000
0.05240520 2.63487000
0.05245520 2.63514000
0.05250530 2.63541000
0.05255530 2.63568000
0.05260530 2.63595000
0.05265530 2.63622000
0.05270530 2.63650000
0.05275530 2.63677000
0.05280530 2.63705000
0.05285530 2.63732000
0.05290530 2.63760000
0.05295530 2.63788000
0.05300530 2.63816000
0.05305530 2.63844000
0.05310530 2.63873000
0.05315530 2.63901000
0.05320530 2.63930000
0.05325530 2.63958000
0.05330530 2.63987000
0.05335530 2.64016000
0.05340530 2.64045000
0.05345530 2.64074000
0.05350540 2.64104000
0.05355540 2.64133000
0.05360540 2.64162000
0.05365540 2.64192000
0.05370540 2.64222000
0.05375540 2.64252000
0.05380540 2.64282000
0.05385540 2.64312000
0.05390540 2.64342000
0.05395540 2.64373000
0.05400540 2.64403000
0.05405540 2.64434000
0.05410540 2.64465000
0.05415540 2.64495000
0.05420540 2.64526000
0.05425540 2.64558000
0.05430540 2.64589000
0.05435540 2.64620000
0.05440540 2.64652000
0.05445540 2.64684000
0.05450550 2.64715000
0.05455550 2.64747000
0.05460550 2.64779000
0.05465550 2.64812000
0.05470550 2.64844000
0.05475550 2.64876000
0.05480550 2.64909000
0.05485550 2.64942000
0.05490550 2.64975000
0.05495550 2.65008000
0.05500550 2.65041000
0.05505550 2.65074000
0.05510550 2.65108000
0.05515550 2.65141000
0.05520550 2.65175000
0.05525550 2.65209000
0.05530550 2.65243000
0.05535550 2.65277000
0.05540550 2.65311000
0.05545550 2.65345000
0.05550560 2.65380000
0.05555560 2.65414000
0.05560560 2.65449000
0.05565560 2.65484000
0.05570560 2.65519000
0.05575560 2.65555000
0.05580560 2.65590000
0.05585560 2.65625000
0.05590560 2.65661000
0.05595560 2.65697000
0.05600560 2.65733000
0.05605560 2.65769000
0.05610560 2.65805000
0.05615560 2.65841000
0.05620560 2.65878000
0.05625560 2.65915000
0.05630560 2.65951000
0.05635560 2.65988000
0.05640560 2.66025000
0.05645560 2.66063000
0.05650570 2.66100000
0.05655570 2.66137000
0.05660570 2.66175000
0.05665570 2.66213000
0.05670570 2.66251000
0.05675570 2.66289000
0.05680570 2.66327000
0.05685570 2.66366000
0.05690570 2.66404000
0.05695570 2.66443000
0.05700570 2.66482000
0.05705570 2.66521000
0.05710570 2.66560000
0.05715570 2.66599000
0.05720570 2.66639000
0.05725570 2.66679000
0.05730570 2.66718000
0.05735570 2.66758000
0.05740570 2.66798000
0.05745570 2.66839000
0.05750580 2.66879000
0.05755580 2.66920000
0.05760580 2.66960000
0.05765580 2.67001000
0.05770580 2.67042000
0.05775580 2.67083000
0.05780580 2.67125000
0.05785580 2.67166000
0.05790580 2.67208000
0.05795580 2.67250000
0.05800580 2.67292000
0.05805580 2.67334000
0.05810580 2.67376000
0.05815580 2.67418000
0.05820580 2.67461000
0.05825580 2.67504000
0.05830580 2.67547000
0.05835580 2.67590000
0.05840580 2.67633000
0.05845580 2.67676000
0.05850590 2.67720000
0.05855590 2.67764000
0.05860590 2.67808000
0.05865590 2.67852000
0.05870590 2.67896000
0.05875590 2.67940000
0.05880590 2.67985000
0.05885590 2.68030000
0.05890590 2.68074000
0.05895590 2.68120000
0.05900590 2.68165000
0.05905590 2.68210000
0.05910590 2.68256000
0.05915590 2.68301000
0.05920590 2.68347000
0.05925590 2.68393000
0.05930590 2.68440000
0.05935590 2.68486000
0.05940590 2.68532000
0.05945590 2.68579000
0.05950600 2.68626000
0.05955600 2.68673000
0.05960600 2.68720000
0.05965600 2.68768000
0.05970600 2.68815000
0.05975600 2.68863000
0.05980600 2.68911000
0.05985600 2.68959000
0.05990600 2.69007000
0.05995600 2.69056000
0.06000600 2.69104000
0.06005600 2.69153000
0.06010600 2.69202000
0.06015600 2.69251000
0.06020600 2.69301000
0.06025600 2.69350000
0.06030600 2.69400000
0.06035600 2.69450000
0.06040600 2.69500000
0.06045600 2.69550000
0.06050610 2.69600000
0.06055610 2.69651000
0.06060610 2.69702000
0.06065610 2.69752000
0.06070610 2.69803000
0.06075610 2.69855000
0.06080610 2.69906000
0.06085610 2.69958000
0.06090610 2.70010000
0.06095610 2.70062000
0.06100610 2.70114000
0.06105610 2.70166000
0.06110610 2.70219000
0.06115610 2.70271000
0.06120610 2.70324000
0.06125610 2.70377000
0.06130610 2.70430000
0.06135610 2.70484000
0.06140610 2.70537000
0.06145610 2.70591000
0.06150620 2.70645000
0.06155620 2.70699000
0.06160620 2.70754000
0.06165620 2.70808000
0.06170620 2.70863000
0.06175620 2.70918000
0.06180620 2.70973000
0.06185620 2.71028000
0.06190620 2.71084000
0.06195620 2.71139000
0.06200620 2.71195000
0.06205620 2.71251000
0.06210620 2.71307000
0.06215620 2.71364000
0.06220620 2.71420000
0.06225620 2.71477000
0.06230620 2.71534000
0.06235620 2.71591000
0.06240620 2.71648000
0.06245620 2.71706000
0.06250630 2.71764000
0.06255630 2.71822000
0.06260630 2.71880000
0.06265630 2.71938000
0.06270630 2.71996000
0.06275630 2.72055000
0.06280630 2.72114000
0.06285630 2.72173000
0.06290630 2.72232000
0.06295630 2.72292000
0.06300630 2.72351000
0.06305630 2.72411000
0.06310630 2.72471000
0.06315630 2.72531000
0.06320630 2.72592000
0.06325630 2.72652000
0.06330630 2.72713000
0.06335630 2.72774000
0.06340630 2.72835000
0.06345630 2.72897000
0.06350640 2.72958000
0.06355640 2.73020000
0.06360640 2.73082000
0.06365640 2.73144000
0.06370640 2.73206000
0.06375640 2.73269000
0.06380640 2.73332000
0.06385640 2.73395000
0.06390640 2.73458000
0.06395640 2.73521000
0.06400640 2.73585000
0.06405640 2.73648000
0.06410640 2.73712000
0.06415640 2.73776000
0.06420640 2.73841000
0.06425640 2.73905000
0.06430640 2.73970000
0.06435640 2.74035000
0.06440640 2.74100000
0.06445640 2.74165000
0.06450650 2.74231000
0.06455650 2.74297000
0.06460650 2.74362000
0.06465650 2.74429000
0.06470650 2.74495000
0.06475650 2.74561000
0.06480650 2.74628000
0.06485650 2.74695000
0.06490650 2.74762000
0.06495650 2.74830000
0.06500650 2.74897000
0.06505650 2.74965000
0.06510650 2.75033000
0.06515650 2.75101000
0.06520650 2.75169000
0.06525650 2.75238000
0.06530650 2.75307000
0.06535650 2.75376000
0.06540650 2.75445000
0.06545650 2.75514000
0.06550660 2.75584000
0.06555660 2.75653000
0.06560660 2.75723000
0.06565660 2.75794000
0.06570660 2.75864000
0.06575660 2.75935000
0.06580660 2.76005000
0.06585660 2.76076000
0.06590660 2.76148000
0.06595660 2.76219000
0.06600660 2.76291000
0.06605660 2.76363000
0.06610660 2.76435000
0.06615660 2.76507000
0.06620660 2.76579000
0.06625660 2.76652000
0.06630660 2.76725000
0.06635660 2.76798000
0.06640660 2.76871000
0.06645660 2.76945000
0.06650670 2.77018000
0.06655670 2.77092000
0.06660670 2.77167000
0.06665670 2.77241000
0.06670670 2.77315000
0.06675670 2.77390000
0.06680670 2.77465000
0.06685670 2.77540000
0.06690670 2.77616000
0.06695670 2.77691000
0.06700670 2.77767000
0.06705670 2.77843000
0.06710670 2.77919000
0.06715670 2.77996000
0.06720670 2.78072000
0.06725670 2.78149000
0.06730670 2.78226000
0.06735670 2.78304000
0.06740670 2.78381000
0.06745670 2.78459000
0.06750680 2.78537000
0.06755680 2.78615000
0.06760680 2.78693000
0.06765680 2.78772000
0.06770680 2.78850000
0.06775680 2.78929000
0.06780680 2.79009000
0.06785680 2.79088000
0.06790680 2.79168000
0.06795680 2.79247000
0.06800680 2.79327000
0.06805680 2.79408000
0.06810680 2.79488000
0.06815680 2.79569000
0.06820680 2.79650000
0.06825680 2.79731000
0.06830680 2.79812000
0.06835680 2.79894000
0.06840680 2.79975000
0.06845680 2.80057000
0.06850690 2.80140000
0.06855690 2.80222000
0.06860690 2.80304000
0.06865690 2.80387000
0.06870690 2.80470000
0.06875690 2.80554000
0.06880690 2.80637000
0.06885690 2.80721000
0.06890690 2.80805000
0.06895690 2.80889000
0.06900690 2.80973000
0.06905690 2.81057000
0.06910690 2.81142000
0.06915690 2.81227000
0.06920690 2.81312000
0.06925690 2.81398000
0.06930690 2.81483000
0.06935690 2.81569000
0.06940690 2.81655000
0.06945690 2.81741000
0.06950700 2.81828000
0.06955700 2.81914000
0.06960700 2.82001000
0.06965700 2.82088000
0.06970700 2.82176000
0.06975700 2.82263000
0.06980700 2.82351000
0.06985700 2.82439000
0.06990700 2.82527000
0.06995700 2.82615000
0.07000700 2.82704000
0.07005700 2.82793000
0.07010700 2.82882000
0.07015700 2.82971000
0.07020700 2.83061000
0.07025700 2.83150000
0.07030700 2.83240000
0.07035700 2.83330000
0.07040700 2.83421000
0.07045700 2.83511000
0.07050710 2.83602000
0.07055710 2.83693000
0.07060710 2.83784000
0.07065710 2.83876000
0.07070710 2.83967000
0.07075710 2.84059000
0.07080710 2.84151000
0.07085710 2.84243000
0.07090710 2.84336000
0.07095710 2.84428000
0.07100710 2.84521000
0.07105710 2.84615000
0.07110710 2.84708000
0.07115710 2.84801000
0.07120710 2.84895000
0.07125710 2.84989000
0.07130710 2.85083000
0.07135710 2.85178000
0.07140710 2.85272000
0.07145710 2.85367000
0.07150720 2.85462000
0.07155720 2.85558000
0.07160720 2.85653000
0.07165720 2.85749000
0.07170720 2.85845000
0.07175720 2.85941000
0.07180720 2.86037000
0.07185720 2.86134000
0.07190720 2.86231000
0.07195720 2.86328000
0.07200720 2.86425000
0.07205720 2.86522000
0.07210720 2.86620000
0.07215720 2.86718000
0.07220720 2.86816000
0.07225720 2.86914000
0.07230720 2.87013000
0.07235720 2.87112000
0.07240720 2.87211000
0.07245720 2.87310000
0.07250730 2.87409000
0.07255730 2.87509000
0.07260730 2.87608000
0.07265730 2.87709000
0.07270730 2.87809000
0.07275730 2.87909000
0.07280730 2.88010000
0.07285730 2.88111000
0.07290730 2.88212000
0.07295730 2.88313000
0.07300730 2.88415000
0.07305730 2.88516000
0.07310730 2.88618000
0.07315730 2.88721000
0.07320730 2.88823000
0.07325730 2.88926000
0.07330730 2.89028000
0.07335730 2.89131000
0.07340730 2.89235000
0.07345730 2.89338000
0.07350740 2.89442000
0.07355740 2.89546000
0.07360740 2.89650000
0.07365740 2.89754000
0.07370740 2.89858000
0.07375740 2.89963000
0.07380740 2.90068000
0.07385740 2.90173000
0.07390740 2.90279000
0.07395740 2.90384000
0.07400740 2.90490000
0.07405740 2.90596000
0.07410740 2.90702000
0.07415740 2.90809000
0.07420740 2.90915000
0.07425740 2.91022000
0.07430740 2.91129000
0.07435740 2.91237000
0.07440740 2.91344000
0.07445740 2.91452000
0.07450750 2.91560000
0.07455750 2.91668000
0.07460750 2.91776000
0.07465750 2.91885000
0.07470750 2.91994000
0.07475750 2.92102000
0.07480750 2.92212000
0.07485750 2.92321000
0.07490750 2.92431000
0.07495750 2.92541000
0.07500750 2.92651000
0.07505750 2.92761000
0.07510750 2.92871000
0.07515750 2.92982000
0.07520750 2.93093000
0.07525750 2.93204000
0.07530750 2.93315000
0.07535750 2.93427000
0.07540750 2.93538000
0.07545750 2.93650000
0.07550760 2.93762000
0.07555760 2.93875000
0.07560760 2.93987000
0.07565760 2.94100000
0.07570760 2.94213000
0.07575760 2.94326000
0.07580760 2.94440000
0.07585760 2.94553000
0.07590760 2.94667000
0.07595760 2.94781000
0.07600760 2.94895000
0.07605760 2.95010000
0.07610760 2.95124000
0.07615760 2.95239000
0.07620760 2.95354000
0.07625760 2.95469000
0.07630760 2.95585000
0.07635760 2.95701000
0.07640760 2.95816000
0.07645760 2.95933000
0.07650770 2.96049000
0.07655770 2.96165000
0.07660770 2.96282000
0.07665770 2.96399000
0.07670770 2.96516000
0.07675770 2.96633000
0.07680770 2.96751000
0.07685770 2.96869000
0.07690770 2.96987000
0.07695770 2.97105000
0.07700770 2.97223000
0.07705770 2.97342000
0.07710770 2.97461000
0.07715770 2.97580000
0.07720770 2.97699000
0.07725770 2.97818000
0.07730770 2.97938000
0.07735770 2.98057000
0.07740770 2.98177000
0.07745770 2.98298000
0.07750780 2.98418000
0.07755780 2.98539000
0.07760780 2.98660000
0.07765780 2.98781000
0.07770780 2.98902000
0.07775780 2.99023000
0.07780780 2.99145000
0.07785780 2.99267000
0.07790780 2.99389000
0.07795780 2.99511000
0.07800780 2.99633000
0.07805780 2.99756000
0.07810780 2.99879000
0.07815780 3.00002000
0.07820780 3.00125000
0.07825780 3.00249000
0.07830780 3.00372000
0.07835780 3.00496000
0.07840780 3.00620000
0.07845780 3.00745000
0.07850790 3.00869000
0.07855790 3.00994000
0.07860790 3.01119000
0.07865790 3.01244000
0.07870790 3.01369000
0.07875790 3.01494000
0.07880790 3.01620000
0.07885790 3.01746000
0.07890790 3.01872000
0.07895790 3.01998000
0.07900790 3.02125000
0.07905790 3.02251000
0.07910790 3.02378000
0.07915790 3.02505000
0.07920790 3.02633000
0.07925790 3.02760000
0.07930790 3.02888000
0.07935790 3.03016000
0.07940790 3.03144000
0.07945790 3.03272000
0.07950800 3.03400000
0.07955800 3.03529000
0.07960800 3.03658000
0.07965800 3.03787000
0.07970800 3.03916000
0.07975800 3.04046000
0.07980800 3.04176000
0.07985800 3.04305000
0.07990800 3.04435000
0.07995800 3.04566000
0.08000800 3.04696000
0.08005800 3.04827000
0.08010800 3.04958000
0.08015800 3.05089000
0.08020800 3.05220000
0.08025800 3.05351000
0.08030800 3.05483000
0.08035800 3.05615000
0.08040800 3.05747000
0.08045800 3.05879000
0.08050810 3.06012000
0.08055810 3.06144000
0.08060810 3.06277000
0.08065810 3.06410000
0.08070810 3.06543000
0.08075810 3.06677000
0.08080810 3.06810000
0.08085810 3.06944000
0.08090810 3.07078000
0.08095810 3.07212000
0.08100810 3.07347000
0.08105810 3.07481000
0.08110810 3.07616000
0.08115810 3.07751000
0.08120810 3.07886000
0.08125810 3.08022000
0.08130810 3.08157000
0.08135810 3.08293000
0.08140810 3.08429000
0.08145810 3.08565000
0.08150820 3.08701000
0.08155820 3.08838000
0.08160820 3.08975000
0.08165820 3.09112000
0.08170820 3.09249000
0.08175820 3.09386000
0.08180820 3.09524000
0.08185820 3.09661000
0.08190820 3.09799000
0.08195820 3.09937000
0.08200820 3.10076000
0.08205820 3.10214000
0.08210820 3.10353000
0.08215820 3.10492000
0.08220820 3.10631000
0.08225820 3.10770000
0.08230820 3.10909000
0.08235820 3.11049000
0.08240820 3.11189000
0.08245820 3.11329000
0.08250830 3.11469000
0.08255830 3.11610000
0.08260830 3.11750000
0.08265830 3.11891000
0.08270830 3.12032000
0.08275830 3.12173000
0.08280830 3.12315000
0.08285830 3.12456000
0.08290830 3.12598000
0.08295830 3.12740000
0.08300830 3.12882000
0.08305830 3.13025000
0.08310830 3.13167000
0.08315830 3.13310000
0.08320830 3.13453000
0.08325830 3.13596000
0.08330830 3.13739000
0.08335830 3.13883000
0.08340830 3.14027000
0.08345830 3.14171000
0.08350840 3.14315000
0.08355840 3.14459000
0.08360840 3.14604000
0.08365840 3.14748000
0.08370840 3.14893000
0.08375840 3.15038000
0.08380840 3.15184000
0.08385840 3.15329000
0.08390840 3.15475000
0.08395840 3.15621000
0.08400840 3.15767000
0.08405840 3.15913000
0.08410840 3.16059000
0.08415840 3.16206000
0.08420840 3.16353000
0.08425840 3.16500000
0.08430840 3.16647000
0.08435840 3.16794000
0.08440840 3.16942000
0.08445840 3.17090000
0.08450850 3.17238000
0.08455850 3.17386000
0.08460850 3.17534000
0.08465850 3.17683000
0.08470850 3.17832000
0.08475850 3.17981000
0.08480850 3.18130000
0.08485850 3.18279000
0.08490850 3.18429000
0.08495850 3.18579000
0.08500850 3.18729000
0.08505850 3.18879000
0.08510850 3.19029000
0.08515850 3.19180000
0.08520850 3.19330000
0.08525850 3.19481000
0.08530850 3.19632000
0.08535850 3.19784000
0.08540850 3.19935000
0.08545850 3.20087000
0.08550860 3.20239000
0.08555860 3.20391000
0.08560860 3.20543000
0.08565860 3.20696000
0.08570860 3.20848000
0.08575860 3.21001000
0.08580860 3.21154000
0.08585860 3.21308000
0.08590860 3.21461000
0.08595860 3.21615000
0.08600860 3.21769000
0.08605860 3.21923000
0.08610860 3.22077000
0.08615860 3.22232000
0.08620860 3.22386000
0.08625860 3.22541000
0.08630860 3.22696000
0.08635860 3.22852000
0.08640860 3.23007000
0.08645860 3.23163000
0.08650870 3.23319000
0.08655870 3.23475000
0.08660870 3.23631000
0.08665870 3.23787000
0.08670870 3.23944000
0.08675870 3.24101000
0.08680870 3.24258000
0.08685870 3.24415000
0.08690870 3.24573000
0.08695870 3.24731000
0.08700870 3.24888000
0.08705870 3.25047000
0.08710870 3.25205000
0.08715870 3.25363000
0.08720870 3.25522000
0.08725870 3.25681000
0.08730870 3.25840000
0.08735870 3.25999000
0.08740870 3.26159000
0.08745870 3.26319000
0.08750880 3.26479000
0.08755880 3.26639000
0.08760880 3.26799000
0.08765880 3.26960000
0.08770880 3.27120000
0.08775880 3.27281000
0.08780880 3.27442000
0.08785880 3.27604000
0.08790880 3.27765000
0.08795880 3.27927000
0.08800880 3.28089000
0.08805880 3.28251000
0.08810880 3.28414000
0.08815880 3.28576000
0.08820880 3.28739000
0.08825880 3.28902000
0.08830880 3.29066000
0.08835880 3.29229000
0.08840880 3.29393000
0.08845880 3.29557000
0.08850890 3.29721000
0.08855890 3.29885000
0.08860890 3.30050000
0.08865890 3.30214000
0.08870890 3.30379000
0.08875890 3.30544000
0.08880890 3.30710000
0.08885890 3.30875000
0.08890890 3.31041000
0.08895890 3.31207000
0.08900890 3.31373000
0.08905890 3.31540000
0.08910890 3.31706000
0.08915890 3.31873000
0.08920890 3.32040000
0.08925890 3.32208000
0.08930890 3.32375000
0.08935890 3.32543000
0.08940890 3.32711000
0.08945890 3.32879000
0.08950900 3.33048000
0.08955900 3.33216000
0.08960900 3.33385000
0.08965900 3.33554000
0.08970900 3.33723000
0.08975900 3.33893000
0.08980900 3.34063000
0.08985900 3.34233000
0.08990900 3.34403000
0.08995900 3.34573000
0.09000900 3.34744000
0.09005900 3.34915000
0.09010900 3.35086000
0.09015900 3.35257000
0.09020900 3.35429000
0.09025900 3.35600000
0.09030900 3.35772000
0.09035900 3.35945000
0.09040900 3.36117000
0.09045900 3.36290000
0.09050910 3.36463000
0.09055910 3.36636000
0.09060910 3.36809000
0.09065910 3.36983000
0.09070910 3.37156000
0.09075910 3.37331000
0.09080910 3.37505000
0.09085910 3.37679000
0.09090910 3.37854000
0.09095910 3.38029000
0.09100910 3.38204000
0.09105910 3.38380000
0.09110910 3.38555000
0.09115910 3.38731000
0.09120910 3.38908000
0.09125910 3.39084000
0.09130910 3.39261000
0.09135910 3.39438000
0.09140910 3.39615000
0.09145910 3.39792000
0.09150920 3.39970000
0.09155920 3.40147000
0.09160920 3.40326000
0.09165920 3.40504000
0.09170920 3.40682000
0.09175920 3.40861000
0.09180920 3.41040000
0.09185920 3.41220000
0.09190920 3.41399000
0.09195920 3.41579000
0.09200920 3.41759000
0.09205920 3.41939000
0.09210920 3.42120000
0.09215920 3.42301000
0.09220920 3.42482000
0.09225920 3.42663000
0.09230920 3.42845000
0.09235920 3.43027000
0.09240920 3.43209000
0.09245920 3.43391000
0.09250930 3.43574000
0.09255930 3.43756000
0.09260930 3.43939000
0.09265930 3.44123000
0.09270930 3.44306000
0.09275930 3.44490000
0.09280930 3.44674000
0.09285930 3.44859000
0.09290930 3.45043000
0.09295930 3.45228000
0.09300930 3.45413000
0.09305930 3.45599000
0.09310930 3.45785000
0.09315930 3.45971000
0.09320930 3.46157000
0.09325930 3.46343000
0.09330930 3.46530000
0.09335930 3.46717000
0.09340930 3.46904000
0.09345930 3.47092000
0.09350940 3.47280000
0.09355940 3.47468000
0.09360940 3.47656000
0.09365940 3.47845000
0.09370940 3.48034000
0.09375940 3.48223000
0.09380940 3.48412000
0.09385940 3.48602000
0.09390940 3.48792000
0.09395940 3.48982000
0.09400940 3.49173000
0.09405940 3.49364000
0.09410940 3.49555000
0.09415940 3.49746000
0.09420940 3.49938000
0.09425940 3.50130000
0.09430940 3.50322000
0.09435940 3.50515000
0.09440940 3.50708000
0.09445940 3.50901000
0.09450950 3.51094000
0.09455950 3.51288000
0.09460950 3.51482000
0.09465950 3.51676000
0.09470950 3.51871000
0.09475950 3.52066000
0.09480950 3.52261000
0.09485950 3.52456000
0.09490950 3.52652000
0.09495950 3.52848000
0.09500950 3.53044000
0.09505950 3.53241000
0.09510950 3.53438000
0.09515950 3.53635000
0.09520950 3.53833000
0.09525950 3.54030000
0.09530950 3.54229000
0.09535950 3.54427000
0.09540950 3.54626000
0.09545950 3.54825000
0.09550960 3.55024000
0.09555960 3.55224000
0.09560960 3.55424000
0.09565960 3.55624000
0.09570960 3.55825000
0.09575960 3.56025000
0.09580960 3.56227000
0.09585960 3.56428000
0.09590960 3.56630000
0.09595960 3.56832000
0.09600960 3.57035000
0.09605960 3.57237000
0.09610960 3.57440000
0.09615960 3.57644000
0.09620960 3.57848000
0.09625960 3.58052000
0.09630960 3.58256000
0.09635960 3.58461000
0.09640960 3.58666000
0.09645960 3.58871000
0.09650970 3.59077000
0.09655970 3.59283000
0.09660970 3.59489000
0.09665970 3.59696000
0.09670970 3.59903000
0.09675970 3.60110000
0.09680970 3.60318000
0.09685970 3.60525000
0.09690970 3.60734000
0.09695970 3.60942000
0.09700970 3.61151000
0.09705970 3.61361000
0.09710970 3.61570000
0.09715970 3.61780000
0.09720970 3.61991000
0.09725970 3.62201000
0.09730970 3.62412000
0.09735970 3.62624000
0.09740970 3.62835000
0.09745970 3.63048000
0.09750980 3.63260000
0.09755980 3.63473000
0.09760980 3.63686000
0.09765980 3.63899000
0.09770980 3.64113000
0.09775980 3.64327000
0.09780980 3.64542000
0.09785980 3.64757000
0.09790980 3.64972000
0.09795980 3.65187000
0.09800980 3.65403000
0.09805980 3.65620000
0.09810980 3.65836000
0.09815980 3.66053000
0.09820980 3.66271000
0.09825980 3.66488000
0.09830980 3.66706000
0.09835980 3.66925000
0.09840980 3.67144000
0.09845980 3.67363000
0.09850990 3.67582000
0.09855990 3.67802000
0.09860990 3.68023000
0.09865990 3.68243000
0.09870990 3.68464000
0.09875990 3.68686000
0.09880990 3.68908000
0.09885990 3.69130000
0.09890990 3.69352000
0.09895990 3.69575000
0.09900990 3.69799000
0.09905990 3.70022000
0.09910990 3.70247000
0.09915990 3.70471000
0.09920990 3.70696000
0.09925990 3.70921000
0.09930990 3.71147000
0.09935990 3.71373000
0.09940990 3.71599000
0.09945990 3.71826000
0.09951000 3.72053000
0.09956000 3.72281000
0.09961000 3.72509000
0.09966000 3.72737000
0.09971000 3.72966000
0.09976000 3.73195000
0.09981000 3.73425000
0.09986000 3.73655000
0.09991000 3.73885000
0.09996000 3.74116000
0.10001000 3.74347000
0.10006000 3.74579000
0.10011000 3.74811000
0.10016000 3.75043000
0.10021000 3.75276000
0.10026000 3.75509000
0.10031000 3.75743000
0.10036000 3.75977000
0.10041000 3.76211000
0.10046000 3.76446000
0.10051000 3.76681000
0.10056000 3.76917000
0.10061000 3.77153000
0.10066000 3.77390000
0.10071000 3.77627000
0.10076000 3.77864000
0.10081000 3.78102000
0.10086000 3.78340000
0.10091000 3.78579000
0.10096000 3.78818000
0.10101000 3.79058000
0.10106000 3.79298000
0.10111000 3.79538000
0.10116000 3.79779000
0.10121000 3.80020000
0.10126000 3.80262000
0.10131000 3.80504000
0.10136000 3.80746000
0.10141000 3.80989000
0.10146000 3.81233000
0.10151000 3.81477000
0.10156000 3.81721000
0.10161000 3.81966000
0.10166000 3.82211000
0.10171000 3.82457000
0.10176000 3.82703000
0.10181000 3.82949000
0.10186000 3.83196000
0.10191000 3.83444000
0.10196000 3.83691000
0.10201000 3.83940000
0.10206000 3.84189000
0.10211000 3.84438000
0.10216000 3.84688000
0.10221000 3.84938000
0.10226000 3.85188000
0.10231000 3.85439000
0.10236000 3.85691000
0.10241000 3.85943000
0.10246000 3.86195000
0.10251000 3.86448000
0.10256000 3.86702000
0.10261000 3.86956000
0.10266000 3.87210000
0.10271000 3.87465000
0.10276000 3.87720000
0.10281000 3.87976000
0.10286000 3.88232000
0.10291000 3.88489000
0.10296000 3.88746000
0.10301000 3.89003000
0.10306000 3.89261000
0.10311000 3.89520000
0.10316000 3.89779000
0.10321000 3.90039000
0.10326000 3.90299000
0.10331000 3.90559000
0.10336000 3.90820000
0.10341000 3.91082000
0.10346000 3.91344000
0.10351000 3.91606000
0.10356000 3.91869000
0.10361000 3.92132000
0.10366000 3.92396000
0.10371000 3.92661000
0.10376000 3.92926000
0.10381000 3.93191000
0.10386000 3.93457000
0.10391000 3.93723000
0.10396000 3.93990000
0.10401000 3.94258000
0.10406000 3.94525000
0.10411000 3.94794000
0.10416000 3.95063000
0.10421000 3.95332000
0.10426000 3.95602000
0.10431000 3.95872000
0.10436000 3.96143000
0.10441000 3.96415000
0.10446000 3.96687000
0.10451000 3.96959000
0.10456000 3.97232000
0.10461000 3.97505000
0.10466000 3.97779000
0.10471000 3.98054000
0.10476000 3.98329000
0.10481000 3.98604000
0.10486000 3.98880000
0.10491000 3.99157000
0.10496000 3.99434000
0.10501100 3.99712000
0.10506100 3.99990000
0.10511100 4.00268000
0.10516100 4.00548000
0.10521100 4.00827000
0.10526100 4.01107000
0.10531100 4.01388000
0.10536100 4.01669000
0.10541100 4.01951000
0.10546100 4.02234000
0.10551100 4.02516000
0.10556100 4.02800000
0.10561100 4.03084000
0.10566100 4.03368000
0.10571100 4.03653000
0.10576100 4.03939000
0.10581100 4.04225000
0.10586100 4.04511000
0.10591100 4.04799000
0.10596100 4.05086000
0.10601100 4.05374000
0.10606100 4.05663000
0.10611100 4.05953000
0.10616100 4.06242000
0.10621100 4.06533000
0.10626100 4.06824000
0.10631100 4.07115000
0.10636100 4.07407000
0.10641100 4.07700000
0.10646100 4.07993000
0.10651100 4.08287000
0.10656100 4.08581000
0.10661100 4.08876000
0.10666100 4.09171000
0.10671100 4.09467000
0.10676100 4.09764000
0.10681100 4.10061000
0.10686100 4.10358000
0.10691100 4.10656000
0.10696100 4.10955000
0.10701100 4.11254000
0.10706100 4.11554000
0.10711100 4.11854000
0.10716100 4.12155000
0.10721100 4.12457000
0.10726100 4.12759000
0.10731100 4.13062000
0.10736100 4.13365000
0.10741100 4.13669000
0.10746100 4.13973000
0.10751100 4.14278000
0.10756100 4.14583000
0.10761100 4.14889000
0.10766100 4.15196000
0.10771100 4.15503000
0.10776100 4.15811000
0.10781100 4.16119000
0.10786100 4.16428000
0.10791100 4.16738000
0.10796100 4.17048000
0.10801100 4.17358000
0.10806100 4.17670000
0.10811100 4.17981000
0.10816100 4.18294000
0.10821100 4.18607000
0.10826100 4.18920000
0.10831100 4.19234000
0.10836100 4.19549000
0.10841100 4.19864000
0.10846100 4.20180000
0.10851100 4.20497000
0.10856100 4.20814000
0.10861100 4.21131000
0.10866100 4.21450000
0.10871100 4.21769000
0.10876100 4.22088000
0.10881100 4.22408000
0.10886100 4.22728000
0.10891100 4.23050000
0.10896100 4.23371000
0.10901100 4.23694000
0.10906100 4.24017000
0.10911100 4.24340000
0.10916100 4.24664000
0.10921100 4.24989000
0.10926100 4.25314000
0.10931100 4.25640000
0.10936100 4.25967000
0.10941100 4.26294000
0.10946100 4.26622000
0.10951100 4.26950000
0.10956100 4.27279000
0.10961100 4.27608000
0.10966100 4.27938000
0.10971100 4.28269000
0.10976100 4.28601000
0.10981100 4.28932000
0.10986100 4.29265000
0.10991100 4.29598000
0.10996100 4.29932000
0.11001100 4.30266000
0.11006100 4.30601000
0.11011100 4.30937000
0.11016100 4.31273000
0.11021100 4.31609000
0.11026100 4.31947000
0.11031100 4.32285000
0.11036100 4.32623000
0.11041100 4.32962000
0.11046100 4.33302000
0.11051100 4.33643000
0.11056100 4.33984000
0.11061100 4.34325000
0.11066100 4.34667000
0.11071100 4.35010000
0.11076100 4.35354000
0.11081100 4.35698000
0.11086100 4.36042000
0.11091100 4.36388000
0.11096100 4.36733000
0.11101100 4.37080000
0.11106100 4.37427000
0.11111100 4.37775000
0.11116100 4.38123000
0.11121100 4.38472000
0.11126100 4.38822000
0.11131100 4.39172000
0.11136100 4.39522000
0.11141100 4.39874000
0.11146100 4.40226000
0.11151100 4.40579000
0.11156100 4.40932000
0.11161100 4.41286000
0.11166100 4.41640000
0.11171100 4.41995000
0.11176100 4.42351000
0.11181100 4.42707000
0.11186100 4.43064000
0.11191100 4.43422000
0.11196100 4.43780000
0.11201100 4.44139000
0.11206100 4.44498000
0.11211100 4.44858000
0.11216100 4.45219000
0.11221100 4.45580000
0.11226100 4.45942000
0.11231100 4.46304000
0.11236100 4.46668000
0.11241100 4.47031000
0.11246100 4.47396000
0.11251100 4.47761000
0.11256100 4.48126000
0.11261100 4.48492000
0.11266100 4.48859000
0.11271100 4.49227000
0.11276100 4.49595000
0.11281100 4.49963000
0.11286100 4.50333000
0.11291100 4.50703000
0.11296100 4.51073000
0.11301100 4.51444000
0.11306100 4.51816000
0.11311100 4.52189000
0.11316100 4.52562000
0.11321100 4.52935000
0.11326100 4.53309000
0.11331100 4.53684000
0.11336100 4.54060000
0.11341100 4.54436000
0.11346100 4.54813000
0.11351100 4.55190000
0.11356100 4.55568000
0.11361100 4.55947000
0.11366100 4.56326000
0.11371100 4.56706000
0.11376100 4.57086000
0.11381100 4.57467000
0.11386100 4.57849000
0.11391100 4.58231000
0.11396100 4.58614000
0.11401100 4.58998000
0.11406100 4.59382000
0.11411100 4.59767000
0.11416100 4.60152000
0.11421100 4.60538000
0.11426100 4.60924000
0.11431100 4.61312000
0.11436100 4.61700000
0.11441100 4.62088000
0.11446100 4.62477000
0.11451100 4.62867000
0.11456100 4.63257000
0.11461100 4.63648000
0.11466100 4.64039000
0.11471100 4.64432000
0.11476100 4.64824000
0.11481100 4.65218000
0.11486100 4.65612000
0.11491100 4.66006000
0.11496100 4.66401000
0.11501200 4.66797000
0.11506200 4.67194000
0.11511200 4.67591000
0.11516200 4.67988000
0.11521200 4.68387000
0.11526200 4.68785000
0.11531200 4.69185000
0.11536200 4.69585000
0.11541200 4.69986000
0.11546200 4.70387000
0.11551200 4.70789000
0.11556200 4.71191000
0.11561200 4.71594000
0.11566200 4.71998000
0.11571200 4.72402000
0.11576200 4.72807000
0.11581200 4.73213000
0.11586200 4.73619000
0.11591200 4.74026000
0.11596200 4.74433000
0.11601200 4.74841000
0.11606200 4.75249000
0.11611200 4.75658000
0.11616200 4.76068000
0.11621200 4.76478000
0.11626200 4.76889000
0.11631200 4.77301000
0.11636200 4.77713000
0.11641200 4.78126000
0.11646200 4.78539000
0.11651200 4.78953000
0.11656200 4.79367000
0.11661200 4.79782000
0.11666200 4.80198000
0.11671200 4.80614000
0.11676200 4.81031000
0.11681200 4.81448000
0.11686200 4.81866000
0.11691200 4.82285000
0.11696200 4.82704000
0.11701200 4.83124000
0.11706200 4.83544000
0.11711200 4.83965000
0.11716200 4.84387000
0.11721200 4.84809000
0.11726200 4.85231000
0.11731200 4.85655000
0.11736200 4.86078000
0.11741200 4.86503000
0.11746200 4.86928000
0.11751200 4.87353000
0.11756200 4.87779000
0.11761200 4.88206000
0.11766200 4.88633000
0.11771200 4.89061000
0.11776200 4.89490000
0.11781200 4.89919000
0.11786200 4.90348000
0.11791200 4.90778000
0.11796200 4.91209000
0.11801200 4.91640000
0.11806200 4.92072000
0.11811200 4.92504000
0.11816200 4.92937000
0.11821200 4.93371000
0.11826200 4.93805000
0.11831200 4.94240000
0.11836200 4.94675000
0.11841200 4.95110000
0.11846200 4.95547000
0.11851200 4.95984000
0.11856200 4.96421000
0.11861200 4.96859000
0.11866200 4.97297000
0.11871200 4.97736000
0.11876200 4.98176000
0.11881200 4.98616000
0.11886200 4.99057000
0.11891200 4.99498000
0.11896200 4.99940000
0.11901200 5.00382000
0.11906200 5.00825000
0.11911200 5.01268000
0.11916200 5.01712000
0.11921200 5.02157000
0.11926200 5.02602000
0.11931200 5.03047000
0.11936200 5.03493000
0.11941200 5.03940000
0.11946200 5.04387000
0.11951200 5.04835000
0.11956200 5.05283000
0.11961200 5.05732000
0.11966200 5.06181000
0.11971200 5.06631000
0.11976200 5.07081000
0.11981200 5.07532000
0.11986200 5.07983000
0.11991200 5.08435000
0.11996200 5.08887000
0.12001200 5.09340000
0.12006200 5.09793000
0.12011200 5.10247000
0.12016200 5.10701000
0.12021200 5.11156000
0.12026200 5.11612000
0.12031200 5.12068000
0.12036200 5.12524000
0.12041200 5.12981000
0.12046200 5.13438000
0.12051200 5.13896000
0.12056200 5.14354000
0.12061200 5.14813000
0.12066200 5.15273000
0.12071200 5.15732000
0.12076200 5.16193000
0.12081200 5.16654000
0.12086200 5.17115000
0.12091200 5.17577000
0.12096200 5.18039000
0.12101200 5.18502000
0.12106200 5.18965000
0.12111200 5.19429000
0.12116200 5.19893000
0.12121200 5.20357000
0.12126200 5.20823000
0.12131200 5.21288000
0.12136200 5.21754000
0.12141200 5.22221000
0.12146200 5.22688000
0.12151200 5.23155000
0.12156200 5.23623000
0.12161200 5.24091000
0.12166200 5.24560000
0.12171200 5.25029000
0.12176200 5.25499000
0.12181200 5.25969000
0.12186200 5.26440000
0.12191200 5.26911000
0.12196200 5.27383000
0.12201200 5.27855000
0.12206200 5.28327000
0.12211200 5.28800000
0.12216200 5.29273000
0.12221200 5.29747000
0.12226200 5.30221000
0.12231200 5.30695000
0.12236200 5.31170000
0.12241200 5.31646000
0.12246200 5.32122000
0.12251200 5.32598000
0.12256200 5.33075000
0.12261200 5.33552000
0.12266200 5.34029000
0.12271200 5.34507000
0.12276200 5.34985000
0.12281200 5.35464000
0.12286200 5.35943000
0.12291200 5.36423000
0.12296200 5.36903000
0.12301200 5.37383000
0.12306200 5.37864000
0.12311200 5.38345000
0.12316200 5.38827000
0.12321200 5.39309000
0.12326200 5.39791000
0.12331200 5.40274000
0.12336200 5.40757000
0.12341200 5.41240000
0.12346200 5.41724000
0.12351200 5.42208000
0.12356200 5.42693000
0.12361200 5.43178000
0.12366200 5.43663000
0.12371200 5.44149000
0.12376200 5.44635000
0.12381200 5.45121000
0.12386200 5.45608000
0.12391200 5.46095000
0.12396200 5.46583000
0.12401200 5.47071000
0.12406200 5.47559000
0.12411200 5.48048000
0.12416200 5.48537000
0.12421200 5.49026000
0.12426200 5.49516000
0.12431200 5.50006000
0.12436200 5.50496000
0.12441200 5.50986000
0.12446200 5.51477000
0.12451200 5.51969000
0.12456200 5.52460000
0.12461200 5.52952000
0.12466200 5.53445000
0.12471200 5.53937000
0.12476200 5.54430000
0.12481200 5.54923000
0.12486200 5.55417000
0.12491200 5.55911000
0.12496200 5.56405000
0.12501300 5.56899000
0.12506300 5.57394000
0.12511300 5.57889000
0.12516300 5.58385000
0.12521300 5.58880000
0.12526300 5.59376000
0.12531300 5.59872000
0.12536300 5.60369000
0.12541300 5.60866000
0.12546300 5.61363000
0.12551300 5.61860000
0.12556300 5.62358000
0.12561300 5.62856000
0.12566300 5.63354000
0.12571300 5.63852000
0.12576300 5.64351000
0.12581300 5.64850000
0.12586300 5.65349000
0.12591300 5.65849000
0.12596300 5.66348000
0.12601300 5.66848000
0.12606300 5.67349000
0.12611300 5.67849000
0.12616300 5.68350000
0.12621300 5.68851000
0.12626300 5.69352000
0.12631300 5.69854000
0.12636300 5.70355000
0.12641300 5.70857000
0.12646300 5.71359000
0.12651300 5.71862000
0.12656300 5.72364000
0.12661300 5.72867000
0.12666300 5.73370000
0.12671300 5.73873000
0.12676300 5.74377000
0.12681300 5.74880000
0.12686300 5.75384000
0.12691300 5.75888000
0.12696300 5.76392000
0.12701300 5.76897000
0.12706300 5.77401000
0.12711300 5.77906000
0.12716300 5.78411000
0.12721300 5.78916000
0.12726300 5.79422000
0.12731300 5.79927000
0.12736300 5.80433000
0.12741300 5.80939000
0.12746300 5.81445000
0.12751300 5.81951000
0.12756300 5.82457000
0.12761300 5.82964000
0.12766300 5.83471000
0.12771300 5.83978000
0.12776300 5.84485000
0.12781300 5.84992000
0.12786300 5.85499000
0.12791300 5.86006000
0.12796300 5.86514000
0.12801300 5.87022000
0.12806300 5.87529000
0.12811300 5.88037000
0.12816300 5.88545000
0.12821300 5.89054000
0.12826300 5.89562000
0.12831300 5.90070000
0.12836300 5.90579000
0.12841300 5.91088000
0.12846300 5.91596000
0.12851300 5.92105000
0.12856300 5.92614000
0.12861300 5.93123000
0.12866300 5.93632000
0.12871300 5.94142000
0.12876300 5.94651000
0.12881300 5.95160000
0.12886300 5.95670000
0.12891300 5.96179000
0.12896300 5.96689000
0.12901300 5.97199000
0.12906300 5.97709000
0.12911300 5.98218000
0.12916300 5.98728000
0.12921300 5.99238000
0.12926300 5.99748000
0.12931300 6.00259000
0.12936300 6.00769000
0.12941300 6.01279000
0.12946300 6.01789000
0.12951300 6.02299000
0.12956300 6.02810000
0.12961300 6.03320000
0.12966300 6.03830000
0.12971300 6.04341000
0.12976300 6.04851000
0.12981300 6.05362000
0.12986300 6.05872000
0.12991300 6.06382000
0.12996300 6.06893000
0.13001300 6.07403000
0.13006300 6.07914000
0.13011300 6.08424000
0.13016300 6.08935000
0.13021300 6.09445000
0.13026300 6.09956000
0.13031300 6.10466000
0.13036300 6.10977000
0.13041300 6.11487000
0.13046300 6.11997000
0.13051300 6.12508000
0.13056300 6.13018000
0.13061300 6.13528000
0.13066300 6.14039000
0.13071300 6.14549000
0.13076300 6.15059000
0.13081300 6.15569000
0.13086300 6.16079000
0.13091300 6.16589000
0.13096300 6.17099000
0.13101300 6.17609000
0.13106300 6.18119000
0.13111300 6.18629000
0.13116300 6.19138000
0.13121300 6.19648000
0.13126300 6.20158000
0.13131300 6.20667000
0.13136300 6.21176000
0.13141300 6.21686000
0.13146300 6.22195000
0.13151300 6.22704000
0.13156300 6.23213000
0.13161300 6.23722000
0.13166300 6.24231000
0.13171300 6.24739000
0.13176300 6.25248000
0.13181300 6.25757000
0.13186300 6.26265000
0.13191300 6.26773000
0.13196300 6.27281000
0.13201300 6.27789000
0.13206300 6.28297000
0.13211300 6.28805000
0.13216300 6.29312000
0.13221300 6.29820000
0.13226300 6.30327000
0.13231300 6.30834000
0.13236300 6.31341000
0.13241300 6.31848000
0.13246300 6.32354000
0.13251300 6.32861000
0.13256300 6.33367000
0.13261300 6.33873000
0.13266300 6.34379000
0.13271300 6.34885000
0.13276300 6.35391000
0.13281300 6.35896000
0.13286300 6.36401000
0.13291300 6.36906000
0.13296300 6.37411000
0.13301300 6.37916000
0.13306300 6.38420000
0.13311300 6.38925000
0.13316300 6.39429000
0.13321300 6.39932000
0.13326300 6.40436000
0.13331300 6.40939000
0.13336300 6.41443000
0.13341300 6.41945000
0.13346300 6.42448000
0.13351300 6.42951000
0.13356300 6.43453000
0.13361300 6.43955000
0.13366300 6.44456000
0.13371300 6.44958000
0.13376300 6.45459000
0.13381300 6.45960000
0.13386300 6.46461000
0.13391300 6.46961000
0.13396300 6.47461000
0.13401300 6.47961000
0.13406300 6.48461000
0.13411300 6.48960000
0.13416300 6.49459000
0.13421300 6.49958000
0.13426300 6.50457000
0.13431300 6.50955000
0.13436300 6.51453000
0.13441300 6.51950000
0.13446300 6.52448000
0.13451300 6.52945000
0.13456300 6.53441000
0.13461300 6.53938000
0.13466300 6.54434000
0.13471300 6.54930000
0.13476300 6.55425000
0.13481300 6.55920000
0.13486300 6.56415000
0.13491300 6.56909000
0.13496300 6.57403000
0.13501400 6.57897000
0.13506400 6.58391000
0.13511400 6.58884000
0.13516400 6.59376000
0.13521400 6.59869000
0.13526400 6.60361000
0.13531400 6.60852000
0.13536400 6.61343000
0.13541400 6.61834000
0.13546400 6.62325000
0.13551400 6.62815000
0.13556400 6.63305000
0.13561400 6.63794000
0.13566400 6.64283000
0.13571400 6.64772000
0.13576400 6.65260000
0.13581400 6.65748000
0.13586400 6.66235000
0.13591400 6.66722000
0.13596400 6.67209000
0.13601400 6.67695000
0.13606400 6.68180000
0.13611400 6.68666000
0.13616400 6.69151000
0.13621400 6.69635000
0.13626400 6.70119000
0.13631400 6.70603000
0.13636400 6.71086000
0.13641400 6.71569000
0.13646400 6.72051000
0.13651400 6.72533000
0.13656400 6.73014000
0.13661400 6.73495000
0.13666400 6.73976000
0.13671400 6.74456000
0.13676400 6.74935000
0.13681400 6.75414000
0.13686400 6.75893000
0.13691400 6.76371000
0.13696400 6.76849000
0.13701400 6.77326000
0.13706400 6.77802000
0.13711400 6.78279000
0.13716400 6.78754000
0.13721400 6.79229000
0.13726400 6.79704000
0.13731400 6.80178000
0.13736400 6.80652000
0.13741400 6.81125000
0.13746400 6.81598000
0.13751400 6.82070000
0.13756400 6.82541000
0.13761400 6.83012000
0.13766400 6.83483000
0.13771400 6.83953000
0.13776400 6.84422000
0.13781400 6.84891000
0.13786400 6.85360000
0.13791400 6.85828000
0.13796400 6.86295000
0.13801400 6.86762000
0.13806400 6.87228000
0.13811400 6.87693000
0.13816400 6.88159000
0.13821400 6.88623000
0.13826400 6.89087000
0.13831400 6.89550000
0.13836400 6.90013000
0.13841400 6.90475000
0.13846400 6.90937000
0.13851400 6.91398000
0.13856400 6.91858000
0.13861400 6.92318000
0.13866400 6.92777000
0.13871400 6.93236000
0.13876400 6.93694000
0.13881400 6.94151000
0.13886400 6.94608000
0.13891400 6.95064000
0.13896400 6.95520000
0.13901400 6.95975000
0.13906400 6.96429000
0.13911400 6.96883000
0.13916400 6.97336000
0.13921400 6.97788000
0.13926400 6.98240000
0.13931400 6.98691000
0.13936400 6.99142000
0.13941400 6.99592000
0.13946400 7.00041000
0.13951400 7.00489000
0.13956400 7.00937000
0.13961400 7.01384000
0.13966400 7.01831000
0.13971400 7.02277000
0.13976400 7.02722000
0.13981400 7.03167000
0.13986400 7.03610000
0.13991400 7.04054000
0.13996400 7.04496000
0.14001400 7.04938000
0.14006400 7.05379000
0.14011400 7.05819000
0.14016400 7.06259000
0.14021400 7.06698000
0.14026400 7.07136000
0.14031400 7.07574000
0.14036400 7.08011000
0.14041400 7.08447000
0.14046400 7.08882000
0.14051400 7.09317000
0.14056400 7.09751000
0.14061400 7.10184000
0.14066400 7.10617000
0.14071400 7.11049000
0.14076400 7.11480000
0.14081400 7.11910000
0.14086400 7.12340000
0.14091400 7.12769000
0.14096400 7.13197000
0.14101400 7.13624000
0.14106400 7.14051000
0.14111400 7.14477000
0.14116400 7.14902000
0.14121400 7.15326000
0.14126400 7.15749000
0.14131400 7.16172000
0.14136400 7.16594000
0.14141400 7.17015000
0.14146400 7.17436000
0.14151400 7.17855000
0.14156400 7.18274000
0.14161400 7.18692000
0.14166400 7.19110000
0.14171400 7.19526000
0.14176400 7.19942000
0.14181400 7.20356000
0.14186400 7.20771000
0.14191400 7.21184000
0.14196400 7.21596000
0.14201400 7.22008000
0.14206400 7.22419000
0.14211400 7.22829000
0.14216400 7.23238000
0.14221400 7.23646000
0.14226400 7.24054000
0.14231400 7.24460000
0.14236400 7.24866000
0.14241400 7.25271000
0.14246400 7.25675000
0.14251400 7.26079000
0.14256400 7.26481000
0.14261400 7.26883000
0.14266400 7.27283000
0.14271400 7.27683000
0.14276400 7.28082000
0.14281400 7.28480000
0.14286400 7.28878000
0.14291400 7.29274000
0.14296400 7.29670000
0.14301400 7.30064000
0.14306400 7.30458000
0.14311400 7.30851000
0.14316400 7.31243000
0.14321400 7.31634000
0.14326400 7.32025000
0.14331400 7.32414000
0.14336400 7.32803000
0.14341400 7.33190000
0.14346400 7.33577000
0.14351400 7.33963000
0.14356400 7.34348000
0.14361400 7.34732000
0.14366400 7.35115000
0.14371400 7.35497000
0.14376400 7.35878000
0.14381400 7.36258000
0.14386400 7.36638000
0.14391400 7.37016000
0.14396400 7.37394000
0.14401400 7.37770000
0.14406400 7.38146000
0.14411400 7.38521000
0.14416400 7.38895000
0.14421400 7.39268000
0.14426400 7.39640000
0.14431400 7.40011000
0.14436400 7.40381000
0.14441400 7.40750000
0.14446400 7.41118000
0.14451400 7.41485000
0.14456400 7.41851000
0.14461400 7.42217000
0.14466400 7.42581000
0.14471400 7.42944000
0.14476400 7.43307000
0.14481400 7.43668000
0.14486400 7.44028000
0.14491400 7.44388000
0.14496400 7.44746000
0.14501500 7.45104000
0.14506500 7.45460000
0.14511500 7.45816000
0.14516500 7.46170000
0.14521500 7.46524000
0.14526500 7.46877000
0.14531500 7.47228000
0.14536500 7.47579000
0.14541500 7.47928000
0.14546500 7.48277000
0.14551500 7.48624000
0.14556500 7.48971000
0.14561500 7.49316000
0.14566500 7.49661000
0.14571500 7.50004000
0.14576500 7.50347000
0.14581500 7.50688000
0.14586500 7.51029000
0.14591500 7.51368000
0.14596500 7.51707000
0.14601500 7.52044000
0.14606500 7.52380000
0.14611500 7.52716000
0.14616500 7.53050000
0.14621500 7.53383000
0.14626500 7.53715000
0.14631500 7.54047000
0.14636500 7.54377000
0.14641500 7.54706000
0.14646500 7.55034000
0.14651500 7.55361000
0.14656500 7.55687000
0.14661500 7.56011000
0.14666500 7.56335000
0.14671500 7.56658000
0.14676500 7.56980000
0.14681500 7.57300000
0.14686500 7.57620000
0.14691500 7.57938000
0.14696500 7.58256000
0.14701500 7.58572000
0.14706500 7.58887000
0.14711500 7.59201000
0.14716500 7.59515000
0.14721500 7.59827000
0.14726500 7.60138000
0.14731500 7.60447000
0.14736500 7.60756000
0.14741500 7.61064000
0.14746500 7.61371000
0.14751500 7.61676000
0.14756500 7.61980000
0.14761500 7.62284000
0.14766500 7.62586000
0.14771500 7.62887000
0.14776500 7.63187000
0.14781500 7.63486000
0.14786500 7.63784000
0.14791500 7.64081000
0.14796500 7.64376000
0.14801500 7.64671000
0.14806500 7.64964000
0.14811500 7.65256000
0.14816500 7.65548000
0.14821500 7.65838000
0.14826500 7.66126000
0.14831500 7.66414000
0.14836500 7.66701000
0.14841500 7.66986000
0.14846500 7.67271000
0.14851500 7.67554000
0.14856500 7.67836000
0.14861500 7.68117000
0.14866500 7.68397000
0.14871500 7.68676000
0.14876500 7.68954000
0.14881500 7.69230000
0.14886500 7.69506000
0.14891500 7.69780000
0.14896500 7.70053000
0.14901500 7.70325000
0.14906500 7.70596000
0.14911500 7.70865000
0.14916500 7.71134000
0.14921500 7.71401000
0.14926500 7.71667000
0.14931500 7.71932000
0.14936500 7.72196000
0.14941500 7.72459000
0.14946500 7.72720000
0.14951500 7.72981000
0.14956500 7.73240000
0.14961500 7.73498000
0.14966500 7.73755000
0.14971500 7.74011000
0.14976500 7.74265000
0.14981500 7.74519000
0.14986500 7.74771000
0.14991500 7.75022000
0.14996500 7.75272000
0.15001500 7.75521000
0.15006500 7.75768000
0.15011500 7.76015000
0.15016500 7.76260000
0.15021500 7.76504000
0.15026500 7.76747000
0.15031500 7.76989000
0.15036500 7.77229000
0.15041500 7.77469000
0.15046500 7.77707000
0.15051500 7.77944000
0.15056500 7.78179000
0.15061500 7.78414000
0.15066500 7.78647000
0.15071500 7.78880000
0.15076500 7.79111000
0.15081500 7.79340000
0.15086500 7.79569000
0.15091500 7.79797000
0.15096500 7.80023000
0.15101500 7.80248000
0.15106500 7.80472000
0.15111500 7.80694000
0.15116500 7.80916000
0.15121500 7.81136000
0.15126500 7.81355000
0.15131500 7.81573000
0.15136500 7.81790000
0.15141500 7.82005000
0.15146500 7.82219000
0.15151500 7.82432000
0.15156500 7.82644000
0.15161500 7.82855000
0.15166500 7.83064000
0.15171500 7.83273000
0.15176500 7.83480000
0.15181500 7.83685000
0.15186500 7.83890000
0.15191500 7.84093000
0.15196500 7.84296000
0.15201500 7.84497000
0.15206500 7.84696000
0.15211500 7.84895000
0.15216500 7.85092000
0.15221500 7.85288000
0.15226500 7.85483000
0.15231500 7.85677000
0.15236500 7.85869000
0.15241500 7.86060000
0.15246500 7.86250000
0.15251500 7.86439000
0.15256500 7.86627000
0.15261500 7.86813000
0.15266500 7.86998000
0.15271500 7.87182000
0.15276500 7.87365000
0.15281500 7.87546000
0.15286500 7.87727000
0.15291500 7.87906000
0.15296500 7.88083000
0.15301500 7.88260000
0.15306500 7.88435000
0.15311500 7.88609000
0.15316500 7.88782000
0.15321500 7.88954000
0.15326500 7.89124000
0.15331500 7.89294000
0.15336500 7.89462000
0.15341500 7.89628000
0.15346500 7.89794000
0.15351500 7.89958000
0.15356500 7.90121000
0.15361500 7.90283000
0.15366500 7.90444000
0.15371500 7.90603000
0.15376500 7.90761000
0.15381500 7.90918000
0.15386500 7.91074000
0.15391500 7.91228000
0.15396500 7.91381000
0.15401500 7.91533000
0.15406500 7.91684000
0.15411500 7.91834000
0.15416500 7.91982000
0.15421500 7.92129000
0.15426500 7.92275000
0.15431500 7.92420000
0.15436500 7.92563000
0.15441500 7.92705000
0.15446500 7.92846000
0.15451500 7.92986000
0.15456500 7.93124000
0.15461500 7.93261000
0.15466500 7.93397000
0.15471500 7.93532000
0.15476500 7.93666000
0.15481500 7.93798000
0.15486500 7.93929000
0.15491500 7.94059000
0.15496500 7.94187000
0.15501600 7.94315000
0.15506600 7.94441000
0.15511600 7.94566000
0.15516600 7.94689000
0.15521600 7.94812000
0.15526600 7.94933000
0.15531600 7.95053000
0.15536600 7.95172000
0.15541600 7.95289000
0.15546600 7.95406000
0.15551600 7.95521000
0.15556600 7.95634000
0.15561600 7.95747000
0.15566600 7.95858000
0.15571600 7.95968000
0.15576600 7.96077000
0.15581600 7.96185000
0.15586600 7.96292000
0.15591600 7.96397000
0.15596600 7.96501000
0.15601600 7.96603000
0.15606600 7.96705000
0.15611600 7.96805000
0.15616600 7.96904000
0.15621600 7.97002000
0.15626600 7.97099000
0.15631600 7.97194000
0.15636600 7.97289000
0.15641600 7.97382000
0.15646600 7.97473000
0.15651600 7.97564000
0.15656600 7.97653000
0.15661600 7.97741000
0.15666600 7.97828000
0.15671600 7.97914000
0.15676600 7.97998000
0.15681600 7.98081000
0.15686600 7.98163000
0.15691600 7.98244000
0.15696600 7.98324000
0.15701600 7.98402000
0.15706600 7.98479000
0.15711600 7.98555000
0.15716600 7.98630000
0.15721600 7.98703000
0.15726600 7.98776000
0.15731600 7.98847000
0.15736600 7.98917000
0.15741600 7.98985000
0.15746600 7.99053000
0.15751600 7.99119000
0.15756600 7.99184000
0.15761600 7.99248000
0.15766600 7.99310000
0.15771600 7.99372000
0.15776600 7.99432000
0.15781600 7.99491000
0.15786600 7.99549000
0.15791600 7.99605000
0.15796600 7.99661000
0.15801600 7.99715000
0.15806600 7.99768000
0.15811600 7.99820000
0.15816600 7.99870000
0.15821600 7.99920000
0.15826600 7.99968000
0.15831600 8.00015000
0.15836600 8.00061000
0.15841600 8.00105000
0.15846600 8.00149000
0.15851600 8.00191000
0.15856600 8.00232000
0.15861600 8.00272000
0.15866600 8.00311000
0.15871600 8.00348000
0.15876600 8.00385000
0.15881600 8.00420000
0.15886600 8.00454000
0.15891600 8.00487000
0.15896600 8.00518000
0.15901600 8.00549000
0.15906600 8.00578000
0.15911600 8.00606000
0.15916600 8.00633000
0.15921600 8.00659000
0.15926600 8.00683000
0.15931600 8.00707000
0.15936600 8.00729000
0.15941600 8.00750000
0.15946600 8.00770000
0.15951600 8.00789000
0.15956600 8.00806000
0.15961600 8.00823000
0.15966600 8.00838000
0.15971600 8.00852000
0.15976600 8.00865000
0.15981600 8.00877000
0.15986600 8.00887000
0.15991600 8.00897000
0.15996600 8.00905000
0.16001600 8.00912000
0.16006600 8.00918000
0.16011600 8.00923000
0.16016600 8.00927000
0.16021600 8.00930000
0.16026600 8.00931000
0.16031600 8.00932000
0.16036600 8.00931000
0.16041600 8.00929000
0.16046600 8.00926000
0.16051600 8.00921000
0.16056600 8.00916000
0.16061600 8.00910000
0.16066600 8.00902000
0.16071600 8.00893000
0.16076600 8.00883000
0.16081600 8.00872000
0.16086600 8.00860000
0.16091600 8.00847000
0.16096600 8.00833000
0.16101600 8.00817000
0.16106600 8.00801000
0.16111600 8.00783000
0.16116600 8.00764000
0.16121600 8.00744000
0.16126600 8.00723000
0.16131600 8.00701000
0.16136600 8.00678000
0.16141600 8.00654000
0.16146600 8.00628000
0.16151600 8.00602000
0.16156600 8.00574000
0.16161600 8.00545000
0.16166600 8.00515000
0.16171600 8.00485000
0.16176600 8.00453000
0.16181600 8.00419000
0.16186600 8.00385000
0.16191600 8.00350000
0.16196600 8.00314000
0.16201600 8.00276000
0.16206600 8.00238000
0.16211600 8.00198000
0.16216600 8.00158000
0.16221600 8.00116000
0.16226600 8.00073000
0.16231600 8.00029000
0.16236600 7.99984000
0.16241600 7.99938000
0.16246600 7.99891000
0.16251600 7.99843000
0.16256600 7.99794000
0.16261600 7.99744000
0.16266600 7.99693000
0.16271600 7.99640000
0.16276600 7.99587000
0.16281600 7.99533000
0.16286600 7.99477000
0.16291600 7.99421000
0.16296600 7.99363000
0.16301600 7.99305000
0.16306600 7.99245000
0.16311600 7.99185000
0.16316600 7.99123000
0.16321600 7.99060000
0.16326600 7.98997000
0.16331600 7.98932000
0.16336600 7.98866000
0.16341600 7.98799000
0.16346600 7.98732000
0.16351600 7.98663000
0.16356600 7.98593000
0.16361600 7.98522000
0.16366600 7.98451000
0.16371600 7.98378000
0.16376600 7.98304000
0.16381600 7.98229000
0.16386600 7.98153000
0.16391600 7.98076000
0.16396600 7.97999000
0.16401600 7.97920000
0.16406600 7.97840000
0.16411600 7.97759000
0.16416600 7.97678000
0.16421600 7.97595000
0.16426600 7.97511000
0.16431600 7.97427000
0.16436600 7.97341000
0.16441600 7.97254000
0.16446600 7.97167000
0.16451600 7.97078000
0.16456600 7.96989000
0.16461600 7.96898000
0.16466600 7.96807000
0.16471600 7.96715000
0.16476600 7.96621000
0.16481600 7.96527000
0.16486600 7.96432000
0.16491600 7.96336000
0.16496600 7.96239000
0.16501700 7.96141000
0.16506700 7.96042000
0.16511700 7.95942000
0.16516700 7.95841000
0.16521700 7.95739000
0.16526700 7.95636000
0.16531700 7.95533000
0.16536700 7.95428000
0.16541700 7.95323000
0.16546700 7.95217000
0.16551700 7.95109000
0.16556700 7.95001000
0.16561700 7.94892000
0.16566700 7.94782000
0.16571700 7.94671000
0.16576700 7.94559000
0.16581700 7.94447000
0.16586700 7.94333000
0.16591700 7.94219000
0.16596700 7.94103000
0.16601700 7.93987000
0.16606700 7.93870000
0.16611700 7.93752000
0.16616700 7.93633000
0.16621700 7.93514000
0.16626700 7.93393000
0.16631700 7.93272000
0.16636700 7.93149000
0.16641700 7.93026000
0.16646700 7.92902000
0.16651700 7.92777000
0.16656700 7.92651000
0.16661700 7.92525000
0.16666700 7.92397000
0.16671700 7.92269000
0.16676700 7.92140000
0.16681700 7.92010000
0.16686700 7.91879000
0.16691700 7.91748000
0.16696700 7.91615000
0.16701700 7.91482000
0.16706700 7.91348000
0.16711700 7.91213000
0.16716700 7.91077000
0.16721700 7.90941000
0.16726700 7.90804000
0.16731700 7.90665000
0.16736700 7.90526000
0.16741700 7.90387000
0.16746700 7.90246000
0.16751700 7.90105000
0.16756700 7.89963000
0.16761700 7.89820000
0.16766700 7.89676000
0.16771700 7.89532000
0.16776700 7.89386000
0.16781700 7.89240000
0.16786700 7.89094000
0.16791700 7.88946000
0.16796700 7.88798000
0.16801700 7.88649000
0.16806700 7.88499000
0.16811700 7.88348000
0.16816700 7.88197000
0.16821700 7.88045000
0.16826700 7.87892000
0.16831700 7.87738000
0.16836700 7.87584000
0.16841700 7.87429000
0.16846700 7.87273000
0.16851700 7.87117000
0.16856700 7.86959000
0.16861700 7.86801000
0.16866700 7.86643000
0.16871700 7.86483000
0.16876700 7.86323000
0.16881700 7.86162000
0.16886700 7.86001000
0.16891700 7.85838000
0.16896700 7.85675000
0.16901700 7.85512000
0.16906700 7.85347000
0.16911700 7.85182000
0.16916700 7.85017000
0.16921700 7.84850000
0.16926700 7.84683000
0.16931700 7.84515000
0.16936700 7.84347000
0.16941700 7.84178000
0.16946700 7.84008000
0.16951700 7.83837000
0.16956700 7.83666000
0.16961700 7.83494000
0.16966700 7.83322000
0.16971700 7.83149000
0.16976700 7.82975000
0.16981700 7.82801000
0.16986700 7.82626000
0.16991700 7.82450000
0.16996700 7.82274000
0.17001700 7.82097000
0.17006700 7.81919000
0.17011700 7.81741000
0.17016700 7.81562000
0.17021700 7.81383000
0.17026700 7.81203000
0.17031700 7.81022000
0.17036700 7.80841000
0.17041700 7.80659000
0.17046700 7.80477000
0.17051700 7.80294000
0.17056700 7.80110000
0.17061700 7.79926000
0.17066700 7.79741000
0.17071700 7.79556000
0.17076700 7.79370000
0.17081700 7.79183000
0.17086700 7.78996000
0.17091700 7.78808000
0.17096700 7.78620000
0.17101700 7.78431000
0.17106700 7.78242000
0.17111700 7.78052000
0.17116700 7.77862000
0.17121700 7.77671000
0.17126700 7.77479000
0.17131700 7.77287000
0.17136700 7.77094000
0.17141700 7.76901000
0.17146700 7.76707000
0.17151700 7.76513000
0.17156700 7.76318000
0.17161700 7.76123000
0.17166700 7.75927000
0.17171700 7.75731000
0.17176700 7.75534000
0.17181700 7.75337000
0.17186700 7.75139000
0.17191700 7.74940000
0.17196700 7.74742000
0.17201700 7.74542000
0.17206700 7.74342000
0.17211700 7.74142000
0.17216700 7.73941000
0.17221700 7.73740000
0.17226700 7.73538000
0.17231700 7.73336000
0.17236700 7.73133000
0.17241700 7.72930000
0.17246700 7.72727000
0.17251700 7.72523000
0.17256700 7.72318000
0.17261700 7.72113000
0.17266700 7.71908000
0.17271700 7.71702000
0.17276700 7.71496000
0.17281700 7.71289000
0.17286700 7.71082000
0.17291700 7.70874000
0.17296700 7.70666000
0.17301700 7.70458000
0.17306700 7.70249000
0.17311700 7.70040000
0.17316700 7.69830000
0.17321700 7.69620000
0.17326700 7.69409000
0.17331700 7.69198000
0.17336700 7.68987000
0.17341700 7.68775000
0.17346700 7.68563000
0.17351700 7.68351000
0.17356700 7.68138000
0.17361700 7.67925000
0.17366700 7.67711000
0.17371700 7.67497000
0.17376700 7.67283000
0.17381700 7.67068000
0.17386700 7.66853000
0.17391700 7.66638000
0.17396700 7.66422000
0.17401700 7.66206000
0.17406700 7.65990000
0.17411700 7.65773000
0.17416700 7.65556000
0.17421700 7.65338000
0.17426700 7.65120000
0.17431700 7.64902000
0.17436700 7.64684000
0.17441700 7.64465000
0.17446700 7.64246000
0.17451700 7.64027000
0.17456700 7.63807000
0.17461700 7.63587000
0.17466700 7.63367000
0.17471700 7.63146000
0.17476700 7.62925000
0.17481700 7.62704000
0.17486700 7.62482000
0.17491700 7.62260000
0.17496700 7.62038000
0.17501800 7.61816000
0.17506800 7.61593000
0.17511800 7.61371000
0.17516800 7.61147000
0.17521800 7.60924000
0.17526800 7.60700000
0.17531800 7.60476000
0.17536800 7.60252000
0.17541800 7.60028000
0.17546800 7.59803000
0.17551800 7.59578000
0.17556800 7.59353000
0.17561800 7.59128000
0.17566800 7.58902000
0.17571800 7.58676000
0.17576800 7.58450000
0.17581800 7.58224000
0.17586800 7.57997000
0.17591800 7.57770000
0.17596800 7.57543000
0.17601800 7.57316000
0.17606800 7.57089000
0.17611800 7.56861000
0.17616800 7.56634000
0.17621800 7.56406000
0.17626800 7.56177000
0.17631800 7.55949000
0.17636800 7.55721000
0.17641800 7.55492000
0.17646800 7.55263000
0.17651800 7.55034000
0.17656800 7.54805000
0.17661800 7.54575000
0.17666800 7.54346000
0.17671800 7.54116000
0.17676800 7.53886000
0.17681800 7.53656000
0.17686800 7.53426000
0.17691800 7.53196000
0.17696800 7.52966000
0.17701800 7.52735000
0.17706800 7.52504000
0.17711800 7.52274000
0.17716800 7.52043000
0.17721800 7.51812000
0.17726800 7.51580000
0.17731800 7.51349000
0.17736800 7.51118000
0.17741800 7.50886000
0.17746800 7.50654000
0.17751800 7.50423000
0.17756800 7.50191000
0.17761800 7.49959000
0.17766800 7.49727000
0.17771800 7.49495000
0.17776800 7.49263000
0.17781800 7.49030000
0.17786800 7.48798000
0.17791800 7.48566000
0.17796800 7.48333000
0.17801800 7.48101000
0.17806800 7.47868000
0.17811800 7.47635000
0.17816800 7.47403000
0.17821800 7.47170000
0.17826800 7.46937000
0.17831800 7.46704000
0.17836800 7.46471000
0.17841800 7.46238000
0.17846800 7.46005000
0.17851800 7.45772000
0.17856800 7.45539000
0.17861800 7.45306000
0.17866800 7.45073000
0.17871800 7.44840000
0.17876800 7.44606000
0.17881800 7.44373000
0.17886800 7.44140000
0.17891800 7.43907000
0.17896800 7.43674000
0.17901800 7.43441000
0.17906800 7.43207000
0.17911800 7.42974000
0.17916800 7.42741000
0.17921800 7.42508000
0.17926800 7.42275000
0.17931800 7.42041000
0.17936800 7.41808000
0.17941800 7.41575000
0.17946800 7.41342000
0.17951800 7.41109000
0.17956800 7.40876000
0.17961800 7.40643000
0.17966800 7.40410000
0.17971800 7.40178000
0.17976800 7.39945000
0.17981800 7.39712000
0.17986800 7.39479000
0.17991800 7.39247000
0.17996800 7.39014000
0.18001800 7.38782000
0.18006800 7.38549000
0.18011800 7.38317000
0.18016800 7.38084000
0.18021800 7.37852000
0.18026800 7.37620000
0.18031800 7.37388000
0.18036800 7.37156000
0.18041800 7.36924000
0.18046800 7.36692000
0.18051800 7.36461000
0.18056800 7.36229000
0.18061800 7.35998000
0.18066800 7.35766000
0.18071800 7.35535000
0.18076800 7.35304000
0.18081800 7.35073000
0.18086800 7.34842000
0.18091800 7.34611000
0.18096800 7.34380000
0.18101800 7.34150000
0.18106800 7.33919000
0.18111800 7.33689000
0.18116800 7.33459000
0.18121800 7.33229000
0.18126800 7.32999000
0.18131800 7.32769000
0.18136800 7.32540000
0.18141800 7.32310000
0.18146800 7.32081000
0.18151800 7.31852000
0.18156800 7.31623000
0.18161800 7.31394000
0.18166800 7.31166000
0.18171800 7.30937000
0.18176800 7.30709000
0.18181800 7.30481000
0.18186800 7.30253000
0.18191800 7.30025000
0.18196800 7.29797000
0.18201800 7.29570000
0.18206800 7.29343000
0.18211800 7.29116000
0.18216800 7.28889000
0.18221800 7.28663000
0.18226800 7.28436000
0.18231800 7.28210000
0.18236800 7.27984000
0.18241800 7.27758000
0.18246800 7.27533000
0.18251800 7.27307000
0.18256800 7.27082000
0.18261800 7.26857000
0.18266800 7.26633000
0.18271800 7.26408000
0.18276800 7.26184000
0.18281800 7.25960000
0.18286800 7.25736000
0.18291800 7.25513000
0.18296800 7.25289000
0.18301800 7.25066000
0.18306800 7.24844000
0.18311800 7.24621000
0.18316800 7.24399000
0.18321800 7.24177000
0.18326800 7.23955000
0.18331800 7.23734000
0.18336800 7.23512000
0.18341800 7.23291000
0.18346800 7.23071000
0.18351800 7.22850000
0.18356800 7.22630000
0.18361800 7.22410000
0.18366800 7.22190000
0.18371800 7.21971000
0.18376800 7.21752000
0.18381800 7.21533000
0.18386800 7.21315000
0.18391800 7.21097000
0.18396800 7.20879000
0.18401800 7.20661000
0.18406800 7.20444000
0.18411800 7.20227000
0.18416800 7.20010000
0.18421800 7.19794000
0.18426800 7.19578000
0.18431800 7.19362000
0.18436800 7.19147000
0.18441800 7.18931000
0.18446800 7.18717000
0.18451800 7.18502000
0.18456800 7.18288000
0.18461800 7.18074000
0.18466800 7.17861000
0.18471800 7.17647000
0.18476800 7.17435000
0.18481800 7.17222000
0.18486800 7.17010000
0.18491800 7.16798000
0.18496800 7.16587000
0.18501900 7.16375000
0.18506900 7.16165000
0.18511900 7.15954000
0.18516900 7.15744000
0.18521900 7.15534000
0.18526900 7.15325000
0.18531900 7.15116000
0.18536900 7.14907000
0.18541900 7.14699000
0.18546900 7.14491000
0.18551900 7.14283000
0.18556900 7.14076000
0.18561900 7.13869000
0.18566900 7.13663000
0.18571900 7.13457000
0.18576900 7.13251000
0.18581900 7.13046000
0.18586900 7.12841000
0.18591900 7.12636000
0.18596900 7.12432000
0.18601900 7.12229000
0.18606900 7.12025000
0.18611900 7.11822000
0.18616900 7.11620000
0.18621900 7.11418000
0.18626900 7.11216000
0.18631900 7.11014000
0.18636900 7.10813000
0.18641900 7.10613000
0.18646900 7.10413000
0.18651900 7.10213000
0.18656900 7.10014000
0.18661900 7.09815000
0.18666900 7.09616000
0.18671900 7.09418000
0.18676900 7.09220000
0.18681900 7.09023000
0.18686900 7.08826000
0.18691900 7.08630000
0.18696900 7.08434000
0.18701900 7.08239000
0.18706900 7.08043000
0.18711900 7.07849000
0.18716900 7.07655000
0.18721900 7.07461000
0.18726900 7.07267000
0.18731900 7.07075000
0.18736900 7.06882000
0.18741900 7.06690000
0.18746900 7.06499000
0.18751900 7.06307000
0.18756900 7.06117000
0.18761900 7.05927000
0.18766900 7.05737000
0.18771900 7.05548000
0.18776900 7.05359000
0.18781900 7.05170000
0.18786900 7.04982000
0.18791900 7.04795000
0.18796900 7.04608000
0.18801900 7.04421000
0.18806900 7.04235000
0.18811900 7.04050000
0.18816900 7.03865000
0.18821900 7.03680000
0.18826900 7.03496000
0.18831900 7.03312000
0.18836900 7.03129000
0.18841900 7.02946000
0.18846900 7.02764000
0.18851900 7.02582000
0.18856900 7.02401000
0.18861900 7.02220000
0.18866900 7.02040000
0.18871900 7.01860000
0.18876900 7.01681000
0.18881900 7.01502000
0.18886900 7.01323000
0.18891900 7.01145000
0.18896900 7.00968000
0.18901900 7.00791000
0.18906900 7.00615000
0.18911900 7.00439000
0.18916900 7.00264000
0.18921900 7.00089000
0.18926900 6.99914000
0.18931900 6.99741000
0.18936900 6.99567000
0.18941900 6.99394000
0.18946900 6.99222000
0.18951900 6.99050000
0.18956900 6.98879000
0.18961900 6.98708000
0.18966900 6.98538000
0.18971900 6.98368000
0.18976900 6.98199000
0.18981900 6.98030000
0.18986900 6.97862000
0.18991900 6.97694000
0.18996900 6.97527000
0.19001900 6.97361000
0.19006900 6.97194000
0.19011900 6.97029000
0.19016900 6.96864000
0.19021900 6.96699000
0.19026900 6.96535000
0.19031900 6.96372000
0.19036900 6.96209000
0.19041900 6.96046000
0.19046900 6.95885000
0.19051900 6.95723000
0.19056900 6.95562000
0.19061900 6.95402000
0.19066900 6.95242000
0.19071900 6.95083000
0.19076900 6.94925000
0.19081900 6.94766000
0.19086900 6.94609000
0.19091900 6.94452000
0.19096900 6.94295000
0.19101900 6.94139000
0.19106900 6.93984000
0.19111900 6.93829000
0.19116900 6.93675000
0.19121900 6.93521000
0.19126900 6.93368000
0.19131900 6.93215000
0.19136900 6.93063000
0.19141900 6.92912000
0.19146900 6.92761000
0.19151900 6.92610000
0.19156900 6.92460000
0.19161900 6.92311000
0.19166900 6.92162000
0.19171900 6.92014000
0.19176900 6.91866000
0.19181900 6.91719000
0.19186900 6.91573000
0.19191900 6.91427000
0.19196900 6.91281000
0.19201900 6.91137000
0.19206900 6.90992000
0.19211900 6.90849000
0.19216900 6.90705000
0.19221900 6.90563000
0.19226900 6.90421000
0.19231900 6.90279000
0.19236900 6.90138000
0.19241900 6.89998000
0.19246900 6.89858000
0.19251900 6.89719000
0.19256900 6.89580000
0.19261900 6.89442000
0.19266900 6.89305000
0.19271900 6.89168000
0.19276900 6.89031000
0.19281900 6.88896000
0.19286900 6.88760000
0.19291900 6.88626000
0.19296900 6.88492000
0.19301900 6.88358000
0.19306900 6.88225000
0.19311900 6.88093000
0.19316900 6.87961000
0.19321900 6.87830000
0.19326900 6.87699000
0.19331900 6.87569000
0.19336900 6.87440000
0.19341900 6.87311000
0.19346900 6.87182000
0.19351900 6.87055000
0.19356900 6.86927000
0.19361900 6.86801000
0.19366900 6.86675000
0.19371900 6.86549000
0.19376900 6.86424000
0.19381900 6.86300000
0.19386900 6.86176000
0.19391900 6.86053000
0.19396900 6.85930000
0.19401900 6.85808000
0.19406900 6.85687000
0.19411900 6.85566000
0.19416900 6.85446000
0.19421900 6.85326000
0.19426900 6.85207000
0.19431900 6.85089000
0.19436900 6.84971000
0.19441900 6.84853000
0.19446900 6.84736000
0.19451900 6.84620000
0.19456900 6.84505000
0.19461900 6.84390000
0.19466900 6.84275000
0.19471900 6.84161000
0.19476900 6.84048000
0.19481900 6.83935000
0.19486900 6.83823000
0.19491900 6.83711000
0.19496900 6.83600000
0.19502000 6.83490000
0.19507000 6.83380000
0.19512000 6.83271000
0.19517000 6.83162000
0.19522000 6.83054000
0.19527000 6.82946000
0.19532000 6.82839000
0.19537000 6.82733000
0.19542000 6.82627000
0.19547000 6.82522000
0.19552000 6.82417000
0.19557000 6.82313000
0.19562000 6.82210000
0.19567000 6.82107000
0.19572000 6.82005000
0.19577000 6.81903000
0.19582000 6.81802000
0.19587000 6.81701000
0.19592000 6.81601000
0.19597000 6.81502000
0.19602000 6.81403000
0.19607000 6.81304000
0.19612000 6.81207000
0.19617000 6.81110000
0.19622000 6.81013000
0.19627000 6.80917000
0.19632000 6.80822000
0.19637000 6.80727000
0.19642000 6.80632000
0.19647000 6.80539000
0.19652000 6.80446000
0.19657000 6.80353000
0.19662000 6.80261000
0.19667000 6.80170000
0.19672000 6.80079000
0.19677000 6.79988000
0.19682000 6.79899000
0.19687000 6.79809000
0.19692000 6.79721000
0.19697000 6.79633000
0.19702000 6.79545000
0.19707000 6.79458000
0.19712000 6.79372000
0.19717000 6.79286000
0.19722000 6.79201000
0.19727000 6.79117000
0.19732000 6.79033000
0.19737000 6.78949000
0.19742000 6.78866000
0.19747000 6.78784000
0.19752000 6.78702000
0.19757000 6.78621000
0.19762000 6.78540000
0.19767000 6.78460000
0.19772000 6.78380000
0.19777000 6.78301000
0.19782000 6.78223000
0.19787000 6.78145000
0.19792000 6.78067000
0.19797000 6.77991000
0.19802000 6.77914000
0.19807000 6.77839000
0.19812000 6.77763000
0.19817000 6.77689000
0.19822000 6.77615000
0.19827000 6.77541000
0.19832000 6.77468000
0.19837000 6.77396000
0.19842000 6.77324000
0.19847000 6.77253000
0.19852000 6.77182000
0.19857000 6.77112000
0.19862000 6.77042000
0.19867000 6.76973000
0.19872000 6.76904000
0.19877000 6.76836000
0.19882000 6.76769000
0.19887000 6.76702000
0.19892000 6.76635000
0.19897000 6.76569000
0.19902000 6.76504000
0.19907000 6.76439000
0.19912000 6.76375000
0.19917000 6.76311000
0.19922000 6.76248000
0.19927000 6.76185000
0.19932000 6.76123000
0.19937000 6.76061000
0.19942000 6.76000000
0.19947000 6.75940000
0.19952000 6.75880000
0.19957000 6.75820000
0.19962000 6.75761000
0.19967000 6.75702000
0.19972000 6.75645000
0.19977000 6.75587000
0.19982000 6.75530000
0.19987000 6.75474000
0.19992000 6.75418000
0.19997000 6.75362000
0.20002000 6.75307000
0.20007000 6.75253000
0.20012000 6.75199000
0.20017000 6.75146000
0.20022000 6.75093000
0.20027000 6.75041000
0.20032000 6.74989000
0.20037000 6.74938000
0.20042000 6.74887000
0.20047000 6.74836000
0.20052000 6.74787000
0.20057000 6.74737000
0.20062000 6.74689000
0.20067000 6.74640000
0.20072000 6.74592000
0.20077000 6.74545000
0.20082000 6.74498000
0.20087000 6.74452000
0.20092000 6.74406000
0.20097000 6.74361000
0.20102000 6.74316000
0.20107000 6.74271000
0.20112000 6.74227000
0.20117000 6.74184000
0.20122000 6.74141000
0.20127000 6.74099000
0.20132000 6.74057000
0.20137000 6.74015000
0.20142000 6.73974000
0.20147000 6.73934000
0.20152000 6.73894000
0.20157000 6.73854000
0.20162000 6.73815000
0.20167000 6.73776000
0.20172000 6.73738000
0.20177000 6.73700000
0.20182000 6.73663000
0.20187000 6.73626000
0.20192000 6.73590000
0.20197000 6.73554000
0.20202000 6.73518000
0.20207000 6.73484000
0.20212000 6.73449000
0.20217000 6.73415000
0.20222000 6.73381000
0.20227000 6.73348000
0.20232000 6.73315000
0.20237000 6.73283000
0.20242000 6.73251000
0.20247000 6.73220000
0.20252000 6.73189000
0.20257000 6.73159000
0.20262000 6.73129000
0.20267000 6.73099000
0.20272000 6.73070000
0.20277000 6.73041000
0.20282000 6.73013000
0.20287000 6.72985000
0.20292000 6.72957000
0.20297000 6.72930000
0.20302000 6.72904000
0.20307000 6.72878000
0.20312000 6.72852000
0.20317000 6.72826000
0.20322000 6.72801000
0.20327000 6.72777000
0.20332000 6.72753000
0.20337000 6.72729000
0.20342000 6.72706000
0.20347000 6.72683000
0.20352000 6.72661000
0.20357000 6.72639000
0.20362000 6.72617000
0.20367000 6.72596000
0.20372000 6.72575000
0.20377000 6.72554000
0.20382000 6.72534000
0.20387000 6.72515000
0.20392000 6.72495000
0.20397000 6.72477000
0.20402000 6.72458000
0.20407000 6.72440000
0.20412000 6.72422000
0.20417000 6.72405000
0.20422000 6.72388000
0.20427000 6.72371000
0.20432000 6.72355000
0.20437000 6.72339000
0.20442000 6.72324000
0.20447000 6.72309000
0.20452000 6.72294000
0.20457000 6.72280000
0.20462000 6.72266000
0.20467000 6.72252000
0.20472000 6.72239000
0.20477000 6.72226000
0.20482000 6.72214000
0.20487000 6.72202000
0.20492000 6.72190000
0.20497000 6.72178000
0.20502100 6.72167000
0.20507100 6.72156000
0.20512100 6.72146000
0.20517100 6.72136000
0.20522100 6.72126000
0.20527100 6.72117000
0.20532100 6.72108000
0.20537100 6.72099000
0.20542100 6.72091000
0.20547100 6.72083000
0.20552100 6.72075000
0.20557100 6.72068000
0.20562100 6.72060000
0.20567100 6.72054000
0.20572100 6.72047000
0.20577100 6.72041000
0.20582100 6.72035000
0.20587100 6.72030000
0.20592100 6.72025000
0.20597100 6.72020000
0.20602100 6.72015000
0.20607100 6.72011000
0.20612100 6.72007000
0.20617100 6.72004000
0.20622100 6.72000000
0.20627100 6.71997000
0.20632100 6.71994000
0.20637100 6.71992000
0.20642100 6.71990000
0.20647100 6.71988000
0.20652100 6.71986000
0.20657100 6.71985000
0.20662100 6.71984000
0.20667100 6.71983000
0.20672100 6.71983000
0.20677100 6.71983000
0.20682100 6.71983000
0.20687100 6.71983000
0.20692100 6.71984000
0.20697100 6.71985000
0.20702100 6.71986000
0.20707100 6.71987000
0.20712100 6.71989000
0.20717100 6.71991000
0.20722100 6.71993000
0.20727100 6.71996000
0.20732100 6.71998000
0.20737100 6.72001000
0.20742100 6.72005000
0.20747100 6.72008000
0.20752100 6.72012000
0.20757100 6.72016000
0.20762100 6.72020000
0.20767100 6.72024000
0.20772100 6.72029000
0.20777100 6.72034000
0.20782100 6.72039000
0.20787100 6.72044000
0.20792100 6.72050000
0.20797100 6.72055000
0.20802100 6.72061000
0.20807100 6.72068000
0.20812100 6.72074000
0.20817100 6.72081000
0.20822100 6.72088000
0.20827100 6.72095000
0.20832100 6.72102000
0.20837100 6.72109000
0.20842100 6.72117000
0.20847100 6.72125000
0.20852100 6.72133000
0.20857100 6.72141000
0.20862100 6.72150000
0.20867100 6.72158000
0.20872100 6.72167000
0.20877100 6.72176000
0.20882100 6.72185000
0.20887100 6.72195000
0.20892100 6.72204000
0.20897100 6.72214000
0.20902100 6.72224000
0.20907100 6.72234000
0.20912100 6.72244000
0.20917100 6.72255000
0.20922100 6.72265000
0.20927100 6.72276000
0.20932100 6.72287000
0.20937100 6.72298000
0.20942100 6.72309000
0.20947100 6.72320000
0.20952100 6.72332000
0.20957100 6.72343000
0.20962100 6.72355000
0.20967100 6.72367000
0.20972100 6.72379000
0.20977100 6.72391000
0.20982100 6.72404000
0.20987100 6.72416000
0.20992100 6.72429000
0.20997100 6.72442000
0.21002100 6.72454000
0.21007100 6.72467000
0.21012100 6.72480000
0.21017100 6.72494000
0.21022100 6.72507000
0.21027100 6.72520000
0.21032100 6.72534000
0.21037100 6.72548000
0.21042100 6.72561000
0.21047100 6.72575000
0.21052100 6.72589000
0.21057100 6.72603000
0.21062100 6.72617000
0.21067100 6.72632000
0.21072100 6.72646000
0.21077100 6.72661000
0.21082100 6.72675000
0.21087100 6.72690000
0.21092100 6.72704000
0.21097100 6.72719000
0.21102100 6.72734000
0.21107100 6.72749000
0.21112100 6.72764000
0.21117100 6.72779000
0.21122100 6.72794000
0.21127100 6.72809000
0.21132100 6.72825000
0.21137100 6.72840000
0.21142100 6.72855000
0.21147100 6.72871000
0.21152100 6.72886000
0.21157100 6.72902000
0.21162100 6.72917000
0.21167100 6.72933000
0.21172100 6.72949000
0.21177100 6.72964000
0.21182100 6.72980000
0.21187100 6.72996000
0.21192100 6.73012000
0.21197100 6.73027000
0.21202100 6.73043000
0.21207100 6.73059000
0.21212100 6.73075000
0.21217100 6.73091000
0.21222100 6.73107000
0.21227100 6.73123000
0.21232100 6.73139000
0.21237100 6.73155000
0.21242100 6.73171000
0.21247100 6.73187000
0.21252100 6.73203000
0.21257100 6.73219000
0.21262100 6.73235000
0.21267100 6.73251000
0.21272100 6.73267000
0.21277100 6.73283000
0.21282100 6.73299000
0.21287100 6.73315000
0.21292100 6.73331000
0.21297100 6.73347000
0.21302100 6.73363000
0.21307100 6.73379000
0.21312100 6.73395000
0.21317100 6.73411000
0.21322100 6.73426000
0.21327100 6.73442000
0.21332100 6.73458000
0.21337100 6.73474000
0.21342100 6.73489000
0.21347100 6.73505000
0.21352100 6.73521000
0.21357100 6.73536000
0.21362100 6.73552000
0.21367100 6.73567000
0.21372100 6.73582000
0.21377100 6.73598000
0.21382100 6.73613000
0.21387100 6.73628000
0.21392100 6.73643000
0.21397100 6.73659000
0.21402100 6.73674000
0.21407100 6.73688000
0.21412100 6.73703000
0.21417100 6.73718000
0.21422100 6.73733000
0.21427100 6.73748000
0.21432100 6.73762000
0.21437100 6.73777000
0.21442100 6.73791000
0.21447100 6.73805000
0.21452100 6.73819000
0.21457100 6.73834000
0.21462100 6.73848000
0.21467100 6.73861000
0.21472100 6.73875000
0.21477100 6.73889000
0.21482100 6.73903000
0.21487100 6.73916000
0.21492100 6.73929000
0.21497100 6.73943000
0.21502200 6.73956000
0.21507200 6.73969000
0.21512200 6.73982000
0.21517200 6.73995000
0.21522200 6.74007000
0.21527200 6.74020000
0.21532200 6.74032000
0.21537200 6.74045000
0.21542200 6.74057000
0.21547200 6.74069000
0.21552200 6.74081000
0.21557200 6.74092000
0.21562200 6.74104000
0.21567200 6.74115000
0.21572200 6.74127000
0.21577200 6.74138000
0.21582200 6.74149000
0.21587200 6.74160000
0.21592200 6.74170000
0.21597200 6.74181000
0.21602200 6.74191000
0.21607200 6.74201000
0.21612200 6.74211000
0.21617200 6.74221000
0.21622200 6.74231000
0.21627200 6.74240000
0.21632200 6.74250000
0.21637200 6.74259000
0.21642200 6.74268000
0.21647200 6.74277000
0.21652200 6.74285000
0.21657200 6.74294000
0.21662200 6.74302000
0.21667200 6.74310000
0.21672200 6.74318000
0.21677200 6.74326000
0.21682200 6.74333000
0.21687200 6.74340000
0.21692200 6.74347000
0.21697200 6.74354000
0.21702200 6.74361000
0.21707200 6.74367000
0.21712200 6.74374000
0.21717200 6.74380000
0.21722200 6.74385000
0.21727200 6.74391000
0.21732200 6.74396000
0.21737200 6.74402000
0.21742200 6.74406000
0.21747200 6.74411000
0.21752200 6.74416000
0.21757200 6.74420000
0.21762200 6.74424000
0.21767200 6.74428000
0.21772200 6.74431000
0.21777200 6.74435000
0.21782200 6.74438000
0.21787200 6.74440000
0.21792200 6.74443000
0.21797200 6.74445000
0.21802200 6.74447000
0.21807200 6.74449000
0.21812200 6.74451000
0.21817200 6.74452000
0.21822200 6.74453000
0.21827200 6.74454000
0.21832200 6.74454000
0.21837200 6.74455000
0.21842200 6.74455000
0.21847200 6.74455000
0.21852200 6.74454000
0.21857200 6.74453000
0.21862200 6.74452000
0.21867200 6.74451000
0.21872200 6.74449000
0.21877200 6.74447000
0.21882200 6.74445000
0.21887200 6.74443000
0.21892200 6.74440000
0.21897200 6.74437000
0.21902200 6.74433000
0.21907200 6.74430000
0.21912200 6.74426000
0.21917200 6.74422000
0.21922200 6.74417000
0.21927200 6.74412000
0.21932200 6.74407000
0.21937200 6.74402000
0.21942200 6.74396000
0.21947200 6.74390000
0.21952200 6.74384000
0.21957200 6.74377000
0.21962200 6.74370000
0.21967200 6.74363000
0.21972200 6.74355000
0.21977200 6.74347000
0.21982200 6.74339000
0.21987200 6.74330000
0.21992200 6.74322000
0.21997200 6.74312000
0.22002200 6.74303000
0.22007200 6.74293000
0.22012200 6.74283000
0.22017200 6.74272000
0.22022200 6.74261000
0.22027200 6.74250000
0.22032200 6.74239000
0.22037200 6.74227000
0.22042200 6.74214000
0.22047200 6.74202000
0.22052200 6.74189000
0.22057200 6.74176000
0.22062200 6.74162000
0.22067200 6.74148000
0.22072200 6.74134000
0.22077200 6.74119000
0.22082200 6.74104000
0.22087200 6.74088000
0.22092200 6.74073000
0.22097200 6.74057000
0.22102200 6.74040000
0.22107200 6.74023000
0.22112200 6.74006000
0.22117200 6.73988000
0.22122200 6.73970000
0.22127200 6.73952000
0.22132200 6.73933000
0.22137200 6.73914000
0.22142200 6.73895000
0.22147200 6.73875000
0.22152200 6.73855000
0.22157200 6.73834000
0.22162200 6.73813000
0.22167200 6.73792000
0.22172200 6.73770000
0.22177200 6.73748000
0.22182200 6.73725000
0.22187200 6.73702000
0.22192200 6.73679000
0.22197200 6.73655000
0.22202200 6.73631000
0.22207200 6.73606000
0.22212200 6.73581000
0.22217200 6.73556000
0.22222200 6.73530000
0.22227200 6.73504000
0.22232200 6.73478000
0.22237200 6.73451000
0.22242200 6.73423000
0.22247200 6.73396000
0.22252200 6.73367000
0.22257200 6.73339000
0.22262200 6.73310000
0.22267200 6.73280000
0.22272200 6.73250000
0.22277200 6.73220000
0.22282200 6.73189000
0.22287200 6.73158000
0.22292200 6.73127000
0.22297200 6.73095000
0.22302200 6.73062000
0.22307200 6.73029000
0.22312200 6.72996000
0.22317200 6.72962000
0.22322200 6.72928000
0.22327200 6.72894000
0.22332200 6.72859000
0.22337200 6.72823000
0.22342200 6.72787000
0.22347200 6.72751000
0.22352200 6.72714000
0.22357200 6.72677000
0.22362200 6.72639000
0.22367200 6.72601000
0.22372200 6.72563000
0.22377200 6.72524000
0.22382200 6.72484000
0.22387200 6.72444000
0.22392200 6.72404000
0.22397200 6.72363000
0.22402200 6.72322000
0.22407200 6.72280000
0.22412200 6.72238000
0.22417200 6.72195000
0.22422200 6.72152000
0.22427200 6.72108000
0.22432200 6.72064000
0.22437200 6.72020000
0.22442200 6.71975000
0.22447200 6.71930000
0.22452200 6.71884000
0.22457200 6.71837000
0.22462200 6.71790000
0.22467200 6.71743000
0.22472200 6.71695000
0.22477200 6.71647000
0.22482200 6.71598000
0.22487200 6.71549000
0.22492200 6.71500000
0.22497200 6.71449000
0.22502300 6.71399000
0.22507300 6.71348000
0.22512300 6.71296000
0.22517300 6.71244000
0.22522300 6.71191000
0.22527300 6.71138000
0.22532300 6.71085000
0.22537300 6.71031000
0.22542300 6.70976000
0.22547300 6.70921000
0.22552300 6.70866000
0.22557300 6.70810000
0.22562300 6.70753000
0.22567300 6.70696000
0.22572300 6.70639000
0.22577300 6.70581000
0.22582300 6.70522000
0.22587300 6.70463000
0.22592300 6.70404000
0.22597300 6.70344000
0.22602300 6.70284000
0.22607300 6.70223000
0.22612300 6.70161000
0.22617300 6.70099000
0.22622300 6.70037000
0.22627300 6.69974000
0.22632300 6.69910000
0.22637300 6.69846000
0.22642300 6.69782000
0.22647300 6.69717000
0.22652300 6.69651000
0.22657300 6.69585000
0.22662300 6.69519000
0.22667300 6.69452000
0.22672300 6.69384000
0.22677300 6.69316000
0.22682300 6.69248000
0.22687300 6.69179000
0.22692300 6.69109000
0.22697300 6.69039000
0.22702300 6.68968000
0.22707300 6.68897000
0.22712300 6.68826000
0.22717300 6.68753000
0.22722300 6.68681000
0.22727300 6.68607000
0.22732300 6.68534000
0.22737300 6.68459000
0.22742300 6.68385000
0.22747300 6.68309000
0.22752300 6.68233000
0.22757300 6.68157000
0.22762300 6.68080000
0.22767300 6.68003000
0.22772300 6.67925000
0.22777300 6.67846000
0.22782300 6.67767000
0.22787300 6.67688000
0.22792300 6.67608000
0.22797300 6.67527000
0.22802300 6.67446000
0.22807300 6.67364000
0.22812300 6.67282000
0.22817300 6.67199000
0.22822300 6.67116000
0.22827300 6.67032000
0.22832300 6.66948000
0.22837300 6.66863000
0.22842300 6.66778000
0.22847300 6.66692000
0.22852300 6.66605000
0.22857300 6.66518000
0.22862300 6.66431000
0.22867300 6.66343000
0.22872300 6.66254000
0.22877300 6.66165000
0.22882300 6.66075000
0.22887300 6.65985000
0.22892300 6.65894000
0.22897300 6.65803000
0.22902300 6.65711000
0.22907300 6.65619000
0.22912300 6.65526000
0.22917300 6.65432000
0.22922300 6.65338000
0.22927300 6.65244000
0.22932300 6.65149000
0.22937300 6.65053000
0.22942300 6.64957000
0.22947300 6.64860000
0.22952300 6.64763000
0.22957300 6.64665000
0.22962300 6.64567000
0.22967300 6.64468000
0.22972300 6.64368000
0.22977300 6.64268000
0.22982300 6.64168000
0.22987300 6.64067000
0.22992300 6.63965000
0.22997300 6.63863000
0.23002300 6.63760000
0.23007300 6.63657000
0.23012300 6.63553000
0.23017300 6.63448000
0.23022300 6.63343000
0.23027300 6.63238000
0.23032300 6.63132000
0.23037300 6.63025000
0.23042300 6.62918000
0.23047300 6.62811000
0.23052300 6.62702000
0.23057300 6.62593000
0.23062300 6.62484000
0.23067300 6.62374000
0.23072300 6.62264000
0.23077300 6.62153000
0.23082300 6.62041000
0.23087300 6.61929000
0.23092300 6.61817000
0.23097300 6.61703000
0.23102300 6.61590000
0.23107300 6.61475000
0.23112300 6.61361000
0.23117300 6.61245000
0.23122300 6.61129000
0.23127300 6.61013000
0.23132300 6.60896000
0.23137300 6.60778000
0.23142300 6.60660000
0.23147300 6.60541000
0.23152300 6.60422000
0.23157300 6.60302000
0.23162300 6.60182000
0.23167300 6.60061000
0.23172300 6.59939000
0.23177300 6.59817000
0.23182300 6.59695000
0.23187300 6.59572000
0.23192300 6.59448000
0.23197300 6.59324000
0.23202300 6.59199000
0.23207300 6.59074000
0.23212300 6.58948000
0.23217300 6.58822000
0.23222300 6.58695000
0.23227300 6.58567000
0.23232300 6.58439000
0.23237300 6.58310000
0.23242300 6.58181000
0.23247300 6.58051000
0.23252300 6.57921000
0.23257300 6.57790000
0.23262300 6.57659000
0.23267300 6.57527000
0.23272300 6.57395000
0.23277300 6.57262000
0.23282300 6.57128000
0.23287300 6.56994000
0.23292300 6.56859000
0.23297300 6.56724000
0.23302300 6.56588000
0.23307300 6.56452000
0.23312300 6.56315000
0.23317300 6.56178000
0.23322300 6.56040000
0.23327300 6.55902000
0.23332300 6.55763000
0.23337300 6.55623000
0.23342300 6.55483000
0.23347300 6.55342000
0.23352300 6.55201000
0.23357300 6.55059000
0.23362300 6.54917000
0.23367300 6.54774000
0.23372300 6.54631000
0.23377300 6.54487000
0.23382300 6.54343000
0.23387300 6.54198000
0.23392300 6.54052000
0.23397300 6.53906000
0.23402300 6.53759000
0.23407300 6.53612000
0.23412300 6.53465000
0.23417300 6.53316000
0.23422300 6.53168000
0.23427300 6.53018000
0.23432300 6.52868000
0.23437300 6.52718000
0.23442300 6.52567000
0.23447300 6.52416000
0.23452300 6.52264000
0.23457300 6.52111000
0.23462300 6.51958000
0.23467300 6.51805000
0.23472300 6.51650000
0.23477300 6.51496000
0.23482300 6.51341000
0.23487300 6.51185000
0.23492300 6.51029000
0.23497300 6.50872000
0.23502400 6.50715000
0.23507400 6.50557000
0.23512400 6.50398000
0.23517400 6.50239000
0.23522400 6.50080000
0.23527400 6.49920000
0.23532400 6.49760000
0.23537400 6.49599000
0.23542400 6.49437000
0.23547400 6.49275000
0.23552400 6.49113000
0.23557400 6.48949000
0.23562400 6.48786000
0.23567400 6.48622000
0.23572400 6.48457000
0.23577400 6.48292000
0.23582400 6.48126000
0.23587400 6.47960000
0.23592400 6.47793000
0.23597400 6.47626000
0.23602400 6.47458000
0.23607400 6.47290000
0.23612400 6.47121000
0.23617400 6.46952000
0.23622400 6.46782000
0.23627400 6.46612000
0.23632400 6.46441000
0.23637400 6.46270000
0.23642400 6.46098000
0.23647400 6.45925000
0.23652400 6.45752000
0.23657400 6.45579000
0.23662400 6.45405000
0.23667400 6.45231000
0.23672400 6.45056000
0.23677400 6.44880000
0.23682400 6.44704000
0.23687400 6.44528000
0.23692400 6.44351000
0.23697400 6.44174000
0.23702400 6.43996000
0.23707400 6.43817000
0.23712400 6.43638000
0.23717400 6.43459000
0.23722400 6.43279000
0.23727400 6.43099000
0.23732400 6.42918000
0.23737400 6.42736000
0.23742400 6.42554000
0.23747400 6.42372000
0.23752400 6.42189000
0.23757400 6.42006000
0.23762400 6.41822000
0.23767400 6.41638000
0.23772400 6.41453000
0.23777400 6.41267000
0.23782400 6.41082000
0.23787400 6.40895000
0.23792400 6.40708000
0.23797400 6.40521000
0.23802400 6.40333000
0.23807400 6.40145000
0.23812400 6.39957000
0.23817400 6.39767000
0.23822400 6.39578000
0.23827400 6.39388000
0.23832400 6.39197000
0.23837400 6.39006000
0.23842400 6.38814000
0.23847400 6.38622000
0.23852400 6.38430000
0.23857400 6.38237000
0.23862400 6.38043000
0.23867400 6.37849000
0.23872400 6.37655000
0.23877400 6.37460000
0.23882400 6.37265000
0.23887400 6.37069000
0.23892400 6.36873000
0.23897400 6.36676000
0.23902400 6.36479000
0.23907400 6.36281000
0.23912400 6.36083000
0.23917400 6.35885000
0.23922400 6.35686000
0.23927400 6.35486000
0.23932400 6.35287000
0.23937400 6.35086000
0.23942400 6.34885000
0.23947400 6.34684000
0.23952400 6.34483000
0.23957400 6.34280000
0.23962400 6.34078000
0.23967400 6.33875000
0.23972400 6.33671000
0.23977400 6.33467000
0.23982400 6.33263000
0.23987400 6.33058000
0.23992400 6.32853000
0.23997400 6.32647000
0.24002400 6.32441000
0.24007400 6.32235000
0.24012400 6.32028000
0.24017400 6.31820000
0.24022400 6.31612000
0.24027400 6.31404000
0.24032400 6.31195000
0.24037400 6.30986000
0.24042400 6.30777000
0.24047400 6.30567000
0.24052400 6.30356000
0.24057400 6.30145000
0.24062400 6.29934000
0.24067400 6.29723000
0.24072400 6.29510000
0.24077400 6.29298000
0.24082400 6.29085000
0.24087400 6.28872000
0.24092400 6.28658000
0.24097400 6.28444000
0.24102400 6.28229000
0.24107400 6.28014000
0.24112400 6.27799000
0.24117400 6.27583000
0.24122400 6.27367000
0.24127400 6.27150000
0.24132400 6.26933000
0.24137400 6.26716000
0.24142400 6.26498000
0.24147400 6.26280000
0.24152400 6.26061000
0.24157400 6.25842000
0.24162400 6.25623000
0.24167400 6.25403000
0.24172400 6.25183000
0.24177400 6.24962000
0.24182400 6.24741000
0.24187400 6.24520000
0.24192400 6.24298000
0.24197400 6.24076000
0.24202400 6.23854000
0.24207400 6.23631000
0.24212400 6.23407000
0.24217400 6.23184000
0.24222400 6.22960000
0.24227400 6.22735000
0.24232400 6.22511000
0.24237400 6.22286000
0.24242400 6.22060000
0.24247400 6.21834000
0.24252400 6.21608000
0.24257400 6.21381000
0.24262400 6.21154000
0.24267400 6.20927000
0.24272400 6.20699000
0.24277400 6.20471000
0.24282400 6.20243000
0.24287400 6.20014000
0.24292400 6.19785000
0.24297400 6.19555000
0.24302400 6.19325000
0.24307400 6.19095000
0.24312400 6.18865000
0.24317400 6.18634000
0.24322400 6.18403000
0.24327400 6.18171000
0.24332400 6.17939000
0.24337400 6.17707000
0.24342400 6.17474000
0.24347400 6.17241000
0.24352400 6.17008000
0.24357400 6.16774000
0.24362400 6.16540000
0.24367400 6.16306000
0.24372400 6.16071000
0.24377400 6.15836000
0.24382400 6.15601000
0.24387400 6.15365000
0.24392400 6.15129000
0.24397400 6.14893000
0.24402400 6.14657000
0.24407400 6.14420000
0.24412400 6.14182000
0.24417400 6.13945000
0.24422400 6.13707000
0.24427400 6.13469000
0.24432400 6.13230000
0.24437400 6.12992000
0.24442400 6.12752000
0.24447400 6.12513000
0.24452400 6.12273000
0.24457400 6.12033000
0.24462400 6.11793000
0.24467400 6.11552000
0.24472400 6.11311000
0.24477400 6.11070000
0.24482400 6.10829000
0.24487400 6.10587000
0.24492400 6.10345000
0.24497400 6.10102000
0.24502500 6.09859000
0.24507500 6.09616000
0.24512500 6.09373000
0.24517500 6.09130000
0.24522500 6.08886000
0.24527500 6.08642000
0.24532500 6.08397000
0.24537500 6.08153000
0.24542500 6.07908000
0.24547500 6.07662000
0.24552500 6.07417000
0.24557500 6.07171000
0.24562500 6.06925000
0.24567500 6.06679000
0.24572500 6.06432000
0.24577500 6.06185000
0.24582500 6.05938000
0.24587500 6.05691000
0.24592500 6.05443000
0.24597500 6.05195000
0.24602500 6.04947000
0.24607500 6.04699000
0.24612500 6.04450000
0.24617500 6.04201000
0.24622500 6.03952000
0.24627500 6.03702000
0.24632500 6.03453000
0.24637500 6.03203000
0.24642500 6.02953000
0.24647500 6.02702000
0.24652500 6.02452000
0.24657500 6.02201000
0.24662500 6.01950000
0.24667500 6.01698000
0.24672500 6.01447000
0.24677500 6.01195000
0.24682500 6.00943000
0.24687500 6.00690000
0.24692500 6.00438000
0.24697500 6.00185000
0.24702500 5.99932000
0.24707500 5.99679000
0.24712500 5.99426000
0.24717500 5.99172000
0.24722500 5.98918000
0.24727500 5.98664000
0.24732500 5.98410000
0.24737500 5.98156000
0.24742500 5.97901000
0.24747500 5.97646000
0.24752500 5.97391000
0.24757500 5.97136000
0.24762500 5.96880000
0.24767500 5.96624000
0.24772500 5.96369000
0.24777500 5.96112000
0.24782500 5.95856000
0.24787500 5.95600000
0.24792500 5.95343000
0.24797500 5.95086000
0.24802500 5.94829000
0.24807500 5.94572000
0.24812500 5.94314000
0.24817500 5.94057000
0.24822500 5.93799000
0.24827500 5.93541000
0.24832500 5.93283000
0.24837500 5.93025000
0.24842500 5.92766000
0.24847500 5.92507000
0.24852500 5.92249000
0.24857500 5.91990000
0.24862500 5.91730000
0.24867500 5.91471000
0.24872500 5.91212000
0.24877500 5.90952000
0.24882500 5.90692000
0.24887500 5.90432000
0.24892500 5.90172000
0.24897500 5.89912000
0.24902500 5.89651000
0.24907500 5.89391000
0.24912500 5.89130000
0.24917500 5.88869000
0.24922500 5.88608000
0.24927500 5.88347000
0.24932500 5.88085000
0.24937500 5.87824000
0.24942500 5.87562000
0.24947500 5.87301000
0.24952500 5.87039000
0.24957500 5.86777000
0.24962500 5.86514000
0.24967500 5.86252000
0.24972500 5.85990000
0.24977500 5.85727000
0.24982500 5.85465000
0.24987500 5.85202000
0.24992500 5.84939000
0.24997500 5.84676000
0.25002500 5.84413000
0.25007500 5.84149000
0.25012500 5.83886000
0.25017500 5.83622000
0.25022500 5.83359000
0.25027500 5.83095000
0.25032500 5.82831000
0.25037500 5.82567000
0.25042500 5.82303000
0.25047500 5.82039000
0.25052500 5.81775000
0.25057500 5.81511000
0.25062500 5.81246000
0.25067500 5.80982000
0.25072500 5.80717000
0.25077500 5.80452000
0.25082500 5.80187000
0.25087500 5.79922000
0.25092500 5.79657000
0.25097500 5.79392000
0.25102500 5.79127000
0.25107500 5.78862000
0.25112500 5.78597000
0.25117500 5.78331000
0.25122500 5.78066000
0.25127500 5.77800000
0.25132500 5.77535000
0.25137500 5.77269000
0.25142500 5.77003000
0.25147500 5.76737000
0.25152500 5.76471000
0.25157500 5.76205000
0.25162500 5.75939000
0.25167500 5.75673000
0.25172500 5.75407000
0.25177500 5.75141000
0.25182500 5.74875000
0.25187500 5.74608000
0.25192500 5.74342000
0.25197500 5.74075000
0.25202500 5.73809000
0.25207500 5.73543000
0.25212500 5.73276000
0.25217500 5.73009000
0.25222500 5.72743000
0.25227500 5.72476000
0.25232500 5.72209000
0.25237500 5.71942000
0.25242500 5.71676000
0.25247500 5.71409000
0.25252500 5.71142000
0.25257500 5.70875000
0.25262500 5.70608000
0.25267500 5.70341000
0.25272500 5.70074000
0.25277500 5.69807000
0.25282500 5.69540000
0.25287500 5.69273000
0.25292500 5.69006000
0.25297500 5.68739000
0.25302500 5.68472000
0.25307500 5.68205000
0.25312500 5.67938000
0.25317500 5.67670000
0.25322500 5.67403000
0.25327500 5.67136000
0.25332500 5.66869000
0.25337500 5.66602000
0.25342500 5.66335000
0.25347500 5.66068000
0.25352500 5.65800000
0.25357500 5.65533000
0.25362500 5.65266000
0.25367500 5.64999000
0.25372500 5.64732000
0.25377500 5.64465000
0.25382500 5.64198000
0.25387500 5.63930000
0.25392500 5.63663000
0.25397500 5.63396000
0.25402500 5.63129000
0.25407500 5.62862000
0.25412500 5.62595000
0.25417500 5.62328000
0.25422500 5.62061000
0.25427500 5.61794000
0.25432500 5.61527000
0.25437500 5.61261000
0.25442500 5.60994000
0.25447500 5.60727000
0.25452500 5.60460000
0.25457500 5.60193000
0.25462500 5.59927000
0.25467500 5.59660000
0.25472500 5.59393000
0.25477500 5.59127000
0.25482500 5.58860000
0.25487500 5.58594000
0.25492500 5.58327000
0.25497500 5.58061000
0.25502600 5.57795000
0.25507600 5.57528000
0.25512600 5.57262000
0.25517600 5.56996000
0.25522600 5.56730000
0.25527600 5.56464000
0.25532600 5.56198000
0.25537600 5.55932000
0.25542600 5.55666000
0.25547600 5.55400000
0.25552600 5.55134000
0.25557600 5.54869000
0.25562600 5.54603000
0.25567600 5.54338000
0.25572600 5.54072000
0.25577600 5.53807000
0.25582600 5.53541000
0.25587600 5.53276000
0.25592600 5.53011000
0.25597600 5.52746000
0.25602600 5.52481000
0.25607600 5.52216000
0.25612600 5.51951000
0.25617600 5.51687000
0.25622600 5.51422000
0.25627600 5.51157000
0.25632600 5.50893000
0.25637600 5.50629000
0.25642600 5.50364000
0.25647600 5.50100000
0.25652600 5.49836000
0.25657600 5.49572000
0.25662600 5.49308000
0.25667600 5.49044000
0.25672600 5.48781000
0.25677600 5.48517000
0.25682600 5.48254000
0.25687600 5.47990000
0.25692600 5.47727000
0.25697600 5.47464000
0.25702600 5.47201000
0.25707600 5.46938000
0.25712600 5.46675000
0.25717600 5.46413000
0.25722600 5.46150000
0.25727600 5.45888000
0.25732600 5.45625000
0.25737600 5.45363000
0.25742600 5.45101000
0.25747600 5.44839000
0.25752600 5.44577000
0.25757600 5.44316000
0.25762600 5.44054000
0.25767600 5.43793000
0.25772600 5.43531000
0.25777600 5.43270000
0.25782600 5.43009000
0.25787600 5.42748000
0.25792600 5.42488000
0.25797600 5.42227000
0.25802600 5.41966000
0.25807600 5.41706000
0.25812600 5.41446000
0.25817600 5.41186000
0.25822600 5.40926000
0.25827600 5.40666000
0.25832600 5.40407000
0.25837600 5.40147000
0.25842600 5.39888000
0.25847600 5.39629000
0.25852600 5.39370000
0.25857600 5.39111000
0.25862600 5.38853000
0.25867600 5.38594000
0.25872600 5.38336000
0.25877600 5.38078000
0.25882600 5.37820000
0.25887600 5.37562000
0.25892600 5.37304000
0.25897600 5.37047000
0.25902600 5.36789000
0.25907600 5.36532000
0.25912600 5.36275000
0.25917600 5.36018000
0.25922600 5.35762000
0.25927600 5.35505000
0.25932600 5.35249000
0.25937600 5.34993000
0.25942600 5.34737000
0.25947600 5.34481000
0.25952600 5.34226000
0.25957600 5.33970000
0.25962600 5.33715000
0.25967600 5.33460000
0.25972600 5.33206000
0.25977600 5.32951000
0.25982600 5.32696000
0.25987600 5.32442000
0.25992600 5.32188000
0.25997600 5.31934000
0.26002600 5.31681000
0.26007600 5.31427000
0.26012600 5.31174000
0.26017600 5.30921000
0.26022600 5.30668000
0.26027600 5.30415000
0.26032600 5.30163000
0.26037600 5.29911000
0.26042600 5.29659000
0.26047600 5.29407000
0.26052600 5.29155000
0.26057600 5.28904000
0.26062600 5.28653000
0.26067600 5.28402000
0.26072600 5.28151000
0.26077600 5.27900000
0.26082600 5.27650000
0.26087600 5.27400000
0.26092600 5.27150000
0.26097600 5.26900000
0.26102600 5.26651000
0.26107600 5.26402000
0.26112600 5.26153000
0.26117600 5.25904000
0.26122600 5.25655000
0.26127600 5.25407000
0.26132600 5.25159000
0.26137600 5.24911000
0.26142600 5.24663000
0.26147600 5.24416000
0.26152600 5.24169000
0.26157600 5.23922000
0.26162600 5.23675000
0.26167600 5.23428000
0.26172600 5.23182000
0.26177600 5.22936000
0.26182600 5.22690000
0.26187600 5.22445000
0.26192600 5.22199000
0.26197600 5.21954000
0.26202600 5.21710000
0.26207600 5.21465000
0.26212600 5.21221000
0.26217600 5.20977000
0.26222600 5.20733000
0.26227600 5.20489000
0.26232600 5.20246000
0.26237600 5.20003000
0.26242600 5.19760000
0.26247600 5.19517000
0.26252600 5.19275000
0.26257600 5.19033000
0.26262600 5.18791000
0.26267600 5.18550000
0.26272600 5.18308000
0.26277600 5.18067000
0.26282600 5.17827000
0.26287600 5.17586000
0.26292600 5.17346000
0.26297600 5.17106000
0.26302600 5.16866000
0.26307600 5.16627000
0.26312600 5.16388000
0.26317600 5.16149000
0.26322600 5.15910000
0.26327600 5.15672000
0.26332600 5.15433000
0.26337600 5.15196000
0.26342600 5.14958000
0.26347600 5.14721000
0.26352600 5.14484000
0.26357600 5.14247000
0.26362600 5.14011000
0.26367600 5.13774000
0.26372600 5.13538000
0.26377600 5.13303000
0.26382600 5.13068000
0.26387600 5.12832000
0.26392600 5.12598000
0.26397600 5.12363000
0.26402600 5.12129000
0.26407600 5.11895000
0.26412600 5.11661000
0.26417600 5.11428000
0.26422600 5.11195000
0.26427600 5.10962000
0.26432600 5.10730000
0.26437600 5.10497000
0.26442600 5.10266000
0.26447600 5.10034000
0.26452600 5.09803000
0.26457600 5.09572000
0.26462600 5.09341000
0.26467600 5.09110000
0.26472600 5.08880000
0.26477600 5.08650000
0.26482600 5.08421000
0.26487600 5.08192000
0.26492600 5.07963000
0.26497600 5.07734000
0.26502700 5.07506000
0.26507700 5.07278000
0.26512700 5.07050000
0.26517700 5.06823000
0.26522700 5.06595000
0.26527700 5.06369000
0.26532700 5.06142000
0.26537700 5.05916000
0.26542700 5.05690000
0.26547700 5.05464000
0.26552700 5.05239000
0.26557700 5.05014000
0.26562700 5.04790000
0.26567700 5.04565000
0.26572700 5.04341000
0.26577700 5.04117000
0.26582700 5.03894000
0.26587700 5.03671000
0.26592700 5.03448000
0.26597700 5.03226000
0.26602700 5.03004000
0.26607700 5.02782000
0.26612700 5.02560000
0.26617700 5.02339000
0.26622700 5.02118000
0.26627700 5.01898000
0.26632700 5.01678000
0.26637700 5.01458000
0.26642700 5.01238000
0.26647700 5.01019000
0.26652700 5.00800000
0.26657700 5.00581000
0.26662700 5.00363000
0.26667700 5.00145000
0.26672700 4.99928000
0.26677700 4.99710000
0.26682700 4.99493000
0.26687700 4.99277000
0.26692700 4.99060000
0.26697700 4.98844000
0.26702700 4.98629000
0.26707700 4.98414000
0.26712700 4.98199000
0.26717700 4.97984000
0.26722700 4.97770000
0.26727700 4.97556000
0.26732700 4.97342000
0.26737700 4.97129000
0.26742700 4.96916000
0.26747700 4.96703000
0.26752700 4.96491000
0.26757700 4.96279000
0.26762700 4.96067000
0.26767700 4.95856000
0.26772700 4.95645000
0.26777700 4.95435000
0.26782700 4.95224000
0.26787700 4.95015000
0.26792700 4.94805000
0.26797700 4.94596000
0.26802700 4.94387000
0.26807700 4.94178000
0.26812700 4.93970000
0.26817700 4.93762000
0.26822700 4.93555000
0.26827700 4.93348000
0.26832700 4.93141000
0.26837700 4.92935000
0.26842700 4.92729000
0.26847700 4.92523000
0.26852700 4.92317000
0.26857700 4.92112000
0.26862700 4.91908000
0.26867700 4.91703000
0.26872700 4.91499000
0.26877700 4.91296000
0.26882700 4.91092000
0.26887700 4.90890000
0.26892700 4.90687000
0.26897700 4.90485000
0.26902700 4.90283000
0.26907700 4.90081000
0.26912700 4.89880000
0.26917700 4.89679000
0.26922700 4.89479000
0.26927700 4.89279000
0.26932700 4.89079000
0.26937700 4.88880000
0.26942700 4.88681000
0.26947700 4.88482000
0.26952700 4.88284000
0.26957700 4.88086000
0.26962700 4.87888000
0.26967700 4.87691000
0.26972700 4.87494000
0.26977700 4.87298000
0.26982700 4.87102000
0.26987700 4.86906000
0.26992700 4.86710000
0.26997700 4.86515000
0.27002700 4.86321000
0.27007700 4.86126000
0.27012700 4.85932000
0.27017700 4.85739000
0.27022700 4.85546000
0.27027700 4.85353000
0.27032700 4.85160000
0.27037700 4.84968000
0.27042700 4.84776000
0.27047700 4.84585000
0.27052700 4.84394000
0.27057700 4.84203000
0.27062700 4.84013000
0.27067700 4.83823000
0.27072700 4.83633000
0.27077700 4.83444000
0.27082700 4.83255000
0.27087700 4.83067000
0.27092700 4.82879000
0.27097700 4.82691000
0.27102700 4.82504000
0.27107700 4.82317000
0.27112700 4.82130000
0.27117700 4.81944000
0.27122700 4.81758000
0.27127700 4.81573000
0.27132700 4.81388000
0.27137700 4.81203000
0.27142700 4.81018000
0.27147700 4.80834000
0.27152700 4.80651000
0.27157700 4.80468000
0.27162700 4.80285000
0.27167700 4.80102000
0.27172700 4.79920000
0.27177700 4.79738000
0.27182700 4.79557000
0.27187700 4.79376000
0.27192700 4.79195000
0.27197700 4.79015000
0.27202700 4.78835000
0.27207700 4.78656000
0.27212700 4.78476000
0.27217700 4.78298000
0.27222700 4.78119000
0.27227700 4.77941000
0.27232700 4.77764000
0.27237700 4.77586000
0.27242700 4.77410000
0.27247700 4.77233000
0.27252700 4.77057000
0.27257700 4.76881000
0.27262700 4.76706000
0.27267700 4.76531000
0.27272700 4.76356000
0.27277700 4.76182000
0.27282700 4.76008000
0.27287700 4.75835000
0.27292700 4.75662000
0.27297700 4.75489000
0.27302700 4.75316000
0.27307700 4.75144000
0.27312700 4.74973000
0.27317700 4.74802000
0.27322700 4.74631000
0.27327700 4.74460000
0.27332700 4.74290000
0.27337700 4.74121000
0.27342700 4.73951000
0.27347700 4.73782000
0.27352700 4.73614000
0.27357700 4.73446000
0.27362700 4.73278000
0.27367700 4.73111000
0.27372700 4.72943000
0.27377700 4.72777000
0.27382700 4.72611000
0.27387700 4.72445000
0.27392700 4.72279000
0.27397700 4.72114000
0.27402700 4.71949000
0.27407700 4.71785000
0.27412700 4.71621000
0.27417700 4.71457000
0.27422700 4.71294000
0.27427700 4.71131000
0.27432700 4.70969000
0.27437700 4.70807000
0.27442700 4.70645000
0.27447700 4.70484000
0.27452700 4.70323000
0.27457700 4.70162000
0.27462700 4.70002000
0.27467700 4.69842000
0.27472700 4.69683000
0.27477700 4.69524000
0.27482700 4.69365000
0.27487700 4.69207000
0.27492700 4.69049000
0.27497700 4.68892000
0.27502800 4.68735000
0.27507800 4.68578000
0.27512800 4.68421000
0.27517800 4.68266000
0.27522800 4.68110000
0.27527800 4.67955000
0.27532800 4.67800000
0.27537800 4.67645000
0.27542800 4.67491000
0.27547800 4.67338000
0.27552800 4.67184000
0.27557800 4.67031000
0.27562800 4.66879000
0.27567800 4.66727000
0.27572800 4.66575000
0.27577800 4.66424000
0.27582800 4.66273000
0.27587800 4.66122000
0.27592800 4.65972000
0.27597800 4.65822000
0.27602800 4.65672000
0.27607800 4.65523000
0.27612800 4.65374000
0.27617800 4.65226000
0.27622800 4.65078000
0.27627800 4.64931000
0.27632800 4.64783000
0.27637800 4.64636000
0.27642800 4.64490000
0.27647800 4.64344000
0.27652800 4.64198000
0.27657800 4.64053000
0.27662800 4.63908000
0.27667800 4.63763000
0.27672800 4.63619000
0.27677800 4.63475000
0.27682800 4.63332000
0.27687800 4.63189000
0.27692800 4.63046000
0.27697800 4.62904000
0.27702800 4.62762000
0.27707800 4.62621000
0.27712800 4.62480000
0.27717800 4.62339000
0.27722800 4.62198000
0.27727800 4.62058000
0.27732800 4.61919000
0.27737800 4.61779000
0.27742800 4.61641000
0.27747800 4.61502000
0.27752800 4.61364000
0.27757800 4.61226000
0.27762800 4.61089000
0.27767800 4.60952000
0.27772800 4.60815000
0.27777800 4.60679000
0.27782800 4.60543000
0.27787800 4.60408000
0.27792800 4.60272000
0.27797800 4.60138000
0.27802800 4.60003000
0.27807800 4.59869000
0.27812800 4.59736000
0.27817800 4.59602000
0.27822800 4.59470000
0.27827800 4.59337000
0.27832800 4.59205000
0.27837800 4.59073000
0.27842800 4.58942000
0.27847800 4.58811000
0.27852800 4.58680000
0.27857800 4.58550000
0.27862800 4.58420000
0.27867800 4.58290000
0.27872800 4.58161000
0.27877800 4.58033000
0.27882800 4.57904000
0.27887800 4.57776000
0.27892800 4.57648000
0.27897800 4.57521000
0.27902800 4.57394000
0.27907800 4.57268000
0.27912800 4.57142000
0.27917800 4.57016000
0.27922800 4.56890000
0.27927800 4.56765000
0.27932800 4.56640000
0.27937800 4.56516000
0.27942800 4.56392000
0.27947800 4.56269000
0.27952800 4.56145000
0.27957800 4.56022000
0.27962800 4.55900000
0.27967800 4.55778000
0.27972800 4.55656000
0.27977800 4.55535000
0.27982800 4.55414000
0.27987800 4.55293000
0.27992800 4.55173000
0.27997800 4.55053000
0.28002800 4.54933000
0.28007800 4.54814000
0.28012800 4.54695000
0.28017800 4.54577000
0.28022800 4.54458000
0.28027800 4.54341000
0.28032800 4.54223000
0.28037800 4.54106000
0.28042800 4.53990000
0.28047800 4.53873000
0.28052800 4.53757000
0.28057800 4.53642000
0.28062800 4.53527000
0.28067800 4.53412000
0.28072800 4.53297000
0.28077800 4.53183000
0.28082800 4.53069000
0.28087800 4.52956000
0.28092800 4.52843000
0.28097800 4.52730000
0.28102800 4.52618000
0.28107800 4.52506000
0.28112800 4.52394000
0.28117800 4.52283000
0.28122800 4.52172000
0.28127800 4.52061000
0.28132800 4.51951000
0.28137800 4.51841000
0.28142800 4.51732000
0.28147800 4.51622000
0.28152800 4.51514000
0.28157800 4.51405000
0.28162800 4.51297000
0.28167800 4.51189000
0.28172800 4.51082000
0.28177800 4.50975000
0.28182800 4.50868000
0.28187800 4.50762000
0.28192800 4.50656000
0.28197800 4.50550000
0.28202800 4.50445000
0.28207800 4.50340000
0.28212800 4.50236000
0.28217800 4.50131000
0.28222800 4.50027000
0.28227800 4.49924000
0.28232800 4.49821000
0.28237800 4.49718000
0.28242800 4.49615000
0.28247800 4.49513000
0.28252800 4.49411000
0.28257800 4.49310000
0.28262800 4.49209000
0.28267800 4.49108000
0.28272800 4.49008000
0.28277800 4.48908000
0.28282800 4.48808000
0.28287800 4.48708000
0.28292800 4.48609000
0.28297800 4.48511000
0.28302800 4.48412000
0.28307800 4.48314000
0.28312800 4.48217000
0.28317800 4.48119000
0.28322800 4.48022000
0.28327800 4.47926000
0.28332800 4.47829000
0.28337800 4.47733000
0.28342800 4.47638000
0.28347800 4.47542000
0.28352800 4.47447000
0.28357800 4.47353000
0.28362800 4.47258000
0.28367800 4.47164000
0.28372800 4.47071000
0.28377800 4.46978000
0.28382800 4.46885000
0.28387800 4.46792000
0.28392800 4.46700000
0.28397800 4.46608000
0.28402800 4.46516000
0.28407800 4.46425000
0.28412800 4.46334000
0.28417800 4.46243000
0.28422800 4.46153000
0.28427800 4.46063000
0.28432800 4.45973000
0.28437800 4.45884000
0.28442800 4.45795000
0.28447800 4.45706000
0.28452800 4.45618000
0.28457800 4.45530000
0.28462800 4.45442000
0.28467800 4.45355000
0.28472800 4.45268000
0.28477800 4.45181000
0.28482800 4.45095000
0.28487800 4.45009000
0.28492800 4.44923000
0.28497800 4.44838000
0.28502900 4.44753000
0.28507900 4.44668000
0.28512900 4.44583000
0.28517900 4.44499000
0.28522900 4.44415000
0.28527900 4.44332000
0.28532900 4.44249000
0.28537900 4.44166000
0.28542900 4.44083000
0.28547900 4.44001000
0.28552900 4.43919000
0.28557900 4.43838000
0.28562900 4.43757000
0.28567900 4.43676000
0.28572900 4.43595000
0.28577900 4.43515000
0.28582900 4.43435000
0.28587900 4.43355000
0.28592900 4.43276000
0.28597900 4.43197000
0.28602900 4.43118000
0.28607900 4.43040000
0.28612900 4.42961000
0.28617900 4.42884000
0.28622900 4.42806000
0.28627900 4.42729000
0.28632900 4.42652000
0.28637900 4.42575000
0.28642900 4.42499000
0.28647900 4.42423000
0.28652900 4.42348000
0.28657900 4.42272000
0.28662900 4.42197000
0.28667900 4.42123000
0.28672900 4.42048000
0.28677900 4.41974000
0.28682900 4.41900000
0.28687900 4.41827000
0.28692900 4.41753000
0.28697900 4.41681000
0.28702900 4.41608000
0.28707900 4.41536000
0.28712900 4.41464000
0.28717900 4.41392000
0.28722900 4.41321000
0.28727900 4.41249000
0.28732900 4.41179000
0.28737900 4.41108000
0.28742900 4.41038000
0.28747900 4.40968000
0.28752900 4.40898000
0.28757900 4.40829000
0.28762900 4.40760000
0.28767900 4.40691000
0.28772900 4.40623000
0.28777900 4.40555000
0.28782900 4.40487000
0.28787900 4.40419000
0.28792900 4.40352000
0.28797900 4.40285000
0.28802900 4.40218000
0.28807900 4.40152000
0.28812900 4.40086000
0.28817900 4.40020000
0.28822900 4.39955000
0.28827900 4.39889000
0.28832900 4.39824000
0.28837900 4.39760000
0.28842900 4.39695000
0.28847900 4.39631000
0.28852900 4.39567000
0.28857900 4.39504000
0.28862900 4.39441000
0.28867900 4.39378000
0.28872900 4.39315000
0.28877900 4.39252000
0.28882900 4.39190000
0.28887900 4.39129000
0.28892900 4.39067000
0.28897900 4.39006000
0.28902900 4.38945000
0.28907900 4.38884000
0.28912900 4.38823000
0.28917900 4.38763000
0.28922900 4.38703000
0.28927900 4.38644000
0.28932900 4.38584000
0.28937900 4.38525000
0.28942900 4.38467000
0.28947900 4.38408000
0.28952900 4.38350000
0.28957900 4.38292000
0.28962900 4.38234000
0.28967900 4.38177000
0.28972900 4.38120000
0.28977900 4.38063000
0.28982900 4.38006000
0.28987900 4.37950000
0.28992900 4.37894000
0.28997900 4.37838000
0.29002900 4.37782000
0.29007900 4.37727000
0.29012900 4.37672000
0.29017900 4.37617000
0.29022900 4.37563000
0.29027900 4.37508000
0.29032900 4.37454000
0.29037900 4.37401000
0.29042900 4.37347000
0.29047900 4.37294000
0.29052900 4.37241000
0.29057900 4.37189000
0.29062900 4.37136000
0.29067900 4.37084000
0.29072900 4.37032000
0.29077900 4.36980000
0.29082900 4.36929000
0.29087900 4.36878000
0.29092900 4.36827000
0.29097900 4.36777000
0.29102900 4.36726000
0.29107900 4.36676000
0.29112900 4.36626000
0.29117900 4.36577000
0.29122900 4.36527000
0.29127900 4.36478000
0.29132900 4.36430000
0.29137900 4.36381000
0.29142900 4.36333000
0.29147900 4.36285000
0.29152900 4.36237000
0.29157900 4.36189000
0.29162900 4.36142000
0.29167900 4.36095000
0.29172900 4.36048000
0.29177900 4.36001000
0.29182900 4.35955000
0.29187900 4.35909000
0.29192900 4.35863000
0.29197900 4.35817000
0.29202900 4.35772000
0.29207900 4.35727000
0.29212900 4.35682000
0.29217900 4.35637000
0.29222900 4.35593000
0.29227900 4.35549000
0.29232900 4.35505000
0.29237900 4.35461000
0.29242900 4.35418000
0.29247900 4.35375000
0.29252900 4.35332000
0.29257900 4.35289000
0.29262900 4.35246000
0.29267900 4.35204000
0.29272900 4.35162000
0.29277900 4.35120000
0.29282900 4.35079000
0.29287900 4.35037000
0.29292900 4.34996000
0.29297900 4.34955000
0.29302900 4.34915000
0.29307900 4.34874000
0.29312900 4.34834000
0.29317900 4.34794000
0.29322900 4.34755000
0.29327900 4.34715000
0.29332900 4.34676000
0.29337900 4.34637000
0.29342900 4.34598000
0.29347900 4.34559000
0.29352900 4.34521000
0.29357900 4.34483000
0.29362900 4.34445000
0.29367900 4.34407000
0.29372900 4.34370000
0.29377900 4.34333000
0.29382900 4.34295000
0.29387900 4.34259000
0.29392900 4.34222000
0.29397900 4.34186000
0.29402900 4.34150000
0.29407900 4.34114000
0.29412900 4.34078000
0.29417900 4.34042000
0.29422900 4.34007000
0.29427900 4.33972000
0.29432900 4.33937000
0.29437900 4.33903000
0.29442900 4.33868000
0.29447900 4.33834000
0.29452900 4.33800000
0.29457900 4.33766000
0.29462900 4.33733000
0.29467900 4.33699000
0.29472900 4.33666000
0.29477900 4.33633000
0.29482900 4.33601000
0.29487900 4.33568000
0.29492900 4.33536000
0.29497900 4.33504000
0.29503000 4.33472000
0.29508000 4.33440000
0.29513000 4.33409000
0.29518000 4.33377000
0.29523000 4.33346000
0.29528000 4.33315000
0.29533000 4.33285000
0.29538000 4.33254000
0.29543000 4.33224000
0.29548000 4.33194000
0.29553000 4.33164000
0.29558000 4.33134000
0.29563000 4.33105000
0.29568000 4.33076000
0.29573000 4.33047000
0.29578000 4.33018000
0.29583000 4.32989000
0.29588000 4.32961000
0.29593000 4.32932000
0.29598000 4.32904000
0.29603000 4.32876000
0.29608000 4.32849000
0.29613000 4.32821000
0.29618000 4.32794000
0.29623000 4.32767000
0.29628000 4.32740000
0.29633000 4.32713000
0.29638000 4.32687000
0.29643000 4.32660000
0.29648000 4.32634000
0.29653000 4.32608000
0.29658000 4.32582000
0.29663000 4.32557000
0.29668000 4.32531000
0.29673000 4.32506000
0.29678000 4.32481000
0.29683000 4.32456000
0.29688000 4.32431000
0.29693000 4.32407000
0.29698000 4.32383000
0.29703000 4.32359000
0.29708000 4.32335000
0.29713000 4.32311000
0.29718000 4.32287000
0.29723000 4.32264000
0.29728000 4.32241000
0.29733000 4.32218000
0.29738000 4.32195000
0.29743000 4.32172000
0.29748000 4.32150000
0.29753000 4.32127000
0.29758000 4.32105000
0.29763000 4.32083000
0.29768000 4.32062000
0.29773000 4.32040000
0.29778000 4.32019000
0.29783000 4.31997000
0.29788000 4.31976000
0.29793000 4.31955000
0.29798000 4.31935000
0.29803000 4.31914000
0.29808000 4.31894000
0.29813000 4.31873000
0.29818000 4.31853000
0.29823000 4.31833000
0.29828000 4.31814000
0.29833000 4.31794000
0.29838000 4.31775000
0.29843000 4.31756000
0.29848000 4.31736000
0.29853000 4.31718000
0.29858000 4.31699000
0.29863000 4.31680000
0.29868000 4.31662000
0.29873000 4.31644000
0.29878000 4.31626000
0.29883000 4.31608000
0.29888000 4.31590000
0.29893000 4.31572000
0.29898000 4.31555000
0.29903000 4.31538000
0.29908000 4.31521000
0.29913000 4.31504000
0.29918000 4.31487000
0.29923000 4.31470000
0.29928000 4.31454000
0.29933000 4.31438000
0.29938000 4.31421000
0.29943000 4.31405000
0.29948000 4.31390000
0.29953000 4.31374000
0.29958000 4.31358000
0.29963000 4.31343000
0.29968000 4.31328000
0.29973000 4.31313000
0.29978000 4.31298000
0.29983000 4.31283000
0.29988000 4.31268000
0.29993000 4.31254000
0.29998000 4.31240000
0.30003000 4.31225000
0.30008000 4.31211000
0.30013000 4.31198000
0.30018000 4.31184000
0.30023000 4.31170000
0.30028000 4.31157000
0.30033000 4.31144000
0.30038000 4.31130000
0.30043000 4.31117000
0.30048000 4.31105000
0.30053000 4.31092000
0.30058000 4.31079000
0.30063000 4.31067000
0.30068000 4.31055000
0.30073000 4.31043000
0.30078000 4.31031000
0.30083000 4.31019000
0.30088000 4.31007000
0.30093000 4.30995000
0.30098000 4.30984000
0.30103000 4.30973000
0.30108000 4.30962000
0.30113000 4.30950000
0.30118000 4.30940000
0.30123000 4.30929000
0.30128000 4.30918000
0.30133000 4.30908000
0.30138000 4.30897000
0.30143000 4.30887000
0.30148000 4.30877000
0.30153000 4.30867000
0.30158000 4.30857000
0.30163000 4.30848000
0.30168000 4.30838000
0.30173000 4.30829000
0.30178000 4.30820000
0.30183000 4.30810000
0.30188000 4.30801000
0.30193000 4.30792000
0.30198000 4.30784000
0.30203000 4.30775000
0.30208000 4.30767000
0.30213000 4.30758000
0.30218000 4.30750000
0.30223000 4.30742000
0.30228000 4.30734000
0.30233000 4.30726000
0.30238000 4.30718000
0.30243000 4.30711000
0.30248000 4.30703000
0.30253000 4.30696000
0.30258000 4.30688000
0.30263000 4.30681000
0.30268000 4.30674000
0.30273000 4.30667000
0.30278000 4.30661000
0.30283000 4.30654000
0.30288000 4.30647000
0.30293000 4.30641000
0.30298000 4.30635000
0.30303000 4.30629000
0.30308000 4.30623000
0.30313000 4.30617000
0.30318000 4.30611000
0.30323000 4.30605000
0.30328000 4.30599000
0.30333000 4.30594000
0.30338000 4.30589000
0.30343000 4.30583000
0.30348000 4.30578000
0.30353000 4.30573000
0.30358000 4.30568000
0.30363000 4.30564000
0.30368000 4.30559000
0.30373000 4.30554000
0.30378000 4.30550000
0.30383000 4.30545000
0.30388000 4.30541000
0.30393000 4.30537000
0.30398000 4.30533000
0.30403000 4.30529000
0.30408000 4.30525000
0.30413000 4.30522000
0.30418000 4.30518000
0.30423000 4.30515000
0.30428000 4.30511000
0.30433000 4.30508000
0.30438000 4.30505000
0.30443000 4.30502000
0.30448000 4.30499000
0.30453000 4.30496000
0.30458000 4.30493000
0.30463000 4.30490000
0.30468000 4.30488000
0.30473000 4.30485000
0.30478000 4.30483000
0.30483000 4.30481000
0.30488000 4.30479000
0.30493000 4.30477000
0.30498000 4.30475000
0.30503100 4.30473000
0.30508100 4.30471000
0.30513100 4.30469000
0.30518100 4.30468000
0.30523100 4.30466000
0.30528100 4.30465000
0.30533100 4.30464000
0.30538100 4.30463000
0.30543100 4.30462000
0.30548100 4.30461000
0.30553100 4.30460000
0.30558100 4.30459000
0.30563100 4.30458000
0.30568100 4.30458000
0.30573100 4.30457000
0.30578100 4.30457000
0.30583100 4.30456000
0.30588100 4.30456000
0.30593100 4.30456000
0.30598100 4.30456000
0.30603100 4.30456000
0.30608100 4.30456000
0.30613100 4.30456000
0.30618100 4.30457000
0.30623100 4.30457000
0.30628100 4.30457000
0.30633100 4.30458000
0.30638100 4.30459000
0.30643100 4.30459000
0.30648100 4.30460000
0.30653100 4.30461000
0.30658100 4.30462000
0.30663100 4.30463000
0.30668100 4.30464000
0.30673100 4.30466000
0.30678100 4.30467000
0.30683100 4.30468000
0.30688100 4.30470000
0.30693100 4.30471000
0.30698100 4.30473000
0.30703100 4.30475000
0.30708100 4.30477000
0.30713100 4.30479000
0.30718100 4.30481000
0.30723100 4.30483000
0.30728100 4.30485000
0.30733100 4.30487000
0.30738100 4.30489000
0.30743100 4.30492000
0.30748100 4.30494000
0.30753100 4.30497000
0.30758100 4.30499000
0.30763100 4.30502000
0.30768100 4.30505000
0.30773100 4.30508000
0.30778100 4.30510000
0.30783100 4.30513000
0.30788100 4.30517000
0.30793100 4.30520000
0.30798100 4.30523000
0.30803100 4.30526000
0.30808100 4.30529000
0.30813100 4.30533000
0.30818100 4.30536000
0.30823100 4.30540000
0.30828100 4.30544000
0.30833100 4.30547000
0.30838100 4.30551000
0.30843100 4.30555000
0.30848100 4.30559000
0.30853100 4.30563000
0.30858100 4.30567000
0.30863100 4.30571000
0.30868100 4.30575000
0.30873100 4.30580000
0.30878100 4.30584000
0.30883100 4.30588000
0.30888100 4.30593000
0.30893100 4.30597000
0.30898100 4.30602000
0.30903100 4.30606000
0.30908100 4.30611000
0.30913100 4.30616000
0.30918100 4.30621000
0.30923100 4.30626000
0.30928100 4.30631000
0.30933100 4.30636000
0.30938100 4.30641000
0.30943100 4.30646000
0.30948100 4.30651000
0.30953100 4.30657000
0.30958100 4.30662000
0.30963100 4.30667000
0.30968100 4.30673000
0.30973100 4.30678000
0.30978100 4.30684000
0.30983100 4.30690000
0.30988100 4.30695000
0.30993100 4.30701000
0.30998100 4.30707000
0.31003100 4.30713000
0.31008100 4.30719000
0.31013100 4.30725000
0.31018100 4.30731000
0.31023100 4.30737000
0.31028100 4.30743000
0.31033100 4.30749000
0.31038100 4.30756000
0.31043100 4.30762000
0.31048100 4.30768000
0.31053100 4.30775000
0.31058100 4.30781000
0.31063100 4.30788000
0.31068100 4.30794000
0.31073100 4.30801000
0.31078100 4.30808000
0.31083100 4.30814000
0.31088100 4.30821000
0.31093100 4.30828000
0.31098100 4.30835000
0.31103100 4.30842000
0.31108100 4.30849000
0.31113100 4.30856000
0.31118100 4.30863000
0.31123100 4.30870000
0.31128100 4.30878000
0.31133100 4.30885000
0.31138100 4.30892000
0.31143100 4.30900000
0.31148100 4.30907000
0.31153100 4.30914000
0.31158100 4.30922000
0.31163100 4.30929000
0.31168100 4.30937000
0.31173100 4.30945000
0.31178100 4.30952000
0.31183100 4.30960000
0.31188100 4.30968000
0.31193100 4.30976000
0.31198100 4.30984000
0.31203100 4.30991000
0.31208100 4.30999000
0.31213100 4.31007000
0.31218100 4.31015000
0.31223100 4.31023000
0.31228100 4.31032000
0.31233100 4.31040000
0.31238100 4.31048000
0.31243100 4.31056000
0.31248100 4.31064000
0.31253100 4.31073000
0.31258100 4.31081000
0.31263100 4.31090000
0.31268100 4.31098000
0.31273100 4.31107000
0.31278100 4.31115000
0.31283100 4.31124000
0.31288100 4.31132000
0.31293100 4.31141000
0.31298100 4.31150000
0.31303100 4.31158000
0.31308100 4.31167000
0.31313100 4.31176000
0.31318100 4.31185000
0.31323100 4.31193000
0.31328100 4.31202000
0.31333100 4.31211000
0.31338100 4.31220000
0.31343100 4.31229000
0.31348100 4.31238000
0.31353100 4.31247000
0.31358100 4.31256000
0.31363100 4.31266000
0.31368100 4.31275000
0.31373100 4.31284000
0.31378100 4.31293000
0.31383100 4.31303000
0.31388100 4.31312000
0.31393100 4.31321000
0.31398100 4.31331000
0.31403100 4.31340000
0.31408100 4.31349000
0.31413100 4.31359000
0.31418100 4.31368000
0.31423100 4.31378000
0.31428100 4.31387000
0.31433100 4.31397000
0.31438100 4.31407000
0.31443100 4.31416000
0.31448100 4.31426000
0.31453100 4.31436000
0.31458100 4.31445000
0.31463100 4.31455000
0.31468100 4.31465000
0.31473100 4.31475000
0.31478100 4.31485000
0.31483100 4.31494000
0.31488100 4.31504000
0.31493100 4.31514000
0.31498100 4.31524000
0.31503200 4.31534000
0.31508200 4.31544000
0.31513200 4.31554000
0.31518200 4.31564000
0.31523200 4.31574000
0.31528200 4.31584000
0.31533200 4.31595000
0.31538200 4.31605000
0.31543200 4.31615000
0.31548200 4.31625000
0.31553200 4.31635000
0.31558200 4.31646000
0.31563200 4.31656000
0.31568200 4.31666000
0.31573200 4.31676000
0.31578200 4.31687000
0.31583200 4.31697000
0.31588200 4.31707000
0.31593200 4.31718000
0.31598200 4.31728000
0.31603200 4.31739000
0.31608200 4.31749000
0.31613200 4.31760000
0.31618200 4.31770000
0.31623200 4.31781000
0.31628200 4.31791000
0.31633200 4.31802000
0.31638200 4.31812000
0.31643200 4.31823000
0.31648200 4.31833000
0.31653200 4.31844000
0.31658200 4.31855000
0.31663200 4.31865000
0.31668200 4.31876000
0.31673200 4.31887000
0.31678200 4.31898000
0.31683200 4.31908000
0.31688200 4.31919000
0.31693200 4.31930000
0.31698200 4.31941000
0.31703200 4.31951000
0.31708200 4.31962000
0.31713200 4.31973000
0.31718200 4.31984000
0.31723200 4.31995000
0.31728200 4.32006000
0.31733200 4.32016000
0.31738200 4.32027000
0.31743200 4.32038000
0.31748200 4.32049000
0.31753200 4.32060000
0.31758200 4.32071000
0.31763200 4.32082000
0.31768200 4.32093000
0.31773200 4.32104000
0.31778200 4.32115000
0.31783200 4.32126000
0.31788200 4.32137000
0.31793200 4.32148000
0.31798200 4.32159000
0.31803200 4.32170000
0.31808200 4.32181000
0.31813200 4.32192000
0.31818200 4.32203000
0.31823200 4.32214000
0.31828200 4.32226000
0.31833200 4.32237000
0.31838200 4.32248000
0.31843200 4.32259000
0.31848200 4.32270000
0.31853200 4.32281000
0.31858200 4.32292000
0.31863200 4.32304000
0.31868200 4.32315000
0.31873200 4.32326000
0.31878200 4.32337000
0.31883200 4.32348000
0.31888200 4.32360000
0.31893200 4.32371000
0.31898200 4.32382000
0.31903200 4.32393000
0.31908200 4.32404000
0.31913200 4.32416000
0.31918200 4.32427000
0.31923200 4.32438000
0.31928200 4.32449000
0.31933200 4.32461000
0.31938200 4.32472000
0.31943200 4.32483000
0.31948200 4.32495000
0.31953200 4.32506000
0.31958200 4.32517000
0.31963200 4.32528000
0.31968200 4.32540000
0.31973200 4.32551000
0.31978200 4.32562000
0.31983200 4.32574000
0.31988200 4.32585000
0.31993200 4.32596000
0.31998200 4.32608000
0.32003200 4.32619000
0.32008200 4.32630000
0.32013200 4.32641000
0.32018200 4.32653000
0.32023200 4.32664000
0.32028200 4.32675000
0.32033200 4.32687000
0.32038200 4.32698000
0.32043200 4.32709000
0.32048200 4.32721000
0.32053200 4.32732000
0.32058200 4.32743000
0.32063200 4.32755000
0.32068200 4.32766000
0.32073200 4.32777000
0.32078200 4.32789000
0.32083200 4.32800000
0.32088200 4.32811000
0.32093200 4.32823000
0.32098200 4.32834000
0.32103200 4.32845000
0.32108200 4.32857000
0.32113200 4.32868000
0.32118200 4.32879000
0.32123200 4.32891000
0.32128200 4.32902000
0.32133200 4.32913000
0.32138200 4.32925000
0.32143200 4.32936000
0.32148200 4.32947000
0.32153200 4.32959000
0.32158200 4.32970000
0.32163200 4.32981000
0.32168200 4.32992000
0.32173200 4.33004000
0.32178200 4.33015000
0.32183200 4.33026000
0.32188200 4.33038000
0.32193200 4.33049000
0.32198200 4.33060000
0.32203200 4.33071000
0.32208200 4.33083000
0.32213200 4.33094000
0.32218200 4.33105000
0.32223200 4.33116000
0.32228200 4.33128000
0.32233200 4.33139000
0.32238200 4.33150000
0.32243200 4.33161000
0.32248200 4.33173000
0.32253200 4.33184000
0.32258200 4.33195000
0.32263200 4.33206000
0.32268200 4.33217000
0.32273200 4.33229000
0.32278200 4.33240000
0.32283200 4.33251000
0.32288200 4.33262000
0.32293200 4.33273000
0.32298200 4.33284000
0.32303200 4.33295000
0.32308200 4.33307000
0.32313200 4.33318000
0.32318200 4.33329000
0.32323200 4.33340000
0.32328200 4.33351000
0.32333200 4.33362000
0.32338200 4.33373000
0.32343200 4.33384000
0.32348200 4.33395000
0.32353200 4.33406000
0.32358200 4.33417000
0.32363200 4.33428000
0.32368200 4.33439000
0.32373200 4.33450000
0.32378200 4.33461000
0.32383200 4.33472000
0.32388200 4.33483000
0.32393200 4.33494000
0.32398200 4.33505000
0.32403200 4.33516000
0.32408200 4.33527000
0.32413200 4.33538000
0.32418200 4.33549000
0.32423200 4.33560000
0.32428200 4.33571000
0.32433200 4.33582000
0.32438200 4.33592000
0.32443200 4.33603000
0.32448200 4.33614000
0.32453200 4.33625000
0.32458200 4.33636000
0.32463200 4.33647000
0.32468200 4.33657000
0.32473200 4.33668000
0.32478200 4.33679000
0.32483200 4.33690000
0.32488200 4.33700000
0.32493200 4.33711000
0.32498200 4.33722000
0.32503300 4.33732000
0.32508300 4.33743000
0.32513300 4.33754000
0.32518300 4.33764000
0.32523300 4.33775000
0.32528300 4.33786000
0.32533300 4.33796000
0.32538300 4.33807000
0.32543300 4.33817000
0.32548300 4.33828000
0.32553300 4.33839000
0.32558300 4.33849000
0.32563300 4.33860000
0.32568300 4.33870000
0.32573300 4.33881000
0.32578300 4.33891000
0.32583300 4.33902000
0.32588300 4.33912000
0.32593300 4.33922000
0.32598300 4.33933000
0.32603300 4.33943000
0.32608300 4.33954000
0.32613300 4.33964000
0.32618300 4.33974000
0.32623300 4.33985000
0.32628300 4.33995000
0.32633300 4.34005000
0.32638300 4.34015000
0.32643300 4.34026000
0.32648300 4.34036000
0.32653300 4.34046000
0.32658300 4.34056000
0.32663300 4.34066000
0.32668300 4.34077000
0.32673300 4.34087000
0.32678300 4.34097000
0.32683300 4.34107000
0.32688300 4.34117000
0.32693300 4.34127000
0.32698300 4.34137000
0.32703300 4.34147000
0.32708300 4.34157000
0.32713300 4.34167000
0.32718300 4.34177000
0.32723300 4.34187000
0.32728300 4.34197000
0.32733300 4.34207000
0.32738300 4.34217000
0.32743300 4.34227000
0.32748300 4.34237000
0.32753300 4.34246000
0.32758300 4.34256000
0.32763300 4.34266000
0.32768300 4.34276000
0.32773300 4.34286000
0.32778300 4.34295000
0.32783300 4.34305000
0.32788300 4.34315000
0.32793300 4.34324000
0.32798300 4.34334000
0.32803300 4.34344000
0.32808300 4.34353000
0.32813300 4.34363000
0.32818300 4.34372000
0.32823300 4.34382000
0.32828300 4.34392000
0.32833300 4.34401000
0.32838300 4.34411000
0.32843300 4.34420000
0.32848300 4.34429000
0.32853300 4.34439000
0.32858300 4.34448000
0.32863300 4.34458000
0.32868300 4.34467000
0.32873300 4.34476000
0.32878300 4.34486000
0.32883300 4.34495000
0.32888300 4.34504000
0.32893300 4.34513000
0.32898300 4.34523000
0.32903300 4.34532000
0.32908300 4.34541000
0.32913300 4.34550000
0.32918300 4.34559000
0.32923300 4.34568000
0.32928300 4.34577000
0.32933300 4.34586000
0.32938300 4.34595000
0.32943300 4.34604000
0.32948300 4.34613000
0.32953300 4.34622000
0.32958300 4.34631000
0.32963300 4.34640000
0.32968300 4.34649000
0.32973300 4.34658000
0.32978300 4.34667000
0.32983300 4.34676000
0.32988300 4.34684000
0.32993300 4.34693000
0.32998300 4.34702000
0.33003300 4.34711000
0.33008300 4.34719000
0.33013300 4.34728000
0.33018300 4.34737000
0.33023300 4.34745000
0.33028300 4.34754000
0.33033300 4.34762000
0.33038300 4.34771000
0.33043300 4.34779000
0.33048300 4.34788000
0.33053300 4.34796000
0.33058300 4.34805000
0.33063300 4.34813000
0.33068300 4.34822000
0.33073300 4.34830000
0.33078300 4.34838000
0.33083300 4.34847000
0.33088300 4.34855000
0.33093300 4.34863000
0.33098300 4.34871000
0.33103300 4.34879000
0.33108300 4.34888000
0.33113300 4.34896000
0.33118300 4.34904000
0.33123300 4.34912000
0.33128300 4.34920000
0.33133300 4.34928000
0.33138300 4.34936000
0.33143300 4.34944000
0.33148300 4.34952000
0.33153300 4.34960000
0.33158300 4.34968000
0.33163300 4.34976000
0.33168300 4.34984000
0.33173300 4.34991000
0.33178300 4.34999000
0.33183300 4.35007000
0.33188300 4.35015000
0.33193300 4.35022000
0.33198300 4.35030000
0.33203300 4.35038000
0.33208300 4.35045000
0.33213300 4.35053000
0.33218300 4.35060000
0.33223300 4.35068000
0.33228300 4.35075000
0.33233300 4.35083000
0.33238300 4.35090000
0.33243300 4.35098000
0.33248300 4.35105000
0.33253300 4.35113000
0.33258300 4.35120000
0.33263300 4.35127000
0.33268300 4.35135000
0.33273300 4.35142000
0.33278300 4.35149000
0.33283300 4.35156000
0.33288300 4.35163000
0.33293300 4.35170000
0.33298300 4.35178000
0.33303300 4.35185000
0.33308300 4.35192000
0.33313300 4.35199000
0.33318300 4.35206000
0.33323300 4.35213000
0.33328300 4.35220000
0.33333300 4.35226000
0.33338300 4.35233000
0.33343300 4.35240000
0.33348300 4.35247000
0.33353300 4.35254000
0.33358300 4.35260000
0.33363300 4.35267000
0.33368300 4.35274000
0.33373300 4.35281000
0.33378300 4.35287000
0.33383300 4.35294000
0.33388300 4.35300000
0.33393300 4.35307000
0.33398300 4.35313000
0.33403300 4.35320000
0.33408300 4.35326000
0.33413300 4.35333000
0.33418300 4.35339000
0.33423300 4.35345000
0.33428300 4.35352000
0.33433300 4.35358000
0.33438300 4.35364000
0.33443300 4.35370000
0.33448300 4.35377000
0.33453300 4.35383000
0.33458300 4.35389000
0.33463300 4.35395000
0.33468300 4.35401000
0.33473300 4.35407000
0.33478300 4.35413000
0.33483300 4.35419000
0.33488300 4.35425000
0.33493300 4.35431000
0.33498300 4.35437000
0.33503400 4.35443000
0.33508400 4.35449000
0.33513400 4.35454000
0.33518400 4.35460000
0.33523400 4.35466000
0.33528400 4.35471000
0.33533400 4.35477000
0.33538400 4.35483000
0.33543400 4.35488000
0.33548400 4.35494000
0.33553400 4.35499000
0.33558400 4.35505000
0.33563400 4.35510000
0.33568400 4.35516000
0.33573400 4.35521000
0.33578400 4.35526000
0.33583400 4.35532000
0.33588400 4.35537000
0.33593400 4.35542000
0.33598400 4.35548000
0.33603400 4.35553000
0.33608400 4.35558000
0.33613400 4.35563000
0.33618400 4.35568000
0.33623400 4.35573000
0.33628400 4.35578000
0.33633400 4.35583000
0.33638400 4.35588000
0.33643400 4.35593000
0.33648400 4.35598000
0.33653400 4.35603000
0.33658400 4.35608000
0.33663400 4.35613000
0.33668400 4.35617000
0.33673400 4.35622000
0.33678400 4.35627000
0.33683400 4.35631000
0.33688400 4.35636000
0.33693400 4.35641000
0.33698400 4.35645000
0.33703400 4.35650000
0.33708400 4.35654000
0.33713400 4.35659000
0.33718400 4.35663000
0.33723400 4.35667000
0.33728400 4.35672000
0.33733400 4.35676000
0.33738400 4.35680000
0.33743400 4.35685000
0.33748400 4.35689000
0.33753400 4.35693000
0.33758400 4.35697000
0.33763400 4.35701000
0.33768400 4.35705000
0.33773400 4.35710000
0.33778400 4.35714000
0.33783400 4.35718000
0.33788400 4.35721000
0.33793400 4.35725000
0.33798400 4.35729000
0.33803400 4.35733000
0.33808400 4.35737000
0.33813400 4.35741000
0.33818400 4.35744000
0.33823400 4.35748000
0.33828400 4.35752000
0.33833400 4.35755000
0.33838400 4.35759000
0.33843400 4.35763000
0.33848400 4.35766000
0.33853400 4.35770000
0.33858400 4.35773000
0.33863400 4.35776000
0.33868400 4.35780000
0.33873400 4.35783000
0.33878400 4.35787000
0.33883400 4.35790000
0.33888400 4.35793000
0.33893400 4.35796000
0.33898400 4.35799000
0.33903400 4.35803000
0.33908400 4.35806000
0.33913400 4.35809000
0.33918400 4.35812000
0.33923400 4.35815000
0.33928400 4.35818000
0.33933400 4.35821000
0.33938400 4.35824000
0.33943400 4.35826000
0.33948400 4.35829000
0.33953400 4.35832000
0.33958400 4.35835000
0.33963400 4.35837000
0.33968400 4.35840000
0.33973400 4.35843000
0.33978400 4.35845000
0.33983400 4.35848000
0.33988400 4.35850000
0.33993400 4.35853000
0.33998400 4.35855000
0.34003400 4.35858000
0.34008400 4.35860000
0.34013400 4.35863000
0.34018400 4.35865000
0.34023400 4.35867000
0.34028400 4.35869000
0.34033400 4.35872000
0.34038400 4.35874000
0.34043400 4.35876000
0.34048400 4.35878000
0.34053400 4.35880000
0.34058400 4.35882000
0.34063400 4.35884000
0.34068400 4.35886000
0.34073400 4.35888000
0.34078400 4.35890000
0.34083400 4.35892000
0.34088400 4.35894000
0.34093400 4.35895000
0.34098400 4.35897000
0.34103400 4.35899000
0.34108400 4.35900000
0.34113400 4.35902000
0.34118400 4.35904000
0.34123400 4.35905000
0.34128400 4.35907000
0.34133400 4.35908000
0.34138400 4.35910000
0.34143400 4.35911000
0.34148400 4.35912000
0.34153400 4.35914000
0.34158400 4.35915000
0.34163400 4.35916000
0.34168400 4.35917000
0.34173400 4.35919000
0.34178400 4.35920000
0.34183400 4.35921000
0.34188400 4.35922000
0.34193400 4.35923000
0.34198400 4.35924000
0.34203400 4.35925000
0.34208400 4.35926000
0.34213400 4.35927000
0.34218400 4.35928000
0.34223400 4.35928000
0.34228400 4.35929000
0.34233400 4.35930000
0.34238400 4.35931000
0.34243400 4.35931000
0.34248400 4.35932000
0.34253400 4.35932000
0.34258400 4.35933000
0.34263400 4.35933000
0.34268400 4.35934000
0.34273400 4.35934000
0.34278400 4.35935000
0.34283400 4.35935000
0.34288400 4.35935000
0.34293400 4.35936000
0.34298400 4.35936000
0.34303400 4.35936000
0.34308400 4.35936000
0.34313400 4.35936000
0.34318400 4.35936000
0.34323400 4.35937000
0.34328400 4.35937000
0.34333400 4.35937000
0.34338400 4.35936000
0.34343400 4.35936000
0.34348400 4.35936000
0.34353400 4.35936000
0.34358400 4.35936000
0.34363400 4.35936000
0.34368400 4.35935000
0.34373400 4.35935000
0.34378400 4.35935000
0.34383400 4.35934000
0.34388400 4.35934000
0.34393400 4.35933000
0.34398400 4.35933000
0.34403400 4.35932000
0.34408400 4.35932000
0.34413400 4.35931000
0.34418400 4.35930000
0.34423400 4.35930000
0.34428400 4.35929000
0.34433400 4.35928000
0.34438400 4.35927000
0.34443400 4.35926000
0.34448400 4.35926000
0.34453400 4.35925000
0.34458400 4.35924000
0.34463400 4.35923000
0.34468400 4.35922000
0.34473400 4.35921000
0.34478400 4.35919000
0.34483400 4.35918000
0.34488400 4.35917000
0.34493400 4.35916000
0.34498400 4.35914000
0.34503500 4.35913000
0.34508500 4.35912000
0.34513500 4.35910000
0.34518500 4.35909000
0.34523500 4.35908000
0.34528500 4.35906000
0.34533500 4.35904000
0.34538500 4.35903000
0.34543500 4.35901000
0.34548500 4.35900000
0.34553500 4.35898000
0.34558500 4.35896000
0.34563500 4.35894000
0.34568500 4.35893000
0.34573500 4.35891000
0.34578500 4.35889000
0.34583500 4.35887000
0.34588500 4.35885000
0.34593500 4.35883000
0.34598500 4.35881000
0.34603500 4.35879000
0.34608500 4.35877000
0.34613500 4.35874000
0.34618500 4.35872000
0.34623500 4.35870000
0.34628500 4.35868000
0.34633500 4.35865000
0.34638500 4.35863000
0.34643500 4.35861000
0.34648500 4.35858000
0.34653500 4.35856000
0.34658500 4.35853000
0.34663500 4.35851000
0.34668500 4.35848000
0.34673500 4.35845000
0.34678500 4.35843000
0.34683500 4.35840000
0.34688500 4.35837000
0.34693500 4.35834000
0.34698500 4.35832000
0.34703500 4.35829000
0.34708500 4.35826000
0.34713500 4.35823000
0.34718500 4.35820000
0.34723500 4.35817000
0.34728500 4.35814000
0.34733500 4.35811000
0.34738500 4.35807000
0.34743500 4.35804000
0.34748500 4.35801000
0.34753500 4.35798000
0.34758500 4.35795000
0.34763500 4.35791000
0.34768500 4.35788000
0.34773500 4.35784000
0.34778500 4.35781000
0.34783500 4.35777000
0.34788500 4.35774000
0.34793500 4.35770000
0.34798500 4.35767000
0.34803500 4.35763000
0.34808500 4.35759000
0.34813500 4.35756000
0.34818500 4.35752000
0.34823500 4.35748000
0.34828500 4.35744000
0.34833500 4.35740000
0.34838500 4.35736000
0.34843500 4.35732000
0.34848500 4.35728000
0.34853500 4.35724000
0.34858500 4.35720000
0.34863500 4.35716000
0.34868500 4.35712000
0.34873500 4.35708000
0.34878500 4.35704000
0.34883500 4.35699000
0.34888500 4.35695000
0.34893500 4.35691000
0.34898500 4.35686000
0.34903500 4.35682000
0.34908500 4.35677000
0.34913500 4.35673000
0.34918500 4.35668000
0.34923500 4.35664000
0.34928500 4.35659000
0.34933500 4.35654000
0.34938500 4.35650000
0.34943500 4.35645000
0.34948500 4.35640000
0.34953500 4.35635000
0.34958500 4.35630000
0.34963500 4.35625000
0.34968500 4.35620000
0.34973500 4.35615000
0.34978500 4.35610000
0.34983500 4.35605000
0.34988500 4.35600000
0.34993500 4.35595000
0.34998500 4.35590000
0.35003500 4.35585000
0.35008500 4.35579000
0.35013500 4.35574000
0.35018500 4.35569000
0.35023500 4.35563000
0.35028500 4.35558000
0.35033500 4.35552000
0.35038500 4.35547000
0.35043500 4.35541000
0.35048500 4.35536000
0.35053500 4.35530000
0.35058500 4.35525000
0.35063500 4.35519000
0.35068500 4.35513000
0.35073500 4.35507000
0.35078500 4.35502000
0.35083500 4.35496000
0.35088500 4.35490000
0.35093500 4.35484000
0.35098500 4.35478000
0.35103500 4.35472000
0.35108500 4.35466000
0.35113500 4.35460000
0.35118500 4.35454000
0.35123500 4.35447000
0.35128500 4.35441000
0.35133500 4.35435000
0.35138500 4.35429000
0.35143500 4.35422000
0.35148500 4.35416000
0.35153500 4.35409000
0.35158500 4.35403000
0.35163500 4.35396000
0.35168500 4.35390000
0.35173500 4.35383000
0.35178500 4.35377000
0.35183500 4.35370000
0.35188500 4.35363000
0.35193500 4.35357000
0.35198500 4.35350000
0.35203500 4.35343000
0.35208500 4.35336000
0.35213500 4.35329000
0.35218500 4.35322000
0.35223500 4.35315000
0.35228500 4.35308000
0.35233500 4.35301000
0.35238500 4.35294000
0.35243500 4.35287000
0.35248500 4.35280000
0.35253500 4.35273000
0.35258500 4.35265000
0.35263500 4.35258000
0.35268500 4.35251000
0.35273500 4.35243000
0.35278500 4.35236000
0.35283500 4.35229000
0.35288500 4.35221000
0.35293500 4.35214000
0.35298500 4.35206000
0.35303500 4.35198000
0.35308500 4.35191000
0.35313500 4.35183000
0.35318500 4.35175000
0.35323500 4.35168000
0.35328500 4.35160000
0.35333500 4.35152000
0.35338500 4.35144000
0.35343500 4.35136000
0.35348500 4.35128000
0.35353500 4.35120000
0.35358500 4.35112000
0.35363500 4.35104000
0.35368500 4.35096000
0.35373500 4.35088000
0.35378500 4.35080000
0.35383500 4.35071000
0.35388500 4.35063000
0.35393500 4.35055000
0.35398500 4.35046000
0.35403500 4.35038000
0.35408500 4.35029000
0.35413500 4.35021000
0.35418500 4.35012000
0.35423500 4.35004000
0.35428500 4.34995000
0.35433500 4.34987000
0.35438500 4.34978000
0.35443500 4.34969000
0.35448500 4.34960000
0.35453500 4.34952000
0.35458500 4.34943000
0.35463500 4.34934000
0.35468500 4.34925000
0.35473500 4.34916000
0.35478500 4.34907000
0.35483500 4.34898000
0.35488500 4.34889000
0.35493500 4.34880000
0.35498500 4.34871000
0.35503600 4.34861000
0.35508600 4.34852000
0.35513600 4.34843000
0.35518600 4.34834000
0.35523600 4.34824000
0.35528600 4.34815000
0.35533600 4.34805000
0.35538600 4.34796000
0.35543600 4.34786000
0.35548600 4.34777000
0.35553600 4.34767000
0.35558600 4.34758000
0.35563600 4.34748000
0.35568600 4.34738000
0.35573600 4.34729000
0.35578600 4.34719000
0.35583600 4.34709000
0.35588600 4.34699000
0.35593600 4.34689000
0.35598600 4.34679000
0.35603600 4.34669000
0.35608600 4.34659000
0.35613600 4.34649000
0.35618600 4.34639000
0.35623600 4.34629000
0.35628600 4.34619000
0.35633600 4.34608000
0.35638600 4.34598000
0.35643600 4.34588000
0.35648600 4.34577000
0.35653600 4.34567000
0.35658600 4.34557000
0.35663600 4.34546000
0.35668600 4.34536000
0.35673600 4.34525000
0.35678600 4.34514000
0.35683600 4.34504000
0.35688600 4.34493000
0.35693600 4.34482000
0.35698600 4.34472000
0.35703600 4.34461000
0.35708600 4.34450000
0.35713600 4.34439000
0.35718600 4.34428000
0.35723600 4.34417000
0.35728600 4.34406000
0.35733600 4.34395000
0.35738600 4.34384000
0.35743600 4.34373000
0.35748600 4.34362000
0.35753600 4.34351000
0.35758600 4.34340000
0.35763600 4.34328000
0.35768600 4.34317000
0.35773600 4.34306000
0.35778600 4.34294000
0.35783600 4.34283000
0.35788600 4.34271000
0.35793600 4.34260000
0.35798600 4.34248000
0.35803600 4.34237000
0.35808600 4.34225000
0.35813600 4.34214000
0.35818600 4.34202000
0.35823600 4.34190000
0.35828600 4.34178000
0.35833600 4.34167000
0.35838600 4.34155000
0.35843600 4.34143000
0.35848600 4.34131000
0.35853600 4.34119000
0.35858600 4.34107000
0.35863600 4.34095000
0.35868600 4.34083000
0.35873600 4.34071000
0.35878600 4.34058000
0.35883600 4.34046000
0.35888600 4.34034000
0.35893600 4.34022000
0.35898600 4.34009000
0.35903600 4.33997000
0.35908600 4.33985000
0.35913600 4.33972000
0.35918600 4.33960000
0.35923600 4.33947000
0.35928600 4.33935000
0.35933600 4.33922000
0.35938600 4.33909000
0.35943600 4.33897000
0.35948600 4.33884000
0.35953600 4.33871000
0.35958600 4.33858000
0.35963600 4.33845000
0.35968600 4.33833000
0.35973600 4.33820000
0.35978600 4.33807000
0.35983600 4.33794000
0.35988600 4.33781000
0.35993600 4.33768000
0.35998600 4.33754000
0.36003600 4.33741000
0.36008600 4.33728000
0.36013600 4.33715000
0.36018600 4.33702000
0.36023600 4.33688000
0.36028600 4.33675000
0.36033600 4.33661000
0.36038600 4.33648000
0.36043600 4.33635000
0.36048600 4.33621000
0.36053600 4.33608000
0.36058600 4.33594000
0.36063600 4.33580000
0.36068600 4.33567000
0.36073600 4.33553000
0.36078600 4.33539000
0.36083600 4.33525000
0.36088600 4.33512000
0.36093600 4.33498000
0.36098600 4.33484000
0.36103600 4.33470000
0.36108600 4.33456000
0.36113600 4.33442000
0.36118600 4.33428000
0.36123600 4.33414000
0.36128600 4.33400000
0.36133600 4.33385000
0.36138600 4.33371000
0.36143600 4.33357000
0.36148600 4.33343000
0.36153600 4.33328000
0.36158600 4.33314000
0.36163600 4.33299000
0.36168600 4.33285000
0.36173600 4.33270000
0.36178600 4.33256000
0.36183600 4.33241000
0.36188600 4.33227000
0.36193600 4.33212000
0.36198600 4.33197000
0.36203600 4.33183000
0.36208600 4.33168000
0.36213600 4.33153000
0.36218600 4.33138000
0.36223600 4.33123000
0.36228600 4.33108000
0.36233600 4.33094000
0.36238600 4.33079000
0.36243600 4.33063000
0.36248600 4.33048000
0.36253600 4.33033000
0.36258600 4.33018000
0.36263600 4.33003000
0.36268600 4.32988000
0.36273600 4.32972000
0.36278600 4.32957000
0.36283600 4.32942000
0.36288600 4.32926000
0.36293600 4.32911000
0.36298600 4.32895000
0.36303600 4.32880000
0.36308600 4.32864000
0.36313600 4.32849000
0.36318600 4.32833000
0.36323600 4.32818000
0.36328600 4.32802000
0.36333600 4.32786000
0.36338600 4.32770000
0.36343600 4.32755000
0.36348600 4.32739000
0.36353600 4.32723000
0.36358600 4.32707000
0.36363600 4.32691000
0.36368600 4.32675000
0.36373600 4.32659000
0.36378600 4.32643000
0.36383600 4.32627000
0.36388600 4.32610000
0.36393600 4.32594000
0.36398600 4.32578000
0.36403600 4.32562000
0.36408600 4.32545000
0.36413600 4.32529000
0.36418600 4.32513000
0.36423600 4.32496000
0.36428600 4.32480000
0.36433600 4.32463000
0.36438600 4.32447000
0.36443600 4.32430000
0.36448600 4.32413000
0.36453600 4.32397000
0.36458600 4.32380000
0.36463600 4.32363000
0.36468600 4.32346000
0.36473600 4.32330000
0.36478600 4.32313000
0.36483600 4.32296000
0.36488600 4.32279000
0.36493600 4.32262000
0.36498600 4.32245000
0.36503700 4.32228000
0.36508700 4.32211000
0.36513700 4.32194000
0.36518700 4.32177000
0.36523700 4.32159000
0.36528700 4.32142000
0.36533700 4.32125000
0.36538700 4.32107000
0.36543700 4.32090000
0.36548700 4.32073000
0.36553700 4.32055000
0.36558700 4.32038000
0.36563700 4.32020000
0.36568700 4.32003000
0.36573700 4.31985000
0.36578700 4.31967000
0.36583700 4.31950000
0.36588700 4.31932000
0.36593700 4.31914000
0.36598700 4.31897000
0.36603700 4.31879000
0.36608700 4.31861000
0.36613700 4.31843000
0.36618700 4.31825000
0.36623700 4.31807000
0.36628700 4.31789000
0.36633700 4.31771000
0.36638700 4.31753000
0.36643700 4.31735000
0.36648700 4.31717000
0.36653700 4.31698000
0.36658700 4.31680000
0.36663700 4.31662000
0.36668700 4.31644000
0.36673700 4.31625000
0.36678700 4.31607000
0.36683700 4.31588000
0.36688700 4.31570000
0.36693700 4.31551000
0.36698700 4.31533000
0.36703700 4.31514000
0.36708700 4.31496000
0.36713700 4.31477000
0.36718700 4.31458000
0.36723700 4.31440000
0.36728700 4.31421000
0.36733700 4.31402000
0.36738700 4.31383000
0.36743700 4.31364000
0.36748700 4.31345000
0.36753700 4.31326000
0.36758700 4.31307000
0.36763700 4.31288000
0.36768700 4.31269000
0.36773700 4.31250000
0.36778700 4.31231000
0.36783700 4.31212000
0.36788700 4.31192000
0.36793700 4.31173000
0.36798700 4.31154000
0.36803700 4.31135000
0.36808700 4.31115000
0.36813700 4.31096000
0.36818700 4.31076000
0.36823700 4.31057000
0.36828700 4.31037000
0.36833700 4.31018000
0.36838700 4.30998000
0.36843700 4.30978000
0.36848700 4.30959000
0.36853700 4.30939000
0.36858700 4.30919000
0.36863700 4.30899000
0.36868700 4.30880000
0.36873700 4.30860000
0.36878700 4.30840000
0.36883700 4.30820000
0.36888700 4.30800000
0.36893700 4.30780000
0.36898700 4.30760000
0.36903700 4.30740000
0.36908700 4.30720000
0.36913700 4.30699000
0.36918700 4.30679000
0.36923700 4.30659000
0.36928700 4.30639000
0.36933700 4.30618000
0.36938700 4.30598000
0.36943700 4.30578000
0.36948700 4.30557000
0.36953700 4.30537000
0.36958700 4.30516000
0.36963700 4.30496000
0.36968700 4.30475000
0.36973700 4.30454000
0.36978700 4.30434000
0.36983700 4.30413000
0.36988700 4.30392000
0.36993700 4.30371000
0.36998700 4.30351000
0.37003700 4.30330000
0.37008700 4.30309000
0.37013700 4.30288000
0.37018700 4.30267000
0.37023700 4.30246000
0.37028700 4.30225000
0.37033700 4.30204000
0.37038700 4.30183000
0.37043700 4.30162000
0.37048700 4.30141000
0.37053700 4.30119000
0.37058700 4.30098000
0.37063700 4.30077000
0.37068700 4.30055000
0.37073700 4.30034000
0.37078700 4.30013000
0.37083700 4.29991000
0.37088700 4.29970000
0.37093700 4.29948000
0.37098700 4.29927000
0.37103700 4.29905000
0.37108700 4.29883000
0.37113700 4.29862000
0.37118700 4.29840000
0.37123700 4.29818000
0.37128700 4.29797000
0.37133700 4.29775000
0.37138700 4.29753000
0.37143700 4.29731000
0.37148700 4.29709000
0.37153700 4.29687000
0.37158700 4.29665000
0.37163700 4.29643000
0.37168700 4.29621000
0.37173700 4.29599000
0.37178700 4.29577000
0.37183700 4.29555000
0.37188700 4.29532000
0.37193700 4.29510000
0.37198700 4.29488000
0.37203700 4.29465000
0.37208700 4.29443000
0.37213700 4.29421000
0.37218700 4.29398000
0.37223700 4.29376000
0.37228700 4.29353000
0.37233700 4.29331000
0.37238700 4.29308000
0.37243700 4.29285000
0.37248700 4.29263000
0.37253700 4.29240000
0.37258700 4.29217000
0.37263700 4.29195000
0.37268700 4.29172000
0.37273700 4.29149000
0.37278700 4.29126000
0.37283700 4.29103000
0.37288700 4.29080000
0.37293700 4.29057000
0.37298700 4.29034000
0.37303700 4.29011000
0.37308700 4.28988000
0.37313700 4.28965000
0.37318700 4.28942000
0.37323700 4.28919000
0.37328700 4.28895000
0.37333700 4.28872000
0.37338700 4.28849000
0.37343700 4.28825000
0.37348700 4.28802000
0.37353700 4.28778000
0.37358700 4.28755000
0.37363700 4.28732000
0.37368700 4.28708000
0.37373700 4.28684000
0.37378700 4.28661000
0.37383700 4.28637000
0.37388700 4.28613000
0.37393700 4.28590000
0.37398700 4.28566000
0.37403700 4.28542000
0.37408700 4.28518000
0.37413700 4.28495000
0.37418700 4.28471000
0.37423700 4.28447000
0.37428700 4.28423000
0.37433700 4.28399000
0.37438700 4.28375000
0.37443700 4.28351000
0.37448700 4.28327000
0.37453700 4.28302000
0.37458700 4.28278000
0.37463700 4.28254000
0.37468700 4.28230000
0.37473700 4.28205000
0.37478700 4.28181000
0.37483700 4.28157000
0.37488700 4.28132000
0.37493700 4.28108000
0.37498700 4.28083000
0.37503800 4.28059000
0.37508800 4.28034000
0.37513800 4.28010000
0.37518800 4.27985000
0.37523800 4.27960000
0.37528800 4.27936000
0.37533800 4.27911000
0.37538800 4.27886000
0.37543800 4.27862000
0.37548800 4.27837000
0.37553800 4.27812000
0.37558800 4.27787000
0.37563800 4.27762000
0.37568800 4.27737000
0.37573800 4.27712000
0.37578800 4.27687000
0.37583800 4.27662000
0.37588800 4.27637000
0.37593800 4.27612000
0.37598800 4.27586000
0.37603800 4.27561000
0.37608800 4.27536000
0.37613800 4.27511000
0.37618800 4.27485000
0.37623800 4.27460000
0.37628800 4.27435000
0.37633800 4.27409000
0.37638800 4.27384000
0.37643800 4.27358000
0.37648800 4.27333000
0.37653800 4.27307000
0.37658800 4.27281000
0.37663800 4.27256000
0.37668800 4.27230000
0.37673800 4.27204000
0.37678800 4.27179000
0.37683800 4.27153000
0.37688800 4.27127000
0.37693800 4.27101000
0.37698800 4.27075000
0.37703800 4.27049000
0.37708800 4.27023000
0.37713800 4.26997000
0.37718800 4.26971000
0.37723800 4.26945000
0.37728800 4.26919000
0.37733800 4.26893000
0.37738800 4.26867000
0.37743800 4.26841000
0.37748800 4.26814000
0.37753800 4.26788000
0.37758800 4.26762000
0.37763800 4.26735000
0.37768800 4.26709000
0.37773800 4.26683000
0.37778800 4.26656000
0.37783800 4.26630000
0.37788800 4.26603000
0.37793800 4.26577000
0.37798800 4.26550000
0.37803800 4.26523000
0.37808800 4.26497000
0.37813800 4.26470000
0.37818800 4.26443000
0.37823800 4.26416000
0.37828800 4.26390000
0.37833800 4.26363000
0.37838800 4.26336000
0.37843800 4.26309000
0.37848800 4.26282000
0.37853800 4.26255000
0.37858800 4.26228000
0.37863800 4.26201000
0.37868800 4.26174000
0.37873800 4.26147000
0.37878800 4.26120000
0.37883800 4.26093000
0.37888800 4.26065000
0.37893800 4.26038000
0.37898800 4.26011000
0.37903800 4.25983000
0.37908800 4.25956000
0.37913800 4.25929000
0.37918800 4.25901000
0.37923800 4.25874000
0.37928800 4.25846000
0.37933800 4.25819000
0.37938800 4.25791000
0.37943800 4.25764000
0.37948800 4.25736000
0.37953800 4.25708000
0.37958800 4.25681000
0.37963800 4.25653000
0.37968800 4.25625000
0.37973800 4.25597000
0.37978800 4.25570000
0.37983800 4.25542000
0.37988800 4.25514000
0.37993800 4.25486000
0.37998800 4.25458000
0.38003800 4.25430000
0.38008800 4.25402000
0.38013800 4.25374000
0.38018800 4.25346000
0.38023800 4.25317000
0.38028800 4.25289000
0.38033800 4.25261000
0.38038800 4.25233000
0.38043800 4.25205000
0.38048800 4.25176000
0.38053800 4.25148000
0.38058800 4.25119000
0.38063800 4.25091000
0.38068800 4.25063000
0.38073800 4.25034000
0.38078800 4.25006000
0.38083800 4.24977000
0.38088800 4.24948000
0.38093800 4.24920000
0.38098800 4.24891000
0.38103800 4.24863000
0.38108800 4.24834000
0.38113800 4.24805000
0.38118800 4.24776000
0.38123800 4.24747000
0.38128800 4.24719000
0.38133800 4.24690000
0.38138800 4.24661000
0.38143800 4.24632000
0.38148800 4.24603000
0.38153800 4.24574000
0.38158800 4.24545000
0.38163800 4.24516000
0.38168800 4.24487000
0.38173800 4.24457000
0.38178800 4.24428000
0.38183800 4.24399000
0.38188800 4.24370000
0.38193800 4.24340000
0.38198800 4.24311000
0.38203800 4.24282000
0.38208800 4.24252000
0.38213800 4.24223000
0.38218800 4.24193000
0.38223800 4.24164000
0.38228800 4.24134000
0.38233800 4.24105000
0.38238800 4.24075000
0.38243800 4.24046000
0.38248800 4.24016000
0.38253800 4.23986000
0.38258800 4.23957000
0.38263800 4.23927000
0.38268800 4.23897000
0.38273800 4.23867000
0.38278800 4.23837000
0.38283800 4.23807000
0.38288800 4.23778000
0.38293800 4.23748000
0.38298800 4.23718000
0.38303800 4.23688000
0.38308800 4.23657000
0.38313800 4.23627000
0.38318800 4.23597000
0.38323800 4.23567000
0.38328800 4.23537000
0.38333800 4.23507000
0.38338800 4.23476000
0.38343800 4.23446000
0.38348800 4.23416000
0.38353800 4.23386000
0.38358800 4.23355000
0.38363800 4.23325000
0.38368800 4.23294000
0.38373800 4.23264000
0.38378800 4.23233000
0.38383800 4.23203000
0.38388800 4.23172000
0.38393800 4.23142000
0.38398800 4.23111000
0.38403800 4.23080000
0.38408800 4.23050000
0.38413800 4.23019000
0.38418800 4.22988000
0.38423800 4.22957000
0.38428800 4.22926000
0.38433800 4.22895000
0.38438800 4.22865000
0.38443800 4.22834000
0.38448800 4.22803000
0.38453800 4.22772000
0.38458800 4.22741000
0.38463800 4.22710000
0.38468800 4.22678000
0.38473800 4.22647000
0.38478800 4.22616000
0.38483800 4.22585000
0.38488800 4.22554000
0.38493800 4.22522000
0.38498800 4.22491000
0.38503900 4.22460000
0.38508900 4.22429000
0.38513900 4.22397000
0.38518900 4.22366000
0.38523900 4.22334000
0.38528900 4.22303000
0.38533900 4.22271000
0.38538900 4.22240000
0.38543900 4.22208000
0.38548900 4.22176000
0.38553900 4.22145000
0.38558900 4.22113000
0.38563900 4.22081000
0.38568900 4.22050000
0.38573900 4.22018000
0.38578900 4.21986000
0.38583900 4.21954000
0.38588900 4.21922000
0.38593900 4.21891000
0.38598900 4.21859000
0.38603900 4.21827000
0.38608900 4.21795000
0.38613900 4.21763000
0.38618900 4.21731000
0.38623900 4.21698000
0.38628900 4.21666000
0.38633900 4.21634000
0.38638900 4.21602000
0.38643900 4.21570000
0.38648900 4.21538000
0.38653900 4.21505000
0.38658900 4.21473000
0.38663900 4.21441000
0.38668900 4.21408000
0.38673900 4.21376000
0.38678900 4.21343000
0.38683900 4.21311000
0.38688900 4.21278000
0.38693900 4.21246000
0.38698900 4.21213000
0.38703900 4.21181000
0.38708900 4.21148000
0.38713900 4.21115000
0.38718900 4.21083000
0.38723900 4.21050000
0.38728900 4.21017000
0.38733900 4.20984000
0.38738900 4.20952000
0.38743900 4.20919000
0.38748900 4.20886000
0.38753900 4.20853000
0.38758900 4.20820000
0.38763900 4.20787000
0.38768900 4.20754000
0.38773900 4.20721000
0.38778900 4.20688000
0.38783900 4.20655000
0.38788900 4.20622000
0.38793900 4.20589000
0.38798900 4.20555000
0.38803900 4.20522000
0.38808900 4.20489000
0.38813900 4.20456000
0.38818900 4.20422000
0.38823900 4.20389000
0.38828900 4.20356000
0.38833900 4.20322000
0.38838900 4.20289000
0.38843900 4.20255000
0.38848900 4.20222000
0.38853900 4.20188000
0.38858900 4.20155000
0.38863900 4.20121000
0.38868900 4.20088000
0.38873900 4.20054000
0.38878900 4.20020000
0.38883900 4.19987000
0.38888900 4.19953000
0.38893900 4.19919000
0.38898900 4.19885000
0.38903900 4.19851000
0.38908900 4.19818000
0.38913900 4.19784000
0.38918900 4.19750000
0.38923900 4.19716000
0.38928900 4.19682000
0.38933900 4.19648000
0.38938900 4.19614000
0.38943900 4.19580000
0.38948900 4.19546000
0.38953900 4.19511000
0.38958900 4.19477000
0.38963900 4.19443000
0.38968900 4.19409000
0.38973900 4.19375000
0.38978900 4.19340000
0.38983900 4.19306000
0.38988900 4.19272000
0.38993900 4.19237000
0.38998900 4.19203000
0.39003900 4.19168000
0.39008900 4.19134000
0.39013900 4.19099000
0.39018900 4.19065000
0.39023900 4.19030000
0.39028900 4.18996000
0.39033900 4.18961000
0.39038900 4.18926000
0.39043900 4.18892000
0.39048900 4.18857000
0.39053900 4.18822000
0.39058900 4.18788000
0.39063900 4.18753000
0.39068900 4.18718000
0.39073900 4.18683000
0.39078900 4.18648000
0.39083900 4.18613000
0.39088900 4.18578000
0.39093900 4.18543000
0.39098900 4.18508000
0.39103900 4.18473000
0.39108900 4.18438000
0.39113900 4.18403000
0.39118900 4.18368000
0.39123900 4.18333000
0.39128900 4.18298000
0.39133900 4.18263000
0.39138900 4.18227000
0.39143900 4.18192000
0.39148900 4.18157000
0.39153900 4.18121000
0.39158900 4.18086000
0.39163900 4.18051000
0.39168900 4.18015000
0.39173900 4.17980000
0.39178900 4.17944000
0.39183900 4.17909000
0.39188900 4.17873000
0.39193900 4.17838000
0.39198900 4.17802000
0.39203900 4.17766000
0.39208900 4.17731000
0.39213900 4.17695000
0.39218900 4.17659000
0.39223900 4.17624000
0.39228900 4.17588000
0.39233900 4.17552000
0.39238900 4.17516000
0.39243900 4.17480000
0.39248900 4.17445000
0.39253900 4.17409000
0.39258900 4.17373000
0.39263900 4.17337000
0.39268900 4.17301000
0.39273900 4.17265000
0.39278900 4.17229000
0.39283900 4.17193000
0.39288900 4.17156000
0.39293900 4.17120000
0.39298900 4.17084000
0.39303900 4.17048000
0.39308900 4.17012000
0.39313900 4.16975000
0.39318900 4.16939000
0.39323900 4.16903000
0.39328900 4.16866000
0.39333900 4.16830000
0.39338900 4.16794000
0.39343900 4.16757000
0.39348900 4.16721000
0.39353900 4.16684000
0.39358900 4.16648000
0.39363900 4.16611000
0.39368900 4.16575000
0.39373900 4.16538000
0.39378900 4.16501000
0.39383900 4.16465000
0.39388900 4.16428000
0.39393900 4.16391000
0.39398900 4.16355000
0.39403900 4.16318000
0.39408900 4.16281000
0.39413900 4.16244000
0.39418900 4.16207000
0.39423900 4.16171000
0.39428900 4.16134000
0.39433900 4.16097000
0.39438900 4.16060000
0.39443900 4.16023000
0.39448900 4.15986000
0.39453900 4.15949000
0.39458900 4.15912000
0.39463900 4.15874000
0.39468900 4.15837000
0.39473900 4.15800000
0.39478900 4.15763000
0.39483900 4.15726000
0.39488900 4.15689000
0.39493900 4.15651000
0.39498900 4.15614000
0.39504000 4.15577000
0.39509000 4.15539000
0.39514000 4.15502000
0.39519000 4.15464000
0.39524000 4.15427000
0.39529000 4.15390000
0.39534000 4.15352000
0.39539000 4.15315000
0.39544000 4.15277000
0.39549000 4.15239000
0.39554000 4.15202000
0.39559000 4.15164000
0.39564000 4.15127000
0.39569000 4.15089000
0.39574000 4.15051000
0.39579000 4.15013000
0.39584000 4.14976000
0.39589000 4.14938000
0.39594000 4.14900000
0.39599000 4.14862000
0.39604000 4.14824000
0.39609000 4.14786000
0.39614000 4.14748000
0.39619000 4.14710000
0.39624000 4.14672000
0.39629000 4.14634000
0.39634000 4.14596000
0.39639000 4.14558000
0.39644000 4.14520000
0.39649000 4.14482000
0.39654000 4.14444000
0.39659000 4.14406000
0.39664000 4.14368000
0.39669000 4.14329000
0.39674000 4.14291000
0.39679000 4.14253000
0.39684000 4.14214000
0.39689000 4.14176000
0.39694000 4.14138000
0.39699000 4.14099000
0.39704000 4.14061000
0.39709000 4.14022000
0.39714000 4.13984000
0.39719000 4.13945000
0.39724000 4.13907000
0.39729000 4.13868000
0.39734000 4.13830000
0.39739000 4.13791000
0.39744000 4.13753000
0.39749000 4.13714000
0.39754000 4.13675000
0.39759000 4.13637000
0.39764000 4.13598000
0.39769000 4.13559000
0.39774000 4.13520000
0.39779000 4.13481000
0.39784000 4.13443000
0.39789000 4.13404000
0.39794000 4.13365000
0.39799000 4.13326000
0.39804000 4.13287000
0.39809000 4.13248000
0.39814000 4.13209000
0.39819000 4.13170000
0.39824000 4.13131000
0.39829000 4.13092000
0.39834000 4.13053000
0.39839000 4.13013000
0.39844000 4.12974000
0.39849000 4.12935000
0.39854000 4.12896000
0.39859000 4.12857000
0.39864000 4.12817000
0.39869000 4.12778000
0.39874000 4.12739000
0.39879000 4.12699000
0.39884000 4.12660000
0.39889000 4.12621000
0.39894000 4.12581000
0.39899000 4.12542000
0.39904000 4.12502000
0.39909000 4.12463000
0.39914000 4.12423000
0.39919000 4.12384000
0.39924000 4.12344000
0.39929000 4.12305000
0.39934000 4.12265000
0.39939000 4.12225000
0.39944000 4.12186000
0.39949000 4.12146000
0.39954000 4.12106000
0.39959000 4.12066000
0.39964000 4.12027000
0.39969000 4.11987000
0.39974000 4.11947000
0.39979000 4.11907000
0.39984000 4.11867000
0.39989000 4.11827000
0.39994000 4.11787000
0.39999000 4.11747000
0.40004000 4.11707000
0.40009000 4.11667000
0.40014000 4.11627000
0.40019000 4.11587000
0.40024000 4.11547000
0.40029000 4.11507000
0.40034000 4.11467000
0.40039000 4.11427000
0.40044000 4.11387000
0.40049000 4.11346000
0.40054000 4.11306000
0.40059000 4.11266000
0.40064000 4.11226000
0.40069000 4.11185000
0.40074000 4.11145000
0.40079000 4.11105000
0.40084000 4.11064000
0.40089000 4.11024000
0.40094000 4.10983000
0.40099000 4.10943000
0.40104000 4.10902000
0.40109000 4.10862000
0.40114000 4.10821000
0.40119000 4.10781000
0.40124000 4.10740000
0.40129000 4.10700000
0.40134000 4.10659000
0.40139000 4.10618000
0.40144000 4.10578000
0.40149000 4.10537000
0.40154000 4.10496000
0.40159000 4.10455000
0.40164000 4.10415000
0.40169000 4.10374000
0.40174000 4.10333000
0.40179000 4.10292000
0.40184000 4.10251000
0.40189000 4.10210000
0.40194000 4.10169000
0.40199000 4.10128000
0.40204000 4.10087000
0.40209000 4.10046000
0.40214000 4.10005000
0.40219000 4.09964000
0.40224000 4.09923000
0.40229000 4.09882000
0.40234000 4.09841000
0.40239000 4.09800000
0.40244000 4.09759000
0.40249000 4.09718000
0.40254000 4.09676000
0.40259000 4.09635000
0.40264000 4.09594000
0.40269000 4.09553000
0.40274000 4.09511000
0.40279000 4.09470000
0.40284000 4.09429000
0.40289000 4.09387000
0.40294000 4.09346000
0.40299000 4.09304000
0.40304000 4.09263000
0.40309000 4.09221000
0.40314000 4.09180000
0.40319000 4.09138000
0.40324000 4.09097000
0.40329000 4.09055000
0.40334000 4.09014000
0.40339000 4.08972000
0.40344000 4.08930000
0.40349000 4.08889000
0.40354000 4.08847000
0.40359000 4.08805000
0.40364000 4.08763000
0.40369000 4.08722000
0.40374000 4.08680000
0.40379000 4.08638000
0.40384000 4.08596000
0.40389000 4.08554000
0.40394000 4.08512000
0.40399000 4.08471000
0.40404000 4.08429000
0.40409000 4.08387000
0.40414000 4.08345000
0.40419000 4.08303000
0.40424000 4.08261000
0.40429000 4.08219000
0.40434000 4.08177000
0.40439000 4.08134000
0.40444000 4.08092000
0.40449000 4.08050000
0.40454000 4.08008000
0.40459000 4.07966000
0.40464000 4.07924000
0.40469000 4.07881000
0.40474000 4.07839000
0.40479000 4.07797000
0.40484000 4.07755000
0.40489000 4.07712000
0.40494000 4.07670000
0.40499000 4.07627000
0.40504100 4.07585000
0.40509100 4.07543000
0.40514100 4.07500000
0.40519100 4.07458000
0.40524100 4.07415000
0.40529100 4.07373000
0.40534100 4.07330000
0.40539100 4.07288000
0.40544100 4.07245000
0.40549100 4.07202000
0.40554100 4.07160000
0.40559100 4.07117000
0.40564100 4.07075000
0.40569100 4.07032000
0.40574100 4.06989000
0.40579100 4.06946000
0.40584100 4.06904000
0.40589100 4.06861000
0.40594100 4.06818000
0.40599100 4.06775000
0.40604100 4.06732000
0.40609100 4.06690000
0.40614100 4.06647000
0.40619100 4.06604000
0.40624100 4.06561000
0.40629100 4.06518000
0.40634100 4.06475000
0.40639100 4.06432000
0.40644100 4.06389000
0.40649100 4.06346000
0.40654100 4.06303000
0.40659100 4.06260000
0.40664100 4.06217000
0.40669100 4.06173000
0.40674100 4.06130000
0.40679100 4.06087000
0.40684100 4.06044000
0.40689100 4.06001000
0.40694100 4.05957000
0.40699100 4.05914000
0.40704100 4.05871000
0.40709100 4.05828000
0.40714100 4.05784000
0.40719100 4.05741000
0.40724100 4.05697000
0.40729100 4.05654000
0.40734100 4.05611000
0.40739100 4.05567000
0.40744100 4.05524000
0.40749100 4.05480000
0.40754100 4.05437000
0.40759100 4.05393000
0.40764100 4.05350000
0.40769100 4.05306000
0.40774100 4.05263000
0.40779100 4.05219000
0.40784100 4.05175000
0.40789100 4.05132000
0.40794100 4.05088000
0.40799100 4.05044000
0.40804100 4.05001000
0.40809100 4.04957000
0.40814100 4.04913000
0.40819100 4.04869000
0.40824100 4.04826000
0.40829100 4.04782000
0.40834100 4.04738000
0.40839100 4.04694000
0.40844100 4.04650000
0.40849100 4.04606000
0.40854100 4.04562000
0.40859100 4.04518000
0.40864100 4.04474000
0.40869100 4.04430000
0.40874100 4.04386000
0.40879100 4.04342000
0.40884100 4.04298000
0.40889100 4.04254000
0.40894100 4.04210000
0.40899100 4.04166000
0.40904100 4.04122000
0.40909100 4.04078000
0.40914100 4.04033000
0.40919100 4.03989000
0.40924100 4.03945000
0.40929100 4.03901000
0.40934100 4.03857000
0.40939100 4.03812000
0.40944100 4.03768000
0.40949100 4.03724000
0.40954100 4.03679000
0.40959100 4.03635000
0.40964100 4.03591000
0.40969100 4.03546000
0.40974100 4.03502000
0.40979100 4.03457000
0.40984100 4.03413000
0.40989100 4.03368000
0.40994100 4.03324000
0.40999100 4.03279000
0.41004100 4.03235000
0.41009100 4.03190000
0.41014100 4.03146000
0.41019100 4.03101000
0.41024100 4.03056000
0.41029100 4.03012000
0.41034100 4.02967000
0.41039100 4.02922000
0.41044100 4.02878000
0.41049100 4.02833000
0.41054100 4.02788000
0.41059100 4.02743000
0.41064100 4.02699000
0.41069100 4.02654000
0.41074100 4.02609000
0.41079100 4.02564000
0.41084100 4.02519000
0.41089100 4.02474000
0.41094100 4.02430000
0.41099100 4.02385000
0.41104100 4.02340000
0.41109100 4.02295000
0.41114100 4.02250000
0.41119100 4.02205000
0.41124100 4.02160000
0.41129100 4.02115000
0.41134100 4.02070000
0.41139100 4.02025000
0.41144100 4.01979000
0.41149100 4.01934000
0.41154100 4.01889000
0.41159100 4.01844000
0.41164100 4.01799000
0.41169100 4.01754000
0.41174100 4.01708000
0.41179100 4.01663000
0.41184100 4.01618000
0.41189100 4.01573000
0.41194100 4.01527000
0.41199100 4.01482000
0.41204100 4.01437000
0.41209100 4.01391000
0.41214100 4.01346000
0.41219100 4.01301000
0.41224100 4.01255000
0.41229100 4.01210000
0.41234100 4.01164000
0.41239100 4.01119000
0.41244100 4.01073000
0.41249100 4.01028000
0.41254100 4.00982000
0.41259100 4.00937000
0.41264100 4.00891000
0.41269100 4.00846000
0.41274100 4.00800000
0.41279100 4.00754000
0.41284100 4.00709000
0.41289100 4.00663000
0.41294100 4.00618000
0.41299100 4.00572000
0.41304100 4.00526000
0.41309100 4.00480000
0.41314100 4.00435000
0.41319100 4.00389000
0.41324100 4.00343000
0.41329100 4.00297000
0.41334100 4.00251000
0.41339100 4.00206000
0.41344100 4.00160000
0.41349100 4.00114000
0.41354100 4.00068000
0.41359100 4.00022000
0.41364100 3.99976000
0.41369100 3.99930000
0.41374100 3.99884000
0.41379100 3.99838000
0.41384100 3.99792000
0.41389100 3.99746000
0.41394100 3.99700000
0.41399100 3.99654000
0.41404100 3.99608000
0.41409100 3.99562000
0.41414100 3.99516000
0.41419100 3.99470000
0.41424100 3.99424000
0.41429100 3.99377000
0.41434100 3.99331000
0.41439100 3.99285000
0.41444100 3.99239000
0.41449100 3.99193000
0.41454100 3.99146000
0.41459100 3.99100000
0.41464100 3.99054000
0.41469100 3.99007000
0.41474100 3.98961000
0.41479100 3.98915000
0.41484100 3.98868000
0.41489100 3.98822000
0.41494100 3.98776000
0.41499100 3.98729000
0.41504200 3.98683000
0.41509200 3.98636000
0.41514200 3.98590000
0.41519200 3.98543000
0.41524200 3.98497000
0.41529200 3.98450000
0.41534200 3.98404000
0.41539200 3.98357000
0.41544200 3.98311000
0.41549200 3.98264000
0.41554200 3.98218000
0.41559200 3.98171000
0.41564200 3.98124000
0.41569200 3.98078000
0.41574200 3.98031000
0.41579200 3.97984000
0.41584200 3.97938000
0.41589200 3.97891000
0.41594200 3.97844000
0.41599200 3.97797000
0.41604200 3.97751000
0.41609200 3.97704000
0.41614200 3.97657000
0.41619200 3.97610000
0.41624200 3.97563000
0.41629200 3.97516000
0.41634200 3.97470000
0.41639200 3.97423000
0.41644200 3.97376000
0.41649200 3.97329000
0.41654200 3.97282000
0.41659200 3.97235000
0.41664200 3.97188000
0.41669200 3.97141000
0.41674200 3.97094000
0.41679200 3.97047000
0.41684200 3.97000000
0.41689200 3.96953000
0.41694200 3.96906000
0.41699200 3.96859000
0.41704200 3.96812000
0.41709200 3.96764000
0.41714200 3.96717000
0.41719200 3.96670000
0.41724200 3.96623000
0.41729200 3.96576000
0.41734200 3.96529000
0.41739200 3.96481000
0.41744200 3.96434000
0.41749200 3.96387000
0.41754200 3.96340000
0.41759200 3.96292000
0.41764200 3.96245000
0.41769200 3.96198000
0.41774200 3.96150000
0.41779200 3.96103000
0.41784200 3.96056000
0.41789200 3.96008000
0.41794200 3.95961000
0.41799200 3.95913000
0.41804200 3.95866000
0.41809200 3.95818000
0.41814200 3.95771000
0.41819200 3.95724000
0.41824200 3.95676000
0.41829200 3.95629000
0.41834200 3.95581000
0.41839200 3.95533000
0.41844200 3.95486000
0.41849200 3.95438000
0.41854200 3.95391000
0.41859200 3.95343000
0.41864200 3.95295000
0.41869200 3.95248000
0.41874200 3.95200000
0.41879200 3.95153000
0.41884200 3.95105000
0.41889200 3.95057000
0.41894200 3.95009000
0.41899200 3.94962000
0.41904200 3.94914000
0.41909200 3.94866000
0.41914200 3.94818000
0.41919200 3.94771000
0.41924200 3.94723000
0.41929200 3.94675000
0.41934200 3.94627000
0.41939200 3.94579000
0.41944200 3.94531000
0.41949200 3.94484000
0.41954200 3.94436000
0.41959200 3.94388000
0.41964200 3.94340000
0.41969200 3.94292000
0.41974200 3.94244000
0.41979200 3.94196000
0.41984200 3.94148000
0.41989200 3.94100000
0.41994200 3.94052000
0.41999200 3.94004000
0.42004200 3.93956000
0.42009200 3.93908000
0.42014200 3.93860000
0.42019200 3.93812000
0.42024200 3.93764000
0.42029200 3.93715000
0.42034200 3.93667000
0.42039200 3.93619000
0.42044200 3.93571000
0.42049200 3.93523000
0.42054200 3.93475000
0.42059200 3.93426000
0.42064200 3.93378000
0.42069200 3.93330000
0.42074200 3.93282000
0.42079200 3.93233000
0.42084200 3.93185000
0.42089200 3.93137000
0.42094200 3.93089000
0.42099200 3.93040000
0.42104200 3.92992000
0.42109200 3.92944000
0.42114200 3.92895000
0.42119200 3.92847000
0.42124200 3.92798000
0.42129200 3.92750000
0.42134200 3.92702000
0.42139200 3.92653000
0.42144200 3.92605000
0.42149200 3.92556000
0.42154200 3.92508000
0.42159200 3.92459000
0.42164200 3.92411000
0.42169200 3.92362000
0.42174200 3.92314000
0.42179200 3.92265000
0.42184200 3.92217000
0.42189200 3.92168000
0.42194200 3.92119000
0.42199200 3.92071000
0.42204200 3.92022000
0.42209200 3.91974000
0.42214200 3.91925000
0.42219200 3.91876000
0.42224200 3.91828000
0.42229200 3.91779000
0.42234200 3.91730000
0.42239200 3.91681000
0.42244200 3.91633000
0.42249200 3.91584000
0.42254200 3.91535000
0.42259200 3.91486000
0.42264200 3.91438000
0.42269200 3.91389000
0.42274200 3.91340000
0.42279200 3.91291000
0.42284200 3.91242000
0.42289200 3.91194000
0.42294200 3.91145000
0.42299200 3.91096000
0.42304200 3.91047000
0.42309200 3.90998000
0.42314200 3.90949000
0.42319200 3.90900000
0.42324200 3.90851000
0.42329200 3.90802000
0.42334200 3.90753000
0.42339200 3.90704000
0.42344200 3.90655000
0.42349200 3.90606000
0.42354200 3.90557000
0.42359200 3.90508000
0.42364200 3.90459000
0.42369200 3.90410000
0.42374200 3.90361000
0.42379200 3.90312000
0.42384200 3.90263000
0.42389200 3.90214000
0.42394200 3.90165000
0.42399200 3.90116000
0.42404200 3.90067000
0.42409200 3.90017000
0.42414200 3.89968000
0.42419200 3.89919000
0.42424200 3.89870000
0.42429200 3.89821000
0.42434200 3.89771000
0.42439200 3.89722000
0.42444200 3.89673000
0.42449200 3.89624000
0.42454200 3.89574000
0.42459200 3.89525000
0.42464200 3.89476000
0.42469200 3.89427000
0.42474200 3.89377000
0.42479200 3.89328000
0.42484200 3.89279000
0.42489200 3.89229000
0.42494200 3.89180000
0.42499200 3.89130000
0.42504300 3.89081000
0.42509300 3.89032000
0.42514300 3.88982000
0.42519300 3.88933000
0.42524300 3.88883000
0.42529300 3.88834000
0.42534300 3.88784000
0.42539300 3.88735000
0.42544300 3.88685000
0.42549300 3.88636000
0.42554300 3.88586000
0.42559300 3.88537000
0.42564300 3.88487000
0.42569300 3.88438000
0.42574300 3.88388000
0.42579300 3.88339000
0.42584300 3.88289000
0.42589300 3.88240000
0.42594300 3.88190000
0.42599300 3.88140000
0.42604300 3.88091000
0.42609300 3.88041000
0.42614300 3.87991000
0.42619300 3.87942000
0.42624300 3.87892000
0.42629300 3.87842000
0.42634300 3.87793000
0.42639300 3.87743000
0.42644300 3.87693000
0.42649300 3.87644000
0.42654300 3.87594000
0.42659300 3.87544000
0.42664300 3.87494000
0.42669300 3.87445000
0.42674300 3.87395000
0.42679300 3.87345000
0.42684300 3.87295000
0.42689300 3.87245000
0.42694300 3.87195000
0.42699300 3.87146000
0.42704300 3.87096000
0.42709300 3.87046000
0.42714300 3.86996000
0.42719300 3.86946000
0.42724300 3.86896000
0.42729300 3.86846000
0.42734300 3.86796000
0.42739300 3.86746000
0.42744300 3.86697000
0.42749300 3.86647000
0.42754300 3.86597000
0.42759300 3.86547000
0.42764300 3.86497000
0.42769300 3.86447000
0.42774300 3.86397000
0.42779300 3.86347000
0.42784300 3.86297000
0.42789300 3.86247000
0.42794300 3.86197000
0.42799300 3.86146000
0.42804300 3.86096000
0.42809300 3.86046000
0.42814300 3.85996000
0.42819300 3.85946000
0.42824300 3.85896000
0.42829300 3.85846000
0.42834300 3.85796000
0.42839300 3.85746000
0.42844300 3.85696000
0.42849300 3.85645000
0.42854300 3.85595000
0.42859300 3.85545000
0.42864300 3.85495000
0.42869300 3.85445000
0.42874300 3.85394000
0.42879300 3.85344000
0.42884300 3.85294000
0.42889300 3.85244000
0.42894300 3.85193000
0.42899300 3.85143000
0.42904300 3.85093000
0.42909300 3.85043000
0.42914300 3.84992000
0.42919300 3.84942000
0.42924300 3.84892000
0.42929300 3.84841000
0.42934300 3.84791000
0.42939300 3.84741000
0.42944300 3.84690000
0.42949300 3.84640000
0.42954300 3.84590000
0.42959300 3.84539000
0.42964300 3.84489000
0.42969300 3.84438000
0.42974300 3.84388000
0.42979300 3.84338000
0.42984300 3.84287000
0.42989300 3.84237000
0.42994300 3.84186000
0.42999300 3.84136000
0.43004300 3.84085000
0.43009300 3.84035000
0.43014300 3.83984000
0.43019300 3.83934000
0.43024300 3.83883000
0.43029300 3.83833000
0.43034300 3.83782000
0.43039300 3.83732000
0.43044300 3.83681000
0.43049300 3.83631000
0.43054300 3.83580000
0.43059300 3.83530000
0.43064300 3.83479000
0.43069300 3.83429000
0.43074300 3.83378000
0.43079300 3.83327000
0.43084300 3.83277000
0.43089300 3.83226000
0.43094300 3.83175000
0.43099300 3.83125000
0.43104300 3.83074000
0.43109300 3.83024000
0.43114300 3.82973000
0.43119300 3.82922000
0.43124300 3.82872000
0.43129300 3.82821000
0.43134300 3.82770000
0.43139300 3.82719000
0.43144300 3.82669000
0.43149300 3.82618000
0.43154300 3.82567000
0.43159300 3.82517000
0.43164300 3.82466000
0.43169300 3.82415000
0.43174300 3.82364000
0.43179300 3.82313000
0.43184300 3.82263000
0.43189300 3.82212000
0.43194300 3.82161000
0.43199300 3.82110000
0.43204300 3.82059000
0.43209300 3.82009000
0.43214300 3.81958000
0.43219300 3.81907000
0.43224300 3.81856000
0.43229300 3.81805000
0.43234300 3.81754000
0.43239300 3.81703000
0.43244300 3.81653000
0.43249300 3.81602000
0.43254300 3.81551000
0.43259300 3.81500000
0.43264300 3.81449000
0.43269300 3.81398000
0.43274300 3.81347000
0.43279300 3.81296000
0.43284300 3.81245000
0.43289300 3.81194000
0.43294300 3.81143000
0.43299300 3.81092000
0.43304300 3.81041000
0.43309300 3.80990000
0.43314300 3.80939000
0.43319300 3.80888000
0.43324300 3.80837000
0.43329300 3.80786000
0.43334300 3.80735000
0.43339300 3.80684000
0.43344300 3.80633000
0.43349300 3.80582000
0.43354300 3.80531000
0.43359300 3.80480000
0.43364300 3.80429000
0.43369300 3.80378000
0.43374300 3.80327000
0.43379300 3.80276000
0.43384300 3.80225000
0.43389300 3.80174000
0.43394300 3.80122000
0.43399300 3.80071000
0.43404300 3.80020000
0.43409300 3.79969000
0.43414300 3.79918000
0.43419300 3.79867000
0.43424300 3.79816000
0.43429300 3.79764000
0.43434300 3.79713000
0.43439300 3.79662000
0.43444300 3.79611000
0.43449300 3.79560000
0.43454300 3.79508000
0.43459300 3.79457000
0.43464300 3.79406000
0.43469300 3.79355000
0.43474300 3.79304000
0.43479300 3.79252000
0.43484300 3.79201000
0.43489300 3.79150000
0.43494300 3.79099000
0.43499300 3.79047000
0.43504400 3.78996000
0.43509400 3.78945000
0.43514400 3.78894000
0.43519400 3.78842000
0.43524400 3.78791000
0.43529400 3.78740000
0.43534400 3.78688000
0.43539400 3.78637000
0.43544400 3.78586000
0.43549400 3.78534000
0.43554400 3.78483000
0.43559400 3.78432000
0.43564400 3.78380000
0.43569400 3.78329000
0.43574400 3.78278000
0.43579400 3.78226000
0.43584400 3.78175000
0.43589400 3.78123000
0.43594400 3.78072000
0.43599400 3.78021000
0.43604400 3.77969000
0.43609400 3.77918000
0.43614400 3.77866000
0.43619400 3.77815000
0.43624400 3.77764000
0.43629400 3.77712000
0.43634400 3.77661000
0.43639400 3.77609000
0.43644400 3.77558000
0.43649400 3.77506000
0.43654400 3.77455000
0.43659400 3.77404000
0.43664400 3.77352000
0.43669400 3.77301000
0.43674400 3.77249000
0.43679400 3.77198000
0.43684400 3.77146000
0.43689400 3.77095000
0.43694400 3.77043000
0.43699400 3.76992000
0.43704400 3.76940000
0.43709400 3.76889000
0.43714400 3.76837000
0.43719400 3.76785000
0.43724400 3.76734000
0.43729400 3.76682000
0.43734400 3.76631000
0.43739400 3.76579000
0.43744400 3.76528000
0.43749400 3.76476000
0.43754400 3.76425000
0.43759400 3.76373000
0.43764400 3.76321000
0.43769400 3.76270000
0.43774400 3.76218000
0.43779400 3.76167000
0.43784400 3.76115000
0.43789400 3.76063000
0.43794400 3.76012000
0.43799400 3.75960000
0.43804400 3.75909000
0.43809400 3.75857000
0.43814400 3.75805000
0.43819400 3.75754000
0.43824400 3.75702000
0.43829400 3.75650000
0.43834400 3.75599000
0.43839400 3.75547000
0.43844400 3.75495000
0.43849400 3.75444000
0.43854400 3.75392000
0.43859400 3.75340000
0.43864400 3.75289000
0.43869400 3.75237000
0.43874400 3.75185000
0.43879400 3.75134000
0.43884400 3.75082000
0.43889400 3.75030000
0.43894400 3.74978000
0.43899400 3.74927000
0.43904400 3.74875000
0.43909400 3.74823000
0.43914400 3.74771000
0.43919400 3.74720000
0.43924400 3.74668000
0.43929400 3.74616000
0.43934400 3.74564000
0.43939400 3.74513000
0.43944400 3.74461000
0.43949400 3.74409000
0.43954400 3.74357000
0.43959400 3.74306000
0.43964400 3.74254000
0.43969400 3.74202000
0.43974400 3.74150000
0.43979400 3.74099000
0.43984400 3.74047000
0.43989400 3.73995000
0.43994400 3.73943000
0.43999400 3.73891000
0.44004400 3.73839000
0.44009400 3.73788000
0.44014400 3.73736000
0.44019400 3.73684000
0.44024400 3.73632000
0.44029400 3.73580000
0.44034400 3.73529000
0.44039400 3.73477000
0.44044400 3.73425000
0.44049400 3.73373000
0.44054400 3.73321000
0.44059400 3.73269000
0.44064400 3.73217000
0.44069400 3.73166000
0.44074400 3.73114000
0.44079400 3.73062000
0.44084400 3.73010000
0.44089400 3.72958000
0.44094400 3.72906000
0.44099400 3.72854000
0.44104400 3.72802000
0.44109400 3.72751000
0.44114400 3.72699000
0.44119400 3.72647000
0.44124400 3.72595000
0.44129400 3.72543000
0.44134400 3.72491000
0.44139400 3.72439000
0.44144400 3.72387000
0.44149400 3.72335000
0.44154400 3.72283000
0.44159400 3.72231000
0.44164400 3.72179000
0.44169400 3.72128000
0.44174400 3.72076000
0.44179400 3.72024000
0.44184400 3.71972000
0.44189400 3.71920000
0.44194400 3.71868000
0.44199400 3.71816000
0.44204400 3.71764000
0.44209400 3.71712000
0.44214400 3.71660000
0.44219400 3.71608000
0.44224400 3.71556000
0.44229400 3.71504000
0.44234400 3.71452000
0.44239400 3.71400000
0.44244400 3.71348000
0.44249400 3.71296000
0.44254400 3.71244000
0.44259400 3.71192000
0.44264400 3.71140000
0.44269400 3.71088000
0.44274400 3.71036000
0.44279400 3.70984000
0.44284400 3.70932000
0.44289400 3.70880000
0.44294400 3.70828000
0.44299400 3.70776000
0.44304400 3.70724000
0.44309400 3.70672000
0.44314400 3.70620000
0.44319400 3.70568000
0.44324400 3.70516000
0.44329400 3.70464000
0.44334400 3.70412000
0.44339400 3.70360000
0.44344400 3.70308000
0.44349400 3.70256000
0.44354400 3.70204000
0.44359400 3.70152000
0.44364400 3.70100000
0.44369400 3.70048000
0.44374400 3.69996000
0.44379400 3.69944000
0.44384400 3.69892000
0.44389400 3.69839000
0.44394400 3.69787000
0.44399400 3.69735000
0.44404400 3.69683000
0.44409400 3.69631000
0.44414400 3.69579000
0.44419400 3.69527000
0.44424400 3.69475000
0.44429400 3.69423000
0.44434400 3.69371000
0.44439400 3.69319000
0.44444400 3.69267000
0.44449400 3.69215000
0.44454400 3.69163000
0.44459400 3.69110000
0.44464400 3.69058000
0.44469400 3.69006000
0.44474400 3.68954000
0.44479400 3.68902000
0.44484400 3.68850000
0.44489400 3.68798000
0.44494400 3.68746000
0.44499400 3.68694000
0.44504500 3.68642000
0.44509500 3.68590000
0.44514500 3.68537000
0.44519500 3.68485000
0.44524500 3.68433000
0.44529500 3.68381000
0.44534500 3.68329000
0.44539500 3.68277000
0.44544500 3.68225000
0.44549500 3.68173000
0.44554500 3.68121000
0.44559500 3.68068000
0.44564500 3.68016000
0.44569500 3.67964000
0.44574500 3.67912000
0.44579500 3.67860000
0.44584500 3.67808000
0.44589500 3.67756000
0.44594500 3.67704000
0.44599500 3.67651000
0.44604500 3.67599000
0.44609500 3.67547000
0.44614500 3.67495000
0.44619500 3.67443000
0.44624500 3.67391000
0.44629500 3.67339000
0.44634500 3.67287000
0.44639500 3.67234000
0.44644500 3.67182000
0.44649500 3.67130000
0.44654500 3.67078000
0.44659500 3.67026000
0.44664500 3.66974000
0.44669500 3.66922000
0.44674500 3.66869000
0.44679500 3.66817000
0.44684500 3.66765000
0.44689500 3.66713000
0.44694500 3.66661000
0.44699500 3.66609000
0.44704500 3.66557000
0.44709500 3.66504000
0.44714500 3.66452000
0.44719500 3.66400000
0.44724500 3.66348000
0.44729500 3.66296000
0.44734500 3.66244000
0.44739500 3.66192000
0.44744500 3.66139000
0.44749500 3.66087000
0.44754500 3.66035000
0.44759500 3.65983000
0.44764500 3.65931000
0.44769500 3.65879000
0.44774500 3.65826000
0.44779500 3.65774000
0.44784500 3.65722000
0.44789500 3.65670000
0.44794500 3.65618000
0.44799500 3.65566000
0.44804500 3.65514000
0.44809500 3.65461000
0.44814500 3.65409000
0.44819500 3.65357000
0.44824500 3.65305000
0.44829500 3.65253000
0.44834500 3.65201000
0.44839500 3.65148000
0.44844500 3.65096000
0.44849500 3.65044000
0.44854500 3.64992000
0.44859500 3.64940000
0.44864500 3.64888000
0.44869500 3.64836000
0.44874500 3.64783000
0.44879500 3.64731000
0.44884500 3.64679000
0.44889500 3.64627000
0.44894500 3.64575000
0.44899500 3.64523000
0.44904500 3.64470000
0.44909500 3.64418000
0.44914500 3.64366000
0.44919500 3.64314000
0.44924500 3.64262000
0.44929500 3.64210000
0.44934500 3.64158000
0.44939500 3.64105000
0.44944500 3.64053000
0.44949500 3.64001000
0.44954500 3.63949000
0.44959500 3.63897000
0.44964500 3.63845000
0.44969500 3.63793000
0.44974500 3.63740000
0.44979500 3.63688000
0.44984500 3.63636000
0.44989500 3.63584000
0.44994500 3.63532000
0.44999500 3.63480000
0.45004500 3.63428000
0.45009500 3.63375000
0.45014500 3.63323000
0.45019500 3.63271000
0.45024500 3.63219000
0.45029500 3.63167000
0.45034500 3.63115000
0.45039500 3.63063000
0.45044500 3.63010000
0.45049500 3.62958000
0.45054500 3.62906000
0.45059500 3.62854000
0.45064500 3.62802000
0.45069500 3.62750000
0.45074500 3.62698000
0.45079500 3.62646000
0.45084500 3.62593000
0.45089500 3.62541000
0.45094500 3.62489000
0.45099500 3.62437000
0.45104500 3.62385000
0.45109500 3.62333000
0.45114500 3.62281000
0.45119500 3.62229000
0.45124500 3.62176000
0.45129500 3.62124000
0.45134500 3.62072000
0.45139500 3.62020000
0.45144500 3.61968000
0.45149500 3.61916000
0.45154500 3.61864000
0.45159500 3.61812000
0.45164500 3.61760000
0.45169500 3.61707000
0.45174500 3.61655000
0.45179500 3.61603000
0.45184500 3.61551000
0.45189500 3.61499000
0.45194500 3.61447000
0.45199500 3.61395000
0.45204500 3.61343000
0.45209500 3.61291000
0.45214500 3.61239000
0.45219500 3.61187000
0.45224500 3.61134000
0.45229500 3.61082000
0.45234500 3.61030000
0.45239500 3.60978000
0.45244500 3.60926000
0.45249500 3.60874000
0.45254500 3.60822000
0.45259500 3.60770000
0.45264500 3.60718000
0.45269500 3.60666000
0.45274500 3.60614000
0.45279500 3.60562000
0.45284500 3.60510000
0.45289500 3.60458000
0.45294500 3.60405000
0.45299500 3.60353000
0.45304500 3.60301000
0.45309500 3.60249000
0.45314500 3.60197000
0.45319500 3.60145000
0.45324500 3.60093000
0.45329500 3.60041000
0.45334500 3.59989000
0.45339500 3.59937000
0.45344500 3.59885000
0.45349500 3.59833000
0.45354500 3.59781000
0.45359500 3.59729000
0.45364500 3.59677000
0.45369500 3.59625000
0.45374500 3.59573000
0.45379500 3.59521000
0.45384500 3.59469000
0.45389500 3.59417000
0.45394500 3.59365000
0.45399500 3.59313000
0.45404500 3.59261000
0.45409500 3.59209000
0.45414500 3.59157000
0.45419500 3.59105000
0.45424500 3.59053000
0.45429500 3.59001000
0.45434500 3.58949000
0.45439500 3.58897000
0.45444500 3.58845000
0.45449500 3.58793000
0.45454500 3.58741000
0.45459500 3.58689000
0.45464500 3.58637000
0.45469500 3.58585000
0.45474500 3.58533000
0.45479500 3.58481000
0.45484500 3.58429000
0.45489500 3.58377000
0.45494500 3.58325000
0.45499500 3.58273000
0.45504600 3.58221000
0.45509600 3.58169000
0.45514600 3.58117000
0.45519600 3.58065000
0.45524600 3.58014000
0.45529600 3.57962000
0.45534600 3.57910000
0.45539600 3.57858000
0.45544600 3.57806000
0.45549600 3.57754000
0.45554600 3.57702000
0.45559600 3.57650000
0.45564600 3.57598000
0.45569600 3.57546000
0.45574600 3.57494000
0.45579600 3.57442000
0.45584600 3.57391000
0.45589600 3.57339000
0.45594600 3.57287000
0.45599600 3.57235000
0.45604600 3.57183000
0.45609600 3.57131000
0.45614600 3.57079000
0.45619600 3.57027000
0.45624600 3.56976000
0.45629600 3.56924000
0.45634600 3.56872000
0.45639600 3.56820000
0.45644600 3.56768000
0.45649600 3.56716000
0.45654600 3.56664000
0.45659600 3.56613000
0.45664600 3.56561000
0.45669600 3.56509000
0.45674600 3.56457000
0.45679600 3.56405000
0.45684600 3.56353000
0.45689600 3.56302000
0.45694600 3.56250000
0.45699600 3.56198000
0.45704600 3.56146000
0.45709600 3.56094000
0.45714600 3.56043000
0.45719600 3.55991000
0.45724600 3.55939000
0.45729600 3.55887000
0.45734600 3.55835000
0.45739600 3.55784000
0.45744600 3.55732000
0.45749600 3.55680000
0.45754600 3.55628000
0.45759600 3.55577000
0.45764600 3.55525000
0.45769600 3.55473000
0.45774600 3.55421000
0.45779600 3.55370000
0.45784600 3.55318000
0.45789600 3.55266000
0.45794600 3.55214000
0.45799600 3.55163000
0.45804600 3.55111000
0.45809600 3.55059000
0.45814600 3.55007000
0.45819600 3.54956000
0.45824600 3.54904000
0.45829600 3.54852000
0.45834600 3.54801000
0.45839600 3.54749000
0.45844600 3.54697000
0.45849600 3.54646000
0.45854600 3.54594000
0.45859600 3.54542000
0.45864600 3.54491000
0.45869600 3.54439000
0.45874600 3.54387000
0.45879600 3.54336000
0.45884600 3.54284000
0.45889600 3.54232000
0.45894600 3.54181000
0.45899600 3.54129000
0.45904600 3.54077000
0.45909600 3.54026000
0.45914600 3.53974000
0.45919600 3.53922000
0.45924600 3.53871000
0.45929600 3.53819000
0.45934600 3.53768000
0.45939600 3.53716000
0.45944600 3.53664000
0.45949600 3.53613000
0.45954600 3.53561000
0.45959600 3.53510000
0.45964600 3.53458000
0.45969600 3.53407000
0.45974600 3.53355000
0.45979600 3.53303000
0.45984600 3.53252000
0.45989600 3.53200000
0.45994600 3.53149000
0.45999600 3.53097000
0.46004600 3.53046000
0.46009600 3.52994000
0.46014600 3.52943000
0.46019600 3.52891000
0.46024600 3.52840000
0.46029600 3.52788000
0.46034600 3.52737000
0.46039600 3.52685000
0.46044600 3.52634000
0.46049600 3.52582000
0.46054600 3.52531000
0.46059600 3.52479000
0.46064600 3.52428000
0.46069600 3.52376000
0.46074600 3.52325000
0.46079600 3.52273000
0.46084600 3.52222000
0.46089600 3.52170000
0.46094600 3.52119000
0.46099600 3.52068000
0.46104600 3.52016000
0.46109600 3.51965000
0.46114600 3.51913000
0.46119600 3.51862000
0.46124600 3.51811000
0.46129600 3.51759000
0.46134600 3.51708000
0.46139600 3.51656000
0.46144600 3.51605000
0.46149600 3.51554000
0.46154600 3.51502000
0.46159600 3.51451000
0.46164600 3.51400000
0.46169600 3.51348000
0.46174600 3.51297000
0.46179600 3.51246000
0.46184600 3.51194000
0.46189600 3.51143000
0.46194600 3.51092000
0.46199600 3.51040000
0.46204600 3.50989000
0.46209600 3.50938000
0.46214600 3.50886000
0.46219600 3.50835000
0.46224600 3.50784000
0.46229600 3.50733000
0.46234600 3.50681000
0.46239600 3.50630000
0.46244600 3.50579000
0.46249600 3.50527000
0.46254600 3.50476000
0.46259600 3.50425000
0.46264600 3.50374000
0.46269600 3.50323000
0.46274600 3.50271000
0.46279600 3.50220000
0.46284600 3.50169000
0.46289600 3.50118000
0.46294600 3.50067000
0.46299600 3.50015000
0.46304600 3.49964000
0.46309600 3.49913000
0.46314600 3.49862000
0.46319600 3.49811000
0.46324600 3.49759000
0.46329600 3.49708000
0.46334600 3.49657000
0.46339600 3.49606000
0.46344600 3.49555000
0.46349600 3.49504000
0.46354600 3.49453000
0.46359600 3.49402000
0.46364600 3.49350000
0.46369600 3.49299000
0.46374600 3.49248000
0.46379600 3.49197000
0.46384600 3.49146000
0.46389600 3.49095000
0.46394600 3.49044000
0.46399600 3.48993000
0.46404600 3.48942000
0.46409600 3.48891000
0.46414600 3.48840000
0.46419600 3.48789000
0.46424600 3.48738000
0.46429600 3.48687000
0.46434600 3.48636000
0.46439600 3.48585000
0.46444600 3.48534000
0.46449600 3.48483000
0.46454600 3.48432000
0.46459600 3.48381000
0.46464600 3.48330000
0.46469600 3.48279000
0.46474600 3.48228000
0.46479600 3.48177000
0.46484600 3.48126000
0.46489600 3.48075000
0.46494600 3.48024000
0.46499600 3.47973000
0.46504700 3.47922000
0.46509700 3.47871000
0.46514700 3.47821000
0.46519700 3.47770000
0.46524700 3.47719000
0.46529700 3.47668000
0.46534700 3.47617000
0.46539700 3.47566000
0.46544700 3.47515000
0.46549700 3.47465000
0.46554700 3.47414000
0.46559700 3.47363000
0.46564700 3.47312000
0.46569700 3.47261000
0.46574700 3.47210000
0.46579700 3.47160000
0.46584700 3.47109000
0.46589700 3.47058000
0.46594700 3.47007000
0.46599700 3.46957000
0.46604700 3.46906000
0.46609700 3.46855000
0.46614700 3.46804000
0.46619700 3.46754000
0.46624700 3.46703000
0.46629700 3.46652000
0.46634700 3.46601000
0.46639700 3.46551000
0.46644700 3.46500000
0.46649700 3.46449000
0.46654700 3.46399000
0.46659700 3.46348000
0.46664700 3.46297000
0.46669700 3.46247000
0.46674700 3.46196000
0.46679700 3.46145000
0.46684700 3.46095000
0.46689700 3.46044000
0.46694700 3.45993000
0.46699700 3.45943000
0.46704700 3.45892000
0.46709700 3.45842000
0.46714700 3.45791000
0.46719700 3.45740000
0.46724700 3.45690000
0.46729700 3.45639000
0.46734700 3.45589000
0.46739700 3.45538000
0.46744700 3.45488000
0.46749700 3.45437000
0.46754700 3.45387000
0.46759700 3.45336000
0.46764700 3.45286000
0.46769700 3.45235000
0.46774700 3.45185000
0.46779700 3.45134000
0.46784700 3.45084000
0.46789700 3.45033000
0.46794700 3.44983000
0.46799700 3.44932000
0.46804700 3.44882000
0.46809700 3.44831000
0.46814700 3.44781000
0.46819700 3.44731000
0.46824700 3.44680000
0.46829700 3.44630000
0.46834700 3.44579000
0.46839700 3.44529000
0.46844700 3.44479000
0.46849700 3.44428000
0.46854700 3.44378000
0.46859700 3.44328000
0.46864700 3.44277000
0.46869700 3.44227000
0.46874700 3.44177000
0.46879700 3.44126000
0.46884700 3.44076000
0.46889700 3.44026000
0.46894700 3.43975000
0.46899700 3.43925000
0.46904700 3.43875000
0.46909700 3.43825000
0.46914700 3.43774000
0.46919700 3.43724000
0.46924700 3.43674000
0.46929700 3.43624000
0.46934700 3.43573000
0.46939700 3.43523000
0.46944700 3.43473000
0.46949700 3.43423000
0.46954700 3.43373000
0.46959700 3.43323000
0.46964700 3.43272000
0.46969700 3.43222000
0.46974700 3.43172000
0.46979700 3.43122000
0.46984700 3.43072000
0.46989700 3.43022000
0.46994700 3.42972000
0.46999700 3.42921000
0.47004700 3.42871000
0.47009700 3.42821000
0.47014700 3.42771000
0.47019700 3.42721000
0.47024700 3.42671000
0.47029700 3.42621000
0.47034700 3.42571000
0.47039700 3.42521000
0.47044700 3.42471000
0.47049700 3.42421000
0.47054700 3.42371000
0.47059700 3.42321000
0.47064700 3.42271000
0.47069700 3.42221000
0.47074700 3.42171000
0.47079700 3.42121000
0.47084700 3.42071000
0.47089700 3.42021000
0.47094700 3.41971000
0.47099700 3.41921000
0.47104700 3.41871000
0.47109700 3.41822000
0.47114700 3.41772000
0.47119700 3.41722000
0.47124700 3.41672000
0.47129700 3.41622000
0.47134700 3.41572000
0.47139700 3.41522000
0.47144700 3.41473000
0.47149700 3.41423000
0.47154700 3.41373000
0.47159700 3.41323000
0.47164700 3.41273000
0.47169700 3.41224000
0.47174700 3.41174000
0.47179700 3.41124000
0.47184700 3.41074000
0.47189700 3.41025000
0.47194700 3.40975000
0.47199700 3.40925000
0.47204700 3.40875000
0.47209700 3.40826000
0.47214700 3.40776000
0.47219700 3.40726000
0.47224700 3.40677000
0.47229700 3.40627000
0.47234700 3.40577000
0.47239700 3.40528000
0.47244700 3.40478000
0.47249700 3.40428000
0.47254700 3.40379000
0.47259700 3.40329000
0.47264700 3.40280000
0.47269700 3.40230000
0.47274700 3.40180000
0.47279700 3.40131000
0.47284700 3.40081000
0.47289700 3.40032000
0.47294700 3.39982000
0.47299700 3.39933000
0.47304700 3.39883000
0.47309700 3.39834000
0.47314700 3.39784000
0.47319700 3.39735000
0.47324700 3.39685000
0.47329700 3.39636000
0.47334700 3.39586000
0.47339700 3.39537000
0.47344700 3.39487000
0.47349700 3.39438000
0.47354700 3.39389000
0.47359700 3.39339000
0.47364700 3.39290000
0.47369700 3.39240000
0.47374700 3.39191000
0.47379700 3.39142000
0.47384700 3.39092000
0.47389700 3.39043000
0.47394700 3.38994000
0.47399700 3.38944000
0.47404700 3.38895000
0.47409700 3.38846000
0.47414700 3.38796000
0.47419700 3.38747000
0.47424700 3.38698000
0.47429700 3.38649000
0.47434700 3.38599000
0.47439700 3.38550000
0.47444700 3.38501000
0.47449700 3.38452000
0.47454700 3.38403000
0.47459700 3.38353000
0.47464700 3.38304000
0.47469700 3.38255000
0.47474700 3.38206000
0.47479700 3.38157000
0.47484700 3.38108000
0.47489700 3.38058000
0.47494700 3.38009000
0.47499700 3.37960000
0.47504800 3.37911000
0.47509800 3.37862000
0.47514800 3.37813000
0.47519800 3.37764000
0.47524800 3.37715000
0.47529800 3.37666000
0.47534800 3.37617000
0.47539800 3.37568000
0.47544800 3.37519000
0.47549800 3.37470000
0.47554800 3.37421000
0.47559800 3.37372000
0.47564800 3.37323000
0.47569800 3.37274000
0.47574800 3.37225000
0.47579800 3.37176000
0.47584800 3.37127000
0.47589800 3.37078000
0.47594800 3.37029000
0.47599800 3.36980000
0.47604800 3.36931000
0.47609800 3.36883000
0.47614800 3.36834000
0.47619800 3.36785000
0.47624800 3.36736000
0.47629800 3.36687000
0.47634800 3.36638000
0.47639800 3.36590000
0.47644800 3.36541000
0.47649800 3.36492000
0.47654800 3.36443000
0.47659800 3.36395000
0.47664800 3.36346000
0.47669800 3.36297000
0.47674800 3.36248000
0.47679800 3.36200000
0.47684800 3.36151000
0.47689800 3.36102000
0.47694800 3.36054000
0.47699800 3.36005000
0.47704800 3.35956000
0.47709800 3.35908000
0.47714800 3.35859000
0.47719800 3.35810000
0.47724800 3.35762000
0.47729800 3.35713000
0.47734800 3.35665000
0.47739800 3.35616000
0.47744800 3.35567000
0.47749800 3.35519000
0.47754800 3.35470000
0.47759800 3.35422000
0.47764800 3.35373000
0.47769800 3.35325000
0.47774800 3.35276000
0.47779800 3.35228000
0.47784800 3.35179000
0.47789800 3.35131000
0.47794800 3.35082000
0.47799800 3.35034000
0.47804800 3.34986000
0.47809800 3.34937000
0.47814800 3.34889000
0.47819800 3.34840000
0.47824800 3.34792000
0.47829800 3.34744000
0.47834800 3.34695000
0.47839800 3.34647000
0.47844800 3.34599000
0.47849800 3.34550000
0.47854800 3.34502000
0.47859800 3.34454000
0.47864800 3.34405000
0.47869800 3.34357000
0.47874800 3.34309000
0.47879800 3.34261000
0.47884800 3.34212000
0.47889800 3.34164000
0.47894800 3.34116000
0.47899800 3.34068000
0.47904800 3.34020000
0.47909800 3.33971000
0.47914800 3.33923000
0.47919800 3.33875000
0.47924800 3.33827000
0.47929800 3.33779000
0.47934800 3.33731000
0.47939800 3.33683000
0.47944800 3.33635000
0.47949800 3.33587000
0.47954800 3.33538000
0.47959800 3.33490000
0.47964800 3.33442000
0.47969800 3.33394000
0.47974800 3.33346000
0.47979800 3.33298000
0.47984800 3.33250000
0.47989800 3.33202000
0.47994800 3.33154000
0.47999800 3.33106000
0.48004800 3.33058000
0.48009800 3.33011000
0.48014800 3.32963000
0.48019800 3.32915000
0.48024800 3.32867000
0.48029800 3.32819000
0.48034800 3.32771000
0.48039800 3.32723000
0.48044800 3.32675000
0.48049800 3.32628000
0.48054800 3.32580000
0.48059800 3.32532000
0.48064800 3.32484000
0.48069800 3.32436000
0.48074800 3.32389000
0.48079800 3.32341000
0.48084800 3.32293000
0.48089800 3.32245000
0.48094800 3.32198000
0.48099800 3.32150000
0.48104800 3.32102000
0.48109800 3.32055000
0.48114800 3.32007000
0.48119800 3.31959000
0.48124800 3.31912000
0.48129800 3.31864000
0.48134800 3.31816000
0.48139800 3.31769000
0.48144800 3.31721000
0.48149800 3.31674000
0.48154800 3.31626000
0.48159800 3.31578000
0.48164800 3.31531000
0.48169800 3.31483000
0.48174800 3.31436000
0.48179800 3.31388000
0.48184800 3.31341000
0.48189800 3.31293000
0.48194800 3.31246000
0.48199800 3.31198000
0.48204800 3.31151000
0.48209800 3.31104000
0.48214800 3.31056000
0.48219800 3.31009000
0.48224800 3.30961000
0.48229800 3.30914000
0.48234800 3.30867000
0.48239800 3.30819000
0.48244800 3.30772000
0.48249800 3.30725000
0.48254800 3.30677000
0.48259800 3.30630000
0.48264800 3.30583000
0.48269800 3.30535000
0.48274800 3.30488000
0.48279800 3.30441000
0.48284800 3.30394000
0.48289800 3.30347000
0.48294800 3.30299000
0.48299800 3.30252000
0.48304800 3.30205000
0.48309800 3.30158000
0.48314800 3.30111000
0.48319800 3.30064000
0.48324800 3.30016000
0.48329800 3.29969000
0.48334800 3.29922000
0.48339800 3.29875000
0.48344800 3.29828000
0.48349800 3.29781000
0.48354800 3.29734000
0.48359800 3.29687000
0.48364800 3.29640000
0.48369800 3.29593000
0.48374800 3.29546000
0.48379800 3.29499000
0.48384800 3.29452000
0.48389800 3.29405000
0.48394800 3.29358000
0.48399800 3.29311000
0.48404800 3.29264000
0.48409800 3.29217000
0.48414800 3.29170000
0.48419800 3.29123000
0.48424800 3.29077000
0.48429800 3.29030000
0.48434800 3.28983000
0.48439800 3.28936000
0.48444800 3.28889000
0.48449800 3.28843000
0.48454800 3.28796000
0.48459800 3.28749000
0.48464800 3.28702000
0.48469800 3.28655000
0.48474800 3.28609000
0.48479800 3.28562000
0.48484800 3.28515000
0.48489800 3.28469000
0.48494800 3.28422000
0.48499800 3.28375000
0.48504900 3.28329000
0.48509900 3.28282000
0.48514900 3.28235000
0.48519900 3.28189000
0.48524900 3.28142000
0.48529900 3.28096000
0.48534900 3.28049000
0.48539900 3.28003000
0.48544900 3.27956000
0.48549900 3.27909000
0.48554900 3.27863000
0.48559900 3.27816000
0.48564900 3.27770000
0.48569900 3.27724000
0.48574900 3.27677000
0.48579900 3.27631000
0.48584900 3.27584000
0.48589900 3.27538000
0.48594900 3.27491000
0.48599900 3.27445000
0.48604900 3.27399000
0.48609900 3.27352000
0.48614900 3.27306000
0.48619900 3.27260000
0.48624900 3.27213000
0.48629900 3.27167000
0.48634900 3.27121000
0.48639900 3.27074000
0.48644900 3.27028000
0.48649900 3.26982000
0.48654900 3.26936000
0.48659900 3.26889000
0.48664900 3.26843000
0.48669900 3.26797000
0.48674900 3.26751000
0.48679900 3.26705000
0.48684900 3.26659000
0.48689900 3.26612000
0.48694900 3.26566000
0.48699900 3.26520000
0.48704900 3.26474000
0.48709900 3.26428000
0.48714900 3.26382000
0.48719900 3.26336000
0.48724900 3.26290000
0.48729900 3.26244000
0.48734900 3.26198000
0.48739900 3.26152000
0.48744900 3.26106000
0.48749900 3.26060000
0.48754900 3.26014000
0.48759900 3.25968000
0.48764900 3.25922000
0.48769900 3.25876000
0.48774900 3.25830000
0.48779900 3.25785000
0.48784900 3.25739000
0.48789900 3.25693000
0.48794900 3.25647000
0.48799900 3.25601000
0.48804900 3.25555000
0.48809900 3.25510000
0.48814900 3.25464000
0.48819900 3.25418000
0.48824900 3.25372000
0.48829900 3.25327000
0.48834900 3.25281000
0.48839900 3.25235000
0.48844900 3.25189000
0.48849900 3.25144000
0.48854900 3.25098000
0.48859900 3.25052000
0.48864900 3.25007000
0.48869900 3.24961000
0.48874900 3.24916000
0.48879900 3.24870000
0.48884900 3.24824000
0.48889900 3.24779000
0.48894900 3.24733000
0.48899900 3.24688000
0.48904900 3.24642000
0.48909900 3.24597000
0.48914900 3.24551000
0.48919900 3.24506000
0.48924900 3.24460000
0.48929900 3.24415000
0.48934900 3.24369000
0.48939900 3.24324000
0.48944900 3.24279000
0.48949900 3.24233000
0.48954900 3.24188000
0.48959900 3.24143000
0.48964900 3.24097000
0.48969900 3.24052000
0.48974900 3.24007000
0.48979900 3.23961000
0.48984900 3.23916000
0.48989900 3.23871000
0.48994900 3.23825000
0.48999900 3.23780000
0.49004900 3.23735000
0.49009900 3.23690000
0.49014900 3.23645000
0.49019900 3.23599000
0.49024900 3.23554000
0.49029900 3.23509000
0.49034900 3.23464000
0.49039900 3.23419000
0.49044900 3.23374000
0.49049900 3.23329000
0.49054900 3.23284000
0.49059900 3.23239000
0.49064900 3.23194000
0.49069900 3.23149000
0.49074900 3.23103000
0.49079900 3.23058000
0.49084900 3.23014000
0.49089900 3.22969000
0.49094900 3.22924000
0.49099900 3.22879000
0.49104900 3.22834000
0.49109900 3.22789000
0.49114900 3.22744000
0.49119900 3.22699000
0.49124900 3.22654000
0.49129900 3.22609000
0.49134900 3.22564000
0.49139900 3.22520000
0.49144900 3.22475000
0.49149900 3.22430000
0.49154900 3.22385000
0.49159900 3.22341000
0.49164900 3.22296000
0.49169900 3.22251000
0.49174900 3.22206000
0.49179900 3.22162000
0.49184900 3.22117000
0.49189900 3.22072000
0.49194900 3.22028000
0.49199900 3.21983000
0.49204900 3.21938000
0.49209900 3.21894000
0.49214900 3.21849000
0.49219900 3.21805000
0.49224900 3.21760000
0.49229900 3.21716000
0.49234900 3.21671000
0.49239900 3.21626000
0.49244900 3.21582000
0.49249900 3.21537000
0.49254900 3.21493000
0.49259900 3.21449000
0.49264900 3.21404000
0.49269900 3.21360000
0.49274900 3.21315000
0.49279900 3.21271000
0.49284900 3.21227000
0.49289900 3.21182000
0.49294900 3.21138000
0.49299900 3.21093000
0.49304900 3.21049000
0.49309900 3.21005000
0.49314900 3.20961000
0.49319900 3.20916000
0.49324900 3.20872000
0.49329900 3.20828000
0.49334900 3.20784000
0.49339900 3.20739000
0.49344900 3.20695000
0.49349900 3.20651000
0.49354900 3.20607000
0.49359900 3.20563000
0.49364900 3.20519000
0.49369900 3.20474000
0.49374900 3.20430000
0.49379900 3.20386000
0.49384900 3.20342000
0.49389900 3.20298000
0.49394900 3.20254000
0.49399900 3.20210000
0.49404900 3.20166000
0.49409900 3.20122000
0.49414900 3.20078000
0.49419900 3.20034000
0.49424900 3.19990000
0.49429900 3.19946000
0.49434900 3.19902000
0.49439900 3.19859000
0.49444900 3.19815000
0.49449900 3.19771000
0.49454900 3.19727000
0.49459900 3.19683000
0.49464900 3.19639000
0.49469900 3.19595000
0.49474900 3.19552000
0.49479900 3.19508000
0.49484900 3.19464000
0.49489900 3.19420000
0.49494900 3.19377000
0.49499900 3.19333000
0.49505000 3.19289000
0.49510000 3.19246000
0.49515000 3.19202000
0.49520000 3.19158000
0.49525000 3.19115000
0.49530000 3.19071000
0.49535000 3.19027000
0.49540000 3.18984000
0.49545000 3.18940000
0.49550000 3.18897000
0.49555000 3.18853000
0.49560000 3.18810000
0.49565000 3.18766000
0.49570000 3.18723000
0.49575000 3.18679000
0.49580000 3.18636000
0.49585000 3.18592000
0.49590000 3.18549000
0.49595000 3.18506000
0.49600000 3.18462000
0.49605000 3.18419000
0.49610000 3.18375000
0.49615000 3.18332000
0.49620000 3.18289000
0.49625000 3.18245000
0.49630000 3.18202000
0.49635000 3.18159000
0.49640000 3.18116000
0.49645000 3.18072000
0.49650000 3.18029000
0.49655000 3.17986000
0.49660000 3.17943000
0.49665000 3.17900000
0.49670000 3.17856000
0.49675000 3.17813000
0.49680000 3.17770000
0.49685000 3.17727000
0.49690000 3.17684000
0.49695000 3.17641000
0.49700000 3.17598000
0.49705000 3.17555000
0.49710000 3.17512000
0.49715000 3.17469000
0.49720000 3.17426000
0.49725000 3.17383000
0.49730000 3.17340000
0.49735000 3.17297000
0.49740000 3.17254000
0.49745000 3.17211000
0.49750000 3.17168000
0.49755000 3.17125000
0.49760000 3.17082000
0.49765000 3.17039000
0.49770000 3.16996000
0.49775000 3.16954000
0.49780000 3.16911000
0.49785000 3.16868000
0.49790000 3.16825000
0.49795000 3.16783000
0.49800000 3.16740000
0.49805000 3.16697000
0.49810000 3.16654000
0.49815000 3.16612000
0.49820000 3.16569000
0.49825000 3.16526000
0.49830000 3.16484000
0.49835000 3.16441000
0.49840000 3.16398000
0.49845000 3.16356000
0.49850000 3.16313000
0.49855000 3.16271000
0.49860000 3.16228000
0.49865000 3.16186000
0.49870000 3.16143000
0.49875000 3.16101000
0.49880000 3.16058000
0.49885000 3.16016000
0.49890000 3.15973000
0.49895000 3.15931000
0.49900000 3.15888000
0.49905000 3.15846000
0.49910000 3.15804000
0.49915000 3.15761000
0.49920000 3.15719000
0.49925000 3.15676000
0.49930000 3.15634000
0.49935000 3.15592000
0.49940000 3.15550000
0.49945000 3.15507000
0.49950000 3.15465000
0.49955000 3.15423000
0.49960000 3.15381000
0.49965000 3.15338000
0.49970000 3.15296000
0.49975000 3.15254000
0.49980000 3.15212000
0.49985000 3.15170000
0.49990000 3.15128000
0.49995000 3.15086000
0.50000000 3.15043000
